aah	a cry of delight
aardvark	a burrowing african animal
aba	a loose woven robe
aback	taken by surprise
abacus	a bead-counting frame
abalone	an edible sea snail
abandon	a total lack of restraint
abandonment	leaving something behind
abate	to become less intense
abatement	a lessening or reduction
abattoir	a slaughterhouse
abaya	a long loose robe
abbe	a french clergyman
abbess	a convent leader
abbey	a monastery building
abbot	a monastery leader
abbreviate	to shorten a word
abbreviated	made shorter than usual
abbreviation	a shortened word
abdicate	to give up a throne
abdication	giving up a throne
abdomen	the belly
abdominal	relating to the belly
abduct	to take by force
abducting	taking someone away by force
abduction	the act of kidnapping someone
abductor	someone who kidnaps another person
abed	lying in bed
aberrant	different from what is normal
aberration	something unusual or unexpected
abet	to help someone do wrong
abeyance	a temporary pause or suspension
abhor	to hate something strongly
abhorrence	a strong feeling of hatred
abhorrent	causing strong hatred or disgust
abide	to put up with something
abiding	lasting for a long time
abject	extremely bad or hopeless
ablation	removal of tissue
ablative	relating to wearing away
ablaze	on fire
ableism	unfair treatment of disabled people
ablution	the act of washing oneself
ably	in a skillful way
abnegation	giving up one's own desires
abnormal	not normal or usual
abnormality	something not normal
abnormally	not normally
aboard	on a vehicle
abode	a place where someone lives
abolish	to officially end something
abolishment	the official ending of something
abolition	official ending of a practice
abolitionism	the movement to end slavery
abolitionist	an anti-slavery advocate
abominable	very unpleasant or bad
abomination	something viewed with disgust
aboriginal	native from earliest times
aborigine	an original native
abort	to stop early
abortion	early ending of a pregnancy
abortive	failing to succeed
abound	to exist in large numbers
abounding	existing in large numbers
aboveground	located above the earth's surface
abracadabra	a magic word
abrasion	a skin scrape
abrasive	rough and harsh
abreast	side by side and level
abridged	shortened in length
abrogate	to officially cancel a rule
abrogation	official cancelling of a rule
abrupt	sudden and unexpected
abruptly	suddenly
abscess	a pus-filled swelling
abscond	to leave secretly and quickly
absent	not present in a place
absentee	someone not present
absenteeism	frequently being away from work
absentmindedly	without paying attention
absinthe	a strong green alcoholic drink
absolution	forgiveness for wrongdoing
absolutism	rule with total unlimited power
absolutist	believing in total unlimited power
absolve	to free someone from blame
absolved	freed from blame or guilt
absorb	to soak up a liquid
absorbable	able to be soaked up
absorbance	light soaked up
absorbed	fully soaked up or engrossed
absorbent	soaking up liquid
absorber	something that soaks up impact
absorbing	very interesting and engaging
absorption	soaking something up
abstain	to choose not to
abstention	a choice not to vote
abstinence	the practice of avoiding something
abstinent	choosing to avoid something
abstract	existing only as an idea
abstracted	lost in thought
abstraction	an idea, not a thing
abstractly	in terms of ideas
abstruse	hard to understand
absurd	completely unreasonable or silly
absurdity	something completely unreasonable
absurdly	in a ridiculous way
abundance	a very large amount
abundant	existing in large amounts
abundantly	in great amounts
abused	treated badly or harmed
abuser	a person who mistreats someone
abusive	cruel and harmful in behavior
abut	to be next to something
abutment	a touching support
abuzz	full of excitement or activity
aby	to pay the price
abysmal	extremely bad
abysmally	extremely badly
abyss	a very deep hole
abyssal	relating to great ocean depths
acacia	a thorny flowering tree
academe	the world of scholars
academia	the world of research
academically	related to schoolwork
academician	a learned society member
acanthus	a plant with spiky leaves
accede	to agree to a request
accelerate	to speed up
accelerated	made to go faster
acceleration	an increase in speed
accelerator	a device that increases speed
accelerometer	a device measuring speed change
accent	a way of pronouncing words
accented	spoken with a distinct pronunciation
accentuate	to make something more noticeable
acceptability	the quality of being acceptable
acceptable	good enough to be allowed
acceptably	well enough
acceptance	agreeing to receive something
accepting	willing to allow
acceptor	a receiver of something
accessibility	ease of reaching
accessible	easy to reach or use
accession	taking up a position
accessory	added as a helpful extra
accidental	happening by chance
accidentally	without meaning to
acclaim	praise for an achievement
acclamation	loud approval or praise
acclimate	to adjust to new surroundings
acclimation	adjusting to new conditions
acclimatization	getting used to a new place
accolade	an award for achievement
accommodate	to provide space for
accommodating	willing to help or adjust
accommodation	a place to stay
accommodative	willing to adjust
accompanied	joined by someone or something
accompaniment	supporting music
accompanist	a supporting musician
accompany	to go along with someone
accompanying	going along with something else
accomplice	a partner in a crime
accomplish	to succeed in doing something
accomplished	skilled and successful
accomplishment	something achieved through effort
accord	an official agreement
accordance	agreement with a rule
accordingly	fittingly
accordion	a bellows instrument
accountability	responsibility for one's actions
accountable	responsible for one's actions
accountancy	financial record-keeping
accountant	a financial record-keeper
accounting	the recording of money matters
accredit	to officially recognize as qualified
accreditation	official recognition of quality
accredited	officially recognized as qualified
accretion	a gradual buildup of material
accrual	gradual buildup owed
accrue	to build up over time
accrued	gradually built up over time
acculturation	adopting a different culture's customs
accumulate	to gather over time
accumulated	gathered together over time
accumulation	a gathered mass
accumulator	a device that stores something
accuracy	correctness
accurately	correctly
accursed	under a curse
accusation	a claim of wrongdoing
accusative	relating to blaming someone
accusatory	suggesting someone did wrong
accuse	to claim wrongdoing
accuser	a person who blames someone
accusing	suggesting someone did wrong
accustom	to make familiar with something
accustomed	familiar through habit
ace	extremely skilled
acerbic	sharply critical or bitter
acetaldehyde	an industrial chemical
acetaminophen	a common pain-relieving medicine
acetate	a fabric chemical
acetic	relating to vinegar
acetone	a strong-smelling solvent chemical
acetyl	an organic chemical group
acetylation	adding an acetyl group
acetylcholine	a nerve-signal chemical
acetylene	a welding gas
ache	a dull continuous pain
achievable	able to be accomplished
achiever	a successful person
aching	feeling a dull continuous pain
achy	feeling sore all over
acidic	containing or like acid
acidification	becoming more acidic
acidity	acid level
acidosis	excess body acid
acknowledge	to admit as true
acknowledged	recognized or admitted as true
acknowledgement	a statement recognizing something
acknowledgment	a statement recognizing something
acme	the highest point of achievement
acne	a skin condition causing pimples
acolyte	a devoted follower or assistant
acorn	an oak nut
acoustic	relating to sound or hearing
acoustical	relating to sound
acoustically	related to sound
acoustics	sound qualities of a space
acquaint	to make familiar with something
acquaintance	a person one knows slightly
acquainted	familiar with something
acquiesce	to agree without protest
acquiescence	quiet agreement without protest
acquire	to get or obtain something
acquirer	an obtainer of something
acquiring	getting or obtaining something
acquisition	something that has been obtained
acquisitive	eager to gain more possessions
acquit	to declare someone not guilty
acquittal	a not-guilty verdict
acquitted	declared not guilty
acre	a unit of land area
acreage	land area size
acres	units of land area
acrid	having a harsh, bitter smell
acrimonious	angry and bitter in tone
acrimony	bitterness and anger
acrobat	a daring performer
acrobatic	involving skillful and daring movement
acrobatics	skillful and daring physical stunts
acronym	a word from initials
acropolis	a fortified hilltop city
acrostic	a first-letter spelling poem
acrylamide	a chemical used in industry
acrylate	a plastic-making chemical
acrylic	a synthetic material or paint
acrylonitrile	a plastic-making chemical
actin	a muscle protein
actionable	able to be acted upon
activate	to make something start working
activated	made to start working
activating	causing something to start working
activation	the process of starting something
activator	something that starts a process
actively	energetically
activewear	clothing worn for exercise
activism	work for social change
activist	promoting social or political change
actuality	the real state of things
actualization	making something real
actualize	to make something become real
actuarial	relating to statistical risk calculation
actuary	a financial risk calculator
actuate	to move a mechanism
actuated	caused to move or start
actuation	the process of causing movement
actuator	a device that causes movement
acuity	sharpness of thought or sense
acumen	sharp judgment and understanding
acupressure	pressure-point healing
acupuncture	needle healing
acute	sudden and severe
acutely	very sharply or intensely
acyclic	not forming a closed loop
acyclovir	a medicine used against viruses
acyl	an organic chemical group
adage	a wise old saying
adagio	played slowly in music
adamant	firmly unyielding
adamantine	extremely hard and unyielding
adamantly	in a firmly determined way
adapt	to adjust to conditions
adaptability	ability to adjust
adaptable	able to adjust
adaptation	a fitting change
adapted	changed to suit new conditions
adapter	a connecting device
adaption	a fitting change
adaptive	able to adjust
adaptor	a connecting device
addendum	an added section
adder	a small poisonous snake
addict	a habit-bound person
addicted	unable to stop a habit
addiction	being unable to stop a habit
addictive	hard to stop, habit-forming
additionally	as an extra point
additive	a substance added to something
addled	confused
addressable	able to be reached
addressed	dealt with or spoken to
addressee	a letter's recipient
adduct	a combined compound
adductor	an inward-pulling muscle
ade	a sweetened fruit drink
adenine	a building block of dna
adenocarcinoma	a cancer of glandular tissue
adenoma	a benign gland growth
adenosine	a cell compound
adenovirus	a cold-causing virus
adept	very skilled at something
adequacy	the state of being enough
adequate	enough for what is needed
adequately	sufficiently
adhere	to stick firmly
adherence	sticking to a rule
adherent	a firm supporter
adhesion	sticking together
adhesive	sticky
adiabatic	occurring without heat exchange
adieu	a farewell
adios	a farewell
adipose	relating to body fat
adit	a mine entrance
adjacency	being next to something
adjacent	next to or touching something
adjectival	acting like a describing word
adjective	a noun-describing word
adjourn	to pause a meeting
adjournment	a pause in proceedings
adjudicate	to make an official judgment
adjudication	an official judgment or decision
adjudicator	an official judge
adjunct	added as an extra
adjunctive	helping the main treatment
adjust	to change slightly
adjustable	changeable to fit
adjusted	changed slightly to fit better
adjuster	an insurance claim settler
adjustment	a small fitting change
adjutant	a military officer's assistant
adjuvant	helping a main treatment
administer	to manage and carry out
administratively	related to management
administrator	an organization manager
admirable	deserving respect and approval
admirably	in a way deserving respect
admiral	a high-ranking naval officer
admiralty	the authority governing naval matters
admiration	a feeling of great respect
admire	to regard someone with respect
admired	regarded with great respect
admirer	a respectful fan
admiringly	respectfully
admissibility	whether allowed as evidence
admissible	allowed to be accepted
admission	acceptance into a group
admittance	permission to enter
admittedly	as must be honestly acknowledged
admixture	a mixture of different things
admonish	to gently scold someone
admonishing	gently scolding someone
admonishment	a gentle scolding
admonition	a gentle warning or scolding
ado	fuss or bother
adobe	a sun-dried clay brick
adobo	a spicy marinade or sauce
adolescence	growing into adulthood
adolescent	a young growing person
adonis	a very handsome young man
adopt	to take on as one's own
adoptable	able to be taken in
adoptee	an adopted person
adopter	one who takes something up
adoption	taking a child as one's own
adoptive	related through adoption
adorable	very sweet and lovable
adorably	very sweetly
adoration	deep love and admiration
adore	to love someone deeply
adored	loved deeply
adoring	showing deep love and admiration
adorn	to decorate something
adorned	decorated with ornaments
adornment	a decoration added to something
adrenal	relating to kidney-top glands
adrenaline	a body-speeding hormone
adrenergic	relating to adrenaline's effects
adrift	floating without control
adroit	skillful and clever
adroitly	in a skillful way
adsorbent	sticking particles to itself
adsorption	sticking to a surface
adulation	excessive praise and admiration
adulterated	made impure by adding something
adulteration	making something impure
adulterer	a married person who cheats
adulteress	a married woman who cheats
adulterous	involving cheating on a spouse
adultery	cheating on one's spouse
adulthood	being an adult
adulting	doing responsible adult tasks
advancement	forward progress or promotion
advancing	moving forward
advantageous	giving a benefit or edge
advantageously	in a beneficial way
advent	the arrival of something important
adventurer	someone who seeks exciting experiences
adventurous	willing to take risks
adverb	a word describing an action
adverbial	relating to describing an action
adversary	an opponent or enemy
adverse	harmful or unfavorable
adversely	in a harmful way
adversity	great difficulty or hardship
advert	a short advertisement
advertise	to promote something publicly
advertised	publicly promoted
advertisement	a public promotion of something
advertiser	someone who promotes products
advisable	sensible and worth doing
advise	to give guidance or suggestions
advised	given guidance or warning
advisement	careful consideration
adviser	someone who gives guidance
advisor	someone who gives guidance
advisory	giving guidance or warning
advocacy	public support for a cause
advocate	a cause supporter
aegis	protection or support
aeon	an extremely long time
aerated	filled with air or gas
aeration	adding air into something
aerial	relating to the sky
aerie	a nest built high up
aerobatics	stunt flying in an aircraft
aerobic	needing oxygen to work
aerobics	energetic exercise for fitness
aerodrome	a small airport
aerodynamic	shaped for smooth airflow
aerodynamics	the study of airflow
aeronautical	relating to aircraft flight
aeronautics	the science of aircraft flight
aeroplane	a flying vehicle with wings
aerosol	a spray-mist can
aerospace	relating to aircraft and spacecraft
aesthetic	relating to beauty
aesthetically	in a visually pleasing way
aesthetics	the study of beauty
aether	the clear upper sky
afar	from a great distance
affable	friendly and easy to talk to
affaire	a secret romantic relationship
affectation	an unnatural way of behaving
affecting	causing strong emotion
affection	fond and tender feelings
affectionate	showing warm fondness
affectionately	in a loving way
affective	relating to emotions
afferent	carrying signals toward a center
affidavit	a written sworn statement
affiliate	a connected organization or member
affiliated	officially connected with a group
affiliation	an official connection
affine	closely related or similar
affinity	a natural liking or connection
affirm	to state firmly
affirmation	a firm true statement
affirmative	agreeing or saying yes
affirmatively	saying yes
affix	a word-ending addition
affixed	attached firmly
afflict	to cause suffering to
afflicted	suffering from illness
affliction	a cause of great suffering
affluence	great wealth
affluent	having a lot of money
affordable	reasonably priced
afforestation	planting new forests
affray	a noisy public fight
affront	an open insult
afghan	a knitted blanket
afghani	the currency of afghanistan
aficionado	a devoted fan of something
afield	far from home
afire	on fire
aflame	burning brightly
afloat	staying on top of water
afoot	happening or in progress
aforementioned	mentioned earlier
aforesaid	said or named before
afoul	in trouble with something
afresh	starting again, anew
aft	toward a ship's back
afterbirth	tissue expelled after childbirth
afterburner	a jet power booster
aftercare	care given after treatment
afterglow	soft light after sunset
afterlife	life after death
aftermath	the result following a bad event
afters	dessert after a meal
aftershock	a smaller following earthquake
aftertaste	a taste left after eating
afterthought	something added later, not planned
afterward	at a later time
agape	wide open in surprise
agar	a bacteria-growing jelly
agate	a colorful banded stone
agave	a spiky desert plant
ageing	growing older
ageism	unfair treatment based on age
ageless	never seeming to grow old
agglomeration	a clustered mass
aggrandizement	making oneself seem more important
aggravate	to make a problem worse
aggravated	made worse or more serious
aggravating	making something worse or annoying
aggravation	something that makes things worse
aggregate	combined into a total
aggregated	gathered into one whole
aggregation	a collection gathered together
aggregator	something that collects and combines
aggression	hostile or forceful behavior
aggressively	in a forceful, hostile way
aggressiveness	forceful, hostile behavior
aggressor	the one who attacks first
aggro	aggressive trouble or hostility
aghast	shocked and horrified
agile	quick and nimble
agility	the ability to move quickly
aging	growing older
agitate	to stir up or upset
agitated	nervous and upset
agitating	causing worry or unrest
agitation	a state of nervous unrest
agitator	someone who stirs up trouble
agitprop	propaganda promoting a political cause
aglow	shining softly
agnostic	unsure whether god exists
agnosticism	belief god's existence is unknown
agog	very eager and curious
agon	a contest or struggle
agonising	causing great pain or worry
agonist	an effect-producing muscle or drug
agonize	to worry intensely
agonized	full of great worry
agonizing	causing intense pain or worry
agonizingly	in an intensely painful way
agony	extreme pain or suffering
agora	an ancient public marketplace
agoraphobia	fear of open spaces
agoraphobic	afraid of open spaces
agrarian	relating to farming and land
agreeable	pleasant to get along with
agreeableness	the quality of being pleasant
agreeably	in a pleasant way
agribusiness	large-scale farming as a business
agronomic	relating to farming science
agronomist	a scientist who studies farming
agronomy	the science of farming
aground	stuck in shallow water
agua	water
ahem	an attention-getting sound
ahimsa	the principle of nonviolence
ahistorical	ignoring historical context
aide	a helper or assistant
aided	helped or assisted
aikido	a japanese martial art
ail	an illness or complaint
aileron	a wing control flap
ailing	sick or unwell
ailment	a minor illness
aimless	without any clear purpose
aimlessly	without any clear purpose
ain	own, belonging to oneself
aioli	a garlic mayonnaise sauce
airborne	carried through the air
airbrush	a fine paint sprayer
airbus	a large passenger aircraft
aircrew	the staff operating an aircraft
airdrop	supplies dropped from a plane
aired	broadcast on television or radio
airfare	a plane ticket cost
airfield	a plane takeoff place
airflow	the movement of air
airfoil	a wing-shaped surface for lift
airforce	a country's military air branch
airframe	an aircraft's body structure
airhead	a foolish, empty-headed person
airing	broadcasting on television or radio
airless	stuffy, without fresh air
airlift	transporting supplies by aircraft
airline	a company that flies passengers
airliner	a large passenger aircraft
airlock	a pressure-sealed chamber
airmail	mail sent by aircraft
airman	an air force member
airplane	a flying vehicle with wings
airs	a false, snobbish manner
airship	a large steerable balloon aircraft
airspace	the sky above a country
airspeed	an aircraft's air speed
airstream	a current of moving air
airstrip	a runway for small aircraft
airtight	sealed so no air escapes
airway	a passage for breathing air
airworthiness	being fit to fly
airy	light and breezy
aisle	a walkway between seats
ajar	slightly open
akimbo	hands on hips, elbows out
akin	similar in nature
ala	a wing-shaped part
alabaster	a smooth white stone
alacrity	eager and cheerful readiness
alanine	a basic protein building block
alarm	a warning of danger
alarmed	worried by sudden danger
alarming	causing worry or fear
alarmingly	in a worrying way
alarmist	someone who exaggerates dangers
alas	an expression of regret
alb	a long white robe
albacore	a type of tuna fish
albatross	a large seabird
albedo	surface reflecting brightness
albinism	a condition with no pigment
albino	lacking normal skin coloring
albumen	an egg's white part
albumin	a blood and egg protein
albuterol	a medicine for breathing problems
alcalde	a spanish town mayor
alcazar	a spanish palace or fortress
alchemical	relating to old chemical magic
alchemist	an early chemistry practitioner
alchemy	old magical chemistry
alcoholic	containing or dependent on alcohol
alcoholism	addiction to drinking alcohol
alcove	a small recessed space
aldehyde	a type of chemical compound
alder	a water-loving tree
alderman	an elected local town official
aldosterone	a salt-regulating hormone
ale	a type of beer
aleph	the first hebrew letter
alerting	warning someone of danger
alertness	being watchful and ready
alexia	loss of reading ability
alfalfa	an animal-feed plant
alfresco	taking place outdoors
alga	a simple water plant
algae	simple water plants
algal	relating to algae
algebra	math using letters for numbers
algebraic	relating to algebra
algebraically	using algebra methods
algorithm	a problem-solving procedure
algorithmic	following a set of steps
alias	a false or alternative name
alibi	proof of being elsewhere
alien	strange and unfamiliar
alienate	to make someone feel unwelcome
alienated	made to feel isolated
alienating	making someone feel isolated
alienation	the feeling of being isolated
alight	on fire or lit up
align	to arrange in a line
aligned	arranged in proper order
aligning	arranging into proper order
alignment	proper arrangement in a line
alike	similar to one another
alimentary	relating to digestion
alimony	payment to a former spouse
aline	to arrange in a line
aliphatic	a straight-chain carbon type
aliyah	moving to live in israel
alkali	a substance that neutralizes acid
alkaline	having properties opposite to acid
alkalinity	the level of being alkaline
alkaloid	a body-affecting plant chemical
alkyl	a type of chemical group
allay	to calm a fear
allegation	a claim made without proof
allege	to claim without proof
allegedly	said, but unproven
allegiance	loyalty to a cause
allegiant	loyal and faithful
allegorical	using symbols to represent ideas
allegory	a symbolic story
allegro	played at a fast tempo
allele	a version of a gene
allelic	relating to gene versions
allergen	something that causes an allergy
allergenic	likely to cause an allergy
allergic	reacting badly to something
allergist	a doctor who treats allergies
allergy	a bad reaction to a substance
alleviate	to ease pain
alleviated	made less severe
alleviation	the easing of trouble
alley	a narrow street between buildings
alleyway	a narrow passage between buildings
allgood	a common wild plant
allied	joined for a purpose
allies	partners in a cause
alligator	a strong-jawed reptile
allis	a type of herring fish
alliteration	repeating starting sounds in words
alliterative	using repeated starting sounds
allocate	to set aside for a use
allocation	something set aside
allogeneic	from a genetically different donor
allograft	tissue transplanted from another person
allopathic	relating to standard medical treatment
allot	to give a portion
allotment	a given portion
allotted	given as a set share
allover	covering the entire surface
allowable	permitted or acceptable
allowance	a set amount given regularly
alloy	a mixture of metals
alloyed	mixed with another metal
allspice	a spice with mixed flavors
allude	to refer to something indirectly
allure	a strong, attractive appeal
alluring	very attractive and tempting
allusion	an indirect reference to something
allusive	referring to things indirectly
alluvial	made of water-deposited soil
alluvium	water-deposited soil
ally	a partner who supports you
allyl	a type of chemical group
almanac	a yearly facts book
almighty	having complete power
almond	an oval edible nut
alms	charity for the poor
aloe	a plant with soothing gel
aloft	high up in the air
aloha	a hawaiian greeting
aloof	distant and unfriendly
aloofness	a distant, unfriendly manner
alopecia	loss of hair
aloud	spoken audibly
alp	a high mountain
alpaca	a woolly south american animal
alpha	the first or highest ranking
alphabet	a language's letter set
alphabetic	arranged by letters
alphabetical	arranged in letter order
alphabetically	in letter order
alphabetized	arranged in letter order
alphanumeric	made of letters and numbers
alpine	relating to high mountains
alprazolam	a medicine for anxiety
alsatian	a large german shepherd dog
altar	a religious ceremony table
altarpiece	church art behind an altar
altcoin	a non-bitcoin digital currency
alter	to change something
alteration	a change made to something
altercation	a heated argument or fight
altered	changed from its original form
altering	changing something
alternate	occurring by turns
alternately	taking turns
alternating	switching back and forth
alternation	switching back and forth repeatedly
alternatively	as another option
alternator	an electricity generator
althea	a flowering plant, hollyhock
altimeter	a device measuring altitude
altitude	height above sea level
alto	a low female singing voice
altogether	the total, complete amount
altruism	unselfish concern for others
altruistic	unselfishly caring for others
alum	a cleaning mineral salt
alumina	an aluminum-oxygen compound
aluminium	a lightweight silvery metal
aluminum	a lightweight silvery metal
alumna	a female graduate
alumnus	a graduate of a school
alveolar	relating to tiny lung sacs
amalgam	a mixture of different things
amalgamate	to combine into one whole
amalgamated	combined into one whole
amalgamation	combining into one
amaranth	an edible grain plant
amaretto	an almond-flavored liqueur
amaryllis	a large trumpet-shaped flower
amass	to gather a large amount
amateur	done for fun, not pay
amateurish	poorly done, unskilled
amateurism	lack of professional skill
amaze	to surprise greatly
amazed	filled with wonder
amazement	a feeling of great surprise
amazingly	in a surprising way
ambassadorial	relating to a diplomat
ambassadorship	the role of a diplomat
amber	yellowish-orange in color
ambergris	a waxy substance from whales
ambiance	the mood of a place
ambidextrous	able to use both hands
ambience	the feeling of a place
ambient	surrounding and background
ambiguity	unclear or double meaning
ambiguous	having more than one meaning
ambiguously	in an unclear way
ambit	the scope of something
ambition	a strong desire to succeed
ambitious	eager to succeed or achieve
ambitiously	with strong desire to succeed
ambivalence	mixed feelings about something
ambivalent	having mixed feelings
amble	a slow, relaxed walk
ambler	one who walks slowly
ambo	a raised platform for speaking
ambrosia	a delicious, heavenly food
ambulance	a vehicle for sick people
ambulatory	able to walk around
ambush	a surprise attack
ameer	a muslim ruler or prince
amelia	missing a limb from birth
ameliorate	to make something better
amelioration	the act of improving something
amenable	willing to cooperate
amend	to improve a rule
amendatory	making a correction or change
amended	changed or corrected
amends	actions to make up for wrong
amenities	useful features or comforts
amenity	a pleasant, useful feature
amethyst	purple in color
amiable	friendly and pleasant
amiably	in a friendly way
amicable	friendly, without conflict
amicably	in a friendly way
amide	a type of chemical compound
amidships	toward a ship's middle
amigo	a close friend
amine	a type of chemical compound
amino	relating to a basic building block
aminotransferase	an enzyme that moves molecules
amiodarone	a heart rhythm medicine
amir	a muslim ruler or prince
amiss	wrong or out of place
amitriptyline	an antidepressant medicine
amity	friendly relations
ammo	bullets or shells for guns
ammonia	a strong-smelling gas or cleaner
ammonite	a fossil sea shell
ammonium	a chemical compound with nitrogen
ammunition	bullets or shells for weapons
amnesia	loss of memory
amnesiac	suffering memory loss
amnesty	an official pardon
amniotic	surrounding an unborn baby
amoeba	a tiny single-celled creature
amok	out of control and wild
amorous	showing strong romantic feelings
amorphous	without a clear shape
amortization	gradually paying off a debt
amour	a romantic love affair
amoxicillin	a common antibiotic medicine
amp	a unit of electric current
amperage	the strength of electric current
ampere	a unit of electric current
ampersand	the symbol meaning "and
amphetamine	a stimulant drug
amphibia	land-and-water animals
amphibian	living on land and water
amphibious	working on land and water
amphitheater	an open, round outdoor theater
amphitheatre	an open, round outdoor theater
amphora	an ancient tall jar
ampicillin	a common antibiotic medicine
ample	more than enough
amplification	the act of making louder
amplifier	a sound-loudening device
amplify	to make louder or stronger
amplitude	the size of a wave
amply	more than enough
ampoule	a small sealed medicine vial
amputate	to surgically remove a limb
amputation	surgical removal of a limb
amputee	a person missing a limb
amuck	out of control and wild
amulet	a lucky charm
amuse	to entertain or make laugh
amused	entertained or delighted
amusement	enjoyment or entertainment
amusing	funny and entertaining
amusingly	in a funny way
amygdala	a brain area handling fear
amyl	a chemical group of atoms
amylase	a starch-breaking enzyme
amyloid	a starch-like protein buildup
amyloidosis	a disease from protein buildup
ana	a collection of sayings
anabolic	building up body tissue
anachronism	something out of its time
anachronistic	from the wrong time period
anaconda	a large snake
anaemia	a lack of healthy blood cells
anaemic	lacking healthy blood cells
anaerobic	not needing oxygen
anaesthesia	loss of feeling from drugs
anaesthetic	causing loss of feeling
anaesthetist	a numbing-drug doctor
anagram	a rearranged-letter word
anagrams	words made by rearranging letters
anal	relating to the rear passage
analgesia	relief from pain
analgesic	relieving pain
analog	using continuous, non-digital signals
analogical	based on comparison
analogous	similar in some way
analogously	in a similar way
analogue	using continuous, non-digital signals
analogy	a comparison between things
analyse	to study something closely
analyser	a device that examines something
analyst	a person who studies data
analytic	using careful, logical study
analytical	using careful, logical study
analytically	in a careful, logical way
analyze	to study something closely
analyzed	closely studied or examined
analyzer	a device that examines something
anamorphic	distorted to look normal from an angle
anaphylactic	relating to severe allergic shock
anaphylaxis	a severe, sudden allergic reaction
anarchic	without order or control
anarchism	belief in no government
anarchist	one who opposes all government
anarchistic	favoring no government
anarchy	a lack of order
anastomosis	a surgical joining of tubes
anathema	something greatly disliked
anatomic	relating to body structure
anatomical	relating to body structure
anatomically	in terms of body structure
anatomist	an expert in body structure
anatomy	the study of body structure
ancestor	a past family member
ancestral	handed down from past family
ancestry	one's family origins
anchor	a ship-holding weight
anchorage	a place where ships anchor
anchorman	a main television news presenter
anchovy	a small, salty fish
anciently	from long ago
ancients	people from long ago
ancillary	extra and supporting
andante	at a moderately slow pace
andesite	a type of volcanic rock
androgen	a male hormone
androgenic	relating to male hormones
androgynous	having both male and female traits
androgyny	having male and female traits
andromeda	a nearby galaxy
ane	one, a single
anecdotal	based on personal stories
anecdote	a short, amusing true story
anemia	a lack of healthy blood cells
anemic	lacking healthy blood cells
anemone	a sea creature with tentacles
anesthesia	loss of feeling from drugs
anesthesiologist	a numbing-drug doctor
anesthesiology	the study of numbing drugs
anesthetic	causing loss of feeling
anesthetist	a numbing-drug doctor
aneurin	a vitamin, also called thiamine
aneurism	a dangerous vessel bulge
aneurysm	a dangerous vessel bulge
anew	once again, freshly
angelic	like an angel, pure
angelica	a fragrant garden plant
angelique	a type of stringed instrument
angelus	a bell rung for prayer
angered	made angry
angina	chest pain from poor blood flow
angiogenesis	growth of new blood vessels
angiogram	an image of blood vessels
angiography	imaging of blood vessels
angioplasty	a vessel-widening procedure
angiotensin	a blood-pressure-raising hormone
angled	set at a slant
angler	a person who fishes
angling	the sport of fishing
angostura	a bitter flavoring liquid
angrily	in an angry way
angst	a strong feeling of anxiety
anguish	severe mental or physical pain
anguished	full of severe pain
angular	having sharp corners
anhydride	a chemical compound without water
anhydrous	containing no water
ani	a type of black bird
anil	a blue dye plant
aniline	a chemical used in dyes
anima	a man's inner female side
animalistic	like an animal, instinctive
animate	alive and moving
animated	lively and full of energy
animating	giving life or movement to
animation	the making of moving pictures
animator	a person who creates animation
animatronics	robotic moving figures
anime	japanese animated films
animism	belief that objects have spirits
animist	believing objects have spirits
animosity	strong dislike or hostility
animus	strong dislike or hostility
anion	a negatively charged particle
anionic	relating to negative particles
anise	a licorice-flavored plant
aniseed	a licorice-flavored seed
anisotropic	different depending on direction
anisotropy	difference depending on direction
anjou	a variety of pear
ankle	the foot-leg joint
anklet	an ankle chain
anklets	chains worn around the ankle
annals	historical records kept yearly
annealing	heating metal to strengthen it
annex	an added extra building
annexation	the taking over of territory
annexe	an added extra building
annihilate	to destroy completely
annihilated	completely destroyed
annihilating	completely destroying
annihilation	total destruction
annihilator	one that destroys completely
annotate	to add explanatory notes
annotating	adding explanatory notes
annotation	an explanatory note
announce	to make something publicly known
announcer	a person who reads announcements
annoy	to irritate or bother
annoyance	something that irritates
annoyed	irritated or bothered
annoyingly	in an irritating way
annually	once every year
annuity	a yearly fixed payment
annul	to officially cancel
annular	shaped like a ring
annulment	official marriage cancelling
annulus	a ring-shaped object
annum	a year
annunciation	an official announcement
anode	a positive electrical terminal
anodyne	not likely to offend anyone
anoint	to rub with oil ceremonially
anointing	applying oil ceremonially
anomalous	different from what's normal
anomaly	something unusual or unexpected
anon	soon, shortly
anonymity	the state of being unnamed
anonymous	without a known name
anonymously	without giving one's name
anorak	a warm, hooded jacket
anorexia	an eating disorder
anorexic	suffering from an eating disorder
anoxic	lacking oxygen
answerable	responsible and accountable
answering	responding to a question
ant	a small crawling insect
antacid	relieving stomach acid
antagonism	strong hostility or opposition
antagonist	a rival or opponent
antagonistic	openly hostile or opposed
antagonize	to provoke hostility in someone
ante	a pre-game card bet
anteater	an animal that eats ants
antebellum	before a war
antecedent	something that came before
antechamber	a small room before a main room
antediluvian	extremely old-fashioned
antelope	a fast, horned grazing animal
antenatal	before a baby's birth
antenna	a device for receiving signals
anterior	located at the front
anteriorly	toward the front
anthem	a rousing song of loyalty
anther	a flower's pollen part
anthill	a mound built by ants
anthology	a collection of writings
anthracite	a hard, clean-burning coal
anthrax	a dangerous bacterial disease
anthropogenic	caused by human activity
anthropoid	resembling a human
anthropological	relating to studying humans
anthropologist	one who studies human societies
anthropology	the study of human societies
anthropometric	relating to body measurements
anthropomorphic	given human qualities
anthropomorphism	giving human traits to non-humans
antiaircraft	designed to attack aircraft
antibacterial	killing harmful bacteria
antibiotic	killing or stopping bacteria
antibody	a protein fighting infection
antic	playful and silly
anticancer	fighting against cancer
anticholinergic	blocking certain nerve signals
anticipate	to expect something beforehand
anticipated	expected beforehand
anticipation	the act of expecting something
anticipatory	showing expectation beforehand
anticlimactic	disappointingly less exciting than expected
anticlimax	a disappointing end to something
anticoagulant	preventing blood from clotting
anticoagulation	prevention of blood clotting
anticonvulsant	preventing seizures
antidepressant	treating feelings of depression
antidote	a remedy against poison
antifreeze	a liquid preventing freezing
antifungal	killing fungal infections
antigen	a substance triggering immune response
antigenic	able to trigger immunity
antihero	a flawed, non-traditional main character
antihistamine	a drug relieving allergy symptoms
antihypertensive	lowering high blood pressure
antimalarial	preventing or treating malaria
antimatter	matter made of opposite particles
antimicrobial	killing harmful microorganisms
antimony	a brittle metallic element
antioxidant	protecting cells from damage
antipathy	a strong dislike
antiphon	a hymn sung in response
antipodes	opposite sides of earth
antipsychotic	treating severe mental illness
antiquarian	relating to old, rare objects
antiquary	a collector of old objects
antiquated	old-fashioned and outdated
antique	old and valuable
antiquity	ancient times
antisemitic	hostile toward jewish people
antisemitism	hostility toward jewish people
antiseptic	preventing infection
antisocial	avoiding or disliking company
antitank	designed to destroy tanks
antithesis	the exact opposite
antithetical	being the exact opposite
antitoxin	a substance neutralizing poison
antitrust	preventing unfair business monopolies
antitumor	fighting against tumors
antiviral	fighting viral infections
antler	a branching horn on deer
antsy	restless and impatient
anus	the body's rear opening
anvil	a metal-hammering block
anxiolytic	reducing feelings of anxiety
anxious	worried or nervous
anxiously	in a worried way
anyhow	in any case
anyplace	in any location
anyways	in any case
aorta	the body's main artery
aortic	relating to the main artery
apace	quickly, at a fast pace
apache	a native american people
apartheid	a system of racial segregation
apathetic	showing no interest or concern
apathy	a lack of interest
apatite	a common mineral
ape	a large tailless primate
aperitif	a drink before a meal
aperture	an opening letting in light
apex	the highest point
aphasia	loss of ability to speak
aphid	a tiny plant-eating insect
aphorism	a short, wise saying
aphrodisiac	arousing sexual desire
apiary	a bee-keeping place
apical	located at the top
apiece	for each one
aplomb	calm confidence
apnea	a pause in breathing
apocalypse	a huge, catastrophic event
apocalyptic	relating to total destruction
apocryphal	probably not true or genuine
apogee	the highest point
apolitical	not interested in politics
apologetic	showing regret for wrongdoing
apologetically	in a regretful, sorry way
apologetics	reasoned defense of beliefs
apologia	a formal written defense
apologise	to say sorry
apologist	a person who defends something
apologize	to say sorry
apology	a statement of regret
apoplectic	furious and red-faced
apoplexy	a stroke or rage fit
apoptosis	programmed death of a cell
apostasy	abandoning one's belief
apostate	having abandoned one's faith
apostle	an early follower of jesus
apostolic	relating to the apostles
apostrophe	a punctuation mark showing possession
apothecary	an old-time pharmacist
apotheosis	the highest point of glory
appalled	shocked and horrified
appalling	shockingly bad
appallingly	in a shockingly bad way
apparatus	equipment for a task
apparel	clothing
apparition	a ghostly figure
appealing	attractive or pleasing
appearing	coming into view
appease	to calm by giving in
appeasement	giving in to keep peace
appeasing	calming by giving in
appellant	relating to an appeal
appellate	relating to legal appeals
appellation	a name or title
append	to add to the end
appendage	a limb or attached part
appendectomy	surgery to remove the appendix
appendicitis	inflammation of the appendix
appendix	an added book section
appetising	looking or smelling delicious
appetite	a desire for food
appetizer	a small pre-meal dish
appetizing	looking or smelling delicious
applaud	to clap in approval
applause	clapping in approval
applejack	a strong apple brandy
applesauce	cooked, mashed apples
applet	a small computer program
appliance	a household machine
applicability	how well something fits
applicable	relevant or fitting
applicant	a person applying for something
applicator	a substance-applying tool
applique	decorative fabric sewn onto cloth
appoint	to officially choose someone
appointee	a chosen person
apportion	to divide and share out
apportioned	divided and shared out
apportionment	the act of sharing out
apposite	very appropriate
appraisal	a judgment of value
appraise	to judge the value of
appraiser	someone who judges value
appraising	judging value or worth
appreciable	large enough to notice
appreciably	noticeably
appreciated	valued and recognized
appreciation	gratitude or recognition
appreciative	feeling or showing gratitude
apprehend	to arrest or catch
apprehended	caught or arrested
apprehension	a feeling of worry
apprehensive	worried about the future
apprentice	a person learning a trade
apprenticed	placed to learn a trade
apprenticeship	a trade-learning period
approachable	easy to talk to
approaching	coming closer
approbation	official approval
appropriately	in a fitting way
appropriateness	being fitting or suitable
appropriation	money set aside for a purpose
approve	to officially agree to
approving	showing agreement or support
approvingly	in a way showing approval
approximate	close but not exact
approximation	a rough estimate
apricot	a small orange fruit
apron	a clothes-protecting garment
apropos	fitting for the occasion
apse	a church's rounded end
apt	fitting or likely
aptitude	natural skill or talent
aptly	in a fitting way
aqua	a light blue-green color
aquaculture	farming fish and water plants
aquamarine	a blue-green gem
aquarium	a tank for keeping fish
aquatic	living or done in water
aquatics	water-based sports
aqueduct	a bridge carrying water
aqueous	made of or containing water
aquifer	underground water-bearing rock
arabesque	an intricate decorative pattern
arable	suitable for growing crops
arachnid	a spider or related creature
aragonite	a calcium carbonate mineral
arak	a strong aniseed liquor
arb	a price-gap profiteer
arbiter	a person who settles disputes
arbitrage	profiting from price differences
arbitral	relating to arbitration
arbitrarily	without clear reason
arbitrariness	lack of clear reasoning
arbitrary	based on random choice
arbitrate	to settle a dispute
arbitration	formal settling of a dispute
arbitrator	a person who settles disputes
arbor	a shaded garden shelter
arboreal	living in trees
arboretum	a garden of trees
arborist	an expert in tree care
arbour	a shaded garden shelter
arbutus	a small flowering tree
arc	a curved line or path
arcade	a covered walkway of shops
arcadian	peaceful and rural
arcane	mysterious and little understood
arcanum	a deep secret
arch	sly or mischievous
archaeological	relating to ancient remains
archaeologist	an ancient-remains scientist
archaeology	the study of ancient remains
archaeopteryx	an ancient bird-like dinosaur
archaic	very old-fashioned
archangel	a chief angel
archbishop	a senior church bishop
archdeacon	a senior church official
archdiocese	a large church district
archduke	a high-ranking prince
archean	from earth's earliest era
arched	curved like an arch
archeological	relating to ancient remains
archeologist	an ancient-remains scientist
archeology	the study of ancient remains
archer	someone who shoots arrows
archery	the sport of shooting arrows
archetypal	being a perfect typical example
archetype	an original typical example
arching	curving upward
archipelago	a group of islands
architect	a designer of buildings
architectural	relating to building design
architecturally	in terms of building design
archival	relating to old records
archive	a collection of old records
archives	a collection of old records
archivist	a keeper of old records
archway	a passage under an arch
arco	played with a bow
arctic	extremely cold
arcuate	curved like a bow
ard	an old simple plow
ardent	very passionate and enthusiastic
ardently	very passionately
ardor	intense passion
ardour	intense passion
arduous	very difficult and tiring
areal	relating to an area
areola	a nipple's colored ring
argent	silver in color
argentine	a small silvery fish
arginine	an amino acid
argon	a colorless inert gas
argonaut	a legendary greek voyager
argosy	a large merchant ship
arguable	open to debate
arguably	as one could reasonably argue
arguing	disagreeing in words
argumentation	the process of reasoning
argumentative	fond of arguing
argus	a mythical many-eyed giant
argyle	a diamond-check pattern
argyll	a scottish region
aria	an opera solo song
arid	very dry
aright	correctly
arise	to come into being
arista	a bristle on a plant
aristocracy	the highest social class
aristocrat	a member of the nobility
aristocratic	relating to the nobility
arithmetic	relating to basic math
arithmetical	relating to basic math
ark	a large boat for survival
arles	a deal-sealing payment
armada	a fleet of warships
armadillo	a small armored mammal
armament	military weapons
armature	a supporting frame
armband	an arm-worn band
armchair	a chair with armrests
arming	preparing with weapons
armistice	a truce ending fighting
armless	without arms
armoire	a large wardrobe cabinet
armor	protective metal covering
armored	covered in protective plating
armorial	relating to a coat of arms
armory	a place storing weapons
armour	protective metal covering
armoured	covered in protective plating
armoury	a place storing weapons
armpit	the hollow under the arm
armrest	a support for the arm
arnica	a healing herbal plant
aroma	a pleasant smell
aromatherapy	healing using scented oils
aromatic	having a pleasant smell
arousal	a state of excitement
arouse	to stir up a feeling
aroused	stirred up or excited
arpeggio	a chord played note by note
arraignment	a formal reading of charges
arrange	to put in order
arrangement	a plan or organized setup
arranger	someone who organizes things
arranging	putting things in order
arras	a rich tapestry wall hanging
array	an ordered display or group
arrayed	displayed or arranged
arrears	overdue payments
arresting	strikingly attention-grabbing
arrhythmia	an irregular heartbeat
arrogance	excessive self-importance
arrogant	overly proud and self-important
arrogantly	in an overly proud way
arrow	a bow-shot shaft
arrowhead	an arrow's pointed tip
arrowsmith	a maker of arrows
arroyo	a dry streambed gully
arse	the buttocks
arsehole	an unpleasant person
arsenic	a poisonous element
arsenide	a compound containing arsenic
arson	deliberately setting a fire
arsonist	a deliberate fire-setter
artefact	an old man-made object
artemisia	a bitter aromatic plant
arterial	relating to a main blood vessel
artery	a main blood vessel
artesian	relating to a naturally rising well
artful	cleverly skillful
artfully	in a cleverly skillful way
arthritic	suffering from joint inflammation
arthritis	painful joint inflammation
arthroplasty	surgery to replace a joint
arthropod	an insect or spider-like creature
arthroscopy	surgery to examine a joint
artichoke	a thistle-like edible vegetable
articled	bound by a training contract
articular	relating to a joint
articulate	able to speak clearly
articulated	joined by a flexible connection
articulation	clear expression in speech
artifact	an old man-made object
artifice	a clever trick
artificer	a skilled craftsman
artificial	man-made, not natural
artificiality	the quality of being unnatural
artificially	in a man-made way
artillery	large military guns
artisan	a skilled craftsperson
artiste	a skilled performer
artistic	showing creative skill
artistically	in a creative, skillful way
artistry	skillful creative ability
artless	simple and without deceit
artwork	a piece of created art
arty	pretentiously artistic
arugula	a peppery salad leaf
arum	a hooded-flower plant
asana	a yoga posture
asbestos	a fire-resistant mineral fiber
ascend	to go upward
ascendance	a position of dominance
ascendancy	a position of dominance
ascendant	rising in power
ascendency	a position of dominance
ascending	moving upward
ascension	the act of rising up
ascent	an upward climb
ascertain	to find out for certain
ascertained	found out for certain
ascetic	strict and self-denying
asceticism	a strict, self-denying lifestyle
ascites	fluid buildup in the abdomen
ascot	a wide formal necktie
ascribe	to credit as the cause
aseptic	free from harmful germs
asexual	without sexual reproduction
asexuality	lack of sexual attraction
asexually	without sexual reproduction
ash	the powdery residue of fire
ashamed	feeling guilty or embarrassed
ashen	pale gray, like ash
ashore	onto the shore
ashram	a hindu religious retreat
ashtray	a dish for cigarette ash
ashy	pale gray in color
asinine	extremely foolish
askance	with distrust or disapproval
asker	a person who asks
askew	crooked or tilted
asp	a small venomous snake
asparagus	a green stalk vegetable
aspartame	an artificial sweetener
aspen	a fluttering-leaf tree
asphalt	a black road-paving material
asphyxia	a lack of oxygen suffocation
asphyxiated	suffocated from lack of air
asphyxiation	death by suffocation
aspic	a savory gelatin dish
aspirant	eagerly hopeful of success
aspirate	a breathy speech sound
aspiration	a strong hope or ambition
aspire	to hope strongly for something
aspirin	a common pain-relief medicine
aspiring	hoping to achieve something
assail	to attack forcefully
assailant	a person who attacks
assassin	a hired killer
assassinate	to murder for political reasons
assassinated	murdered for political reasons
assassination	a politically motivated murder
assay	a substance content test
assemblage	a gathered collection
assemble	to put together
assembler	a building machine or program
assembling	putting together
assemblyman	a male assembly member
assemblywoman	a female assembly member
assent	official agreement
assert	to state firmly
asserted	stated firmly
asserting	stating firmly
assertion	a firm statement
assertive	confidently forceful
assertively	in a confidently forceful way
assertiveness	confident, forceful behavior
assess	to judge the value of
assessee	a person being evaluated
assessor	someone who evaluates value
asset	a valuable resource
assiduous	showing great care and effort
assiduously	with great care and effort
assign	to give a task
assignable	able to be given
assignation	a secret meeting
assignee	one given a task or right
assigning	giving a task to someone
assignment	a task given to someone
assimilate	to absorb and become part of
assimilating	absorbing and blending in
assimilation	the process of blending in
assisted	helped by another
assistive	helping someone with a task
assize	a court session
assizes	court sessions
associative	relating to mental connections
assorted	of various different kinds
assortment	a mixed collection
assuage	to ease a painful feeling
assuming	presuming without proof
assumption	something taken for granted
assurance	a confident promise
assure	to promise confidently
assured	confident and certain
assuredly	certainly
assuring	giving confidence or comfort
aster	a star-shaped flower
asterisk	a star-shaped punctuation mark
astern	toward a ship's back
asteroid	a small rocky space object
asthma	a breathing difficulty condition
asthmatic	affected by asthma
astigmatism	a defect causing blurred vision
astonish	to surprise greatly
astonished	greatly surprised
astonishing	extremely surprising
astonishingly	to a surprising degree
astonishment	great surprise
astound	to shock with surprise
astounded	shocked with surprise
astounding	extremely shocking
astragalus	an ankle bone
astrakhan	curly lambskin fur
astral	relating to the stars
astray	off the correct path
astride	with a leg on each side
astringent	sharply harsh or tightening
astrobiology	the study of life in space
astrodome	a domed indoor stadium
astrolabe	an old instrument for navigation
astrologer	a star-based fate predictor
astrological	relating to star positions
astrology	star-based fate prediction
astronaut	person who travels in space
astronautics	science of space travel
astronomer	scientist who studies stars
astronomical	relating to stars and space
astronomically	extremely, to a huge degree
astronomy	study of stars and planets
astrophysical	relating to physics of stars
astrophysicist	scientist studying physics of stars
astrophysics	physics of stars and space
astute	clever and observant
astutely	in a clever, sharp way
asunder	broken apart into pieces
asylum	safe shelter from danger
asymmetric	uneven on both sides
asymmetrical	not evenly balanced in shape
asymmetrically	in an uneven, unbalanced way
asymmetry	uneven balance
asymptomatic	having no symptoms of illness
asymptotic	getting closer without ever meeting
asymptotically	nearing a limit endlessly
asynchronous	not happening at once
atar	fragrant oil from flowers
atavistic	returning to ancient, primitive behavior
ataxia	loss of muscle control
atelier	an artist's workshop
atheism	belief that no god exists
atheist	not believing in any god
atheistic	relating to disbelief in god
athenaeum	a library or literary club
atheneum	a library or literary club
atherosclerosis	hardening of the arteries
atherosclerotic	relating to hardened arteries
athlete	person who competes in sports
athletic	physically strong and fit
athleticism	physical strength and fitness
athletics	sports and physical contests
atlas	a book of maps
atm	a cash machine
atmospheric	relating to earth's air
atmospherics	mood-setting background details
atoll	a ring-shaped coral island
atom	the smallest unit of matter
atomic	relating to atoms
atomizer	device that sprays fine mist
atonal	music without a set key
atone	to make up for wrongdoing
atonement	making up for wrongdoing
atop	on top of something
atresia	abnormal passage closure
atrial	relating to a heart chamber
atrium	a large open entrance hall
atrocious	shockingly bad or cruel
atrocity	an extremely cruel act
atrophied	wasted away from disuse
atrophy	wasting away of tissue
atropine	a poisonous-plant drug
attach	to fasten together
attache	an embassy staff expert
attachment	a strong feeling of affection
attacker	person who attacks
attacking	acting aggressively or forcefully
attain	to reach a goal
attainable	able to be achieved
attainder	lost rights after a death sentence
attained	successfully achieved
attainment	something achieved through effort
attar	fragrant oil from flowers
attendance	the act of being present
attendant	accompanying or resulting from something
attendee	person present at an event
attentional	relating to focus
attentive	paying close attention
attentively	while paying close attention
attentiveness	close attention
attenuate	to weaken or make thinner
attenuated	weakened or made less severe
attenuation	a reduction in strength
attenuator	device that reduces signal strength
attest	to confirm something is true
attestation	a formal declaration confirming truth
attested	confirmed as true
attic	a room under the roof
attire	clothing, especially fine clothing
attired	dressed in a certain way
attitudinal	relating to a person's attitude
attract	to draw something toward you
attraction	something that draws interest
attractively	in a pleasing, appealing way
attractiveness	the quality of being appealing
attractor	something that pulls things in
attributable	able to be blamed on
attribute	a quality belonging to someone
attribution	crediting something to a source
attrition	gradual wearing down
atypical	not typical or usual
auberge	a country inn
aubergine	a purple vegetable, eggplant
auburn	reddish-brown in color
auction	a highest-bidder sale
auctioneer	person who runs an auction
audacious	boldly daring and confident
audacity	bold, daring confidence
audible	able to be heard
audibly	so it can be heard
audiology	the study of hearing
audiotape	tape used to record sound
audiovisual	using both sound and pictures
audit	an official check of records
audition	a performance tryout
auditor	person who checks financial records
auditorium	a large gathering room
auditory	relating to hearing
auger	a tool for boring holes
aught	nothing at all
augment	to make something larger
augmentation	an increase or addition
augmented	made larger or greater
augur	a future predictor
auk	a diving seabird
auld	old, in dialect speech
aunt	a parent's sister
auntie	an affectionate word for aunt
aunty	an affectionate word for aunt
aura	a distinctive feeling around someone
aural	relating to hearing
auric	relating to gold
aurora	glowing night sky lights
auroral	relating to the northern lights
auspices	protection or support of someone
auspicious	promising future success
austere	plain and without luxury
austerity	strict simple living
austral	relating to the south
auteur	a distinctive-style filmmaker
authentic	genuine and real
authentically	in a genuine, real way
authenticate	to prove something is genuine
authenticated	proven to be genuine
authentication	proof that something is genuine
authenticator	something that verifies identity
authenticity	the quality of being genuine
authorial	relating to a book's author
authorisation	official permission
authorise	to give official permission
authorised	officially permitted
authoritarian	demanding strict, total obedience
authoritarianism	rule demanding strict obedience
authoritative	commanding and confidently correct
authoritatively	in a commanding, confident way
authorization	official permission
authorize	to give official permission
authorized	officially permitted
authorship	a work's creator identity
autism	a developmental brain condition
autistic	having autism
autobahn	a limitless german highway
autobiographical	based on one's own life
autobiography	a book about one's own life
autochthonous	native to a particular place
autoclave	a steam sterilizing machine
autocorrect	software that fixes typing errors
autocracy	rule by one person
autocrat	a ruler with absolute power
autocratic	ruling with total, unchecked power
autofocus	camera feature that focuses automatically
autograph	a person's signature
autographed	signed by a famous person
autoimmune	attacking the body's own cells
autoimmunity	the body attacking itself
autologous	from the same person's body
automaker	a company that builds cars
automate	to run by machine
automated	run automatically by machine
automation	machine-run work
automaton	a mechanical robot-like device
automobile	a car
automotive	relating to motor vehicles
autonomic	happening without conscious control
autonomous	self-governing, acting independently
autonomy	the freedom to govern oneself
autopilot	a device that steers automatically
autopsy	a dead body examination
autosomal	relating to non-sex chromosomes
autumn	the season after summer
autumnal	relating to autumn
auxiliary	providing extra help or support
auxin	a plant growth hormone
avail	use or benefit
availability	readiness to use
avalanche	a mass of falling snow
avarice	greed for wealth
avaricious	greedy for money
avatar	a profile picture icon
avenge	to punish for a wrong
avenged	given revenge for a wrong
avenger	one who takes revenge
aver	to state something firmly
averse	strongly disliking something
aversion	a strong dislike
aversive	causing avoidance or dislike
avert	to prevent something bad happening
averting	preventing something bad from happening
avian	relating to birds
aviary	a large cage for birds
aviation	the flying of aircraft
aviator	a pilot of an aircraft
avid	very eager and enthusiastic
avidly	with great eagerness
avionics	electronic aircraft systems
avo	a small unit of currency
avocado	of avocado fruit
avoidable	able to be prevented
avoidance	staying away from something
avowed	openly and firmly declared
avowedly	openly and admittedly
await	to wait for something
awaited	long expected or waited for
awake	not sleeping
awaken	to wake up
awakened	made aware or woken up
awakening	a sudden realization or waking
awarding	the giving of a prize
awash	covered or flooded with water
awe	wonder and respect
awed	filled with wonder and respect
awestruck	filled with amazement and wonder
awfully	very or extremely
awfulness	extreme badness
awhile	for a short time
awkward	causing embarrassment or discomfort
awkwardly	in a clumsy, uncomfortable way
awkwardness	an uncomfortable, clumsy quality
awl	a hole-piercing tool
awn	a grass seed bristle
awning	a window roof cover
awol	absent without permission
awry	off course or wrong
axe	a chopping tool
axial	relating to a central line
axially	along a central line
axillary	relating to the armpit
axiom	a statement accepted as true
axiomatic	obviously true, needing no proof
axis	a turning center line
axle	a wheel-turning rod
axolotl	a salamander that stays aquatic
axon	a nerve cell fiber
axonal	relating to a nerve fiber
ayah	a nursemaid in colonial India
ayatollah	a senior Islamic religious leader
azalea	a flowering shrub
azide	a chemical compound with nitrogen
azimuth	a compass direction measurement
azithromycin	an antibiotic medicine
azo	containing linked nitrogen atoms
azure	sky blue
baa	the cry of a sheep
baas	a boss or master
baba	a small rum-soaked cake
babbitt	a bearing metal alloy
babble	talk that makes little sense
babbling	talking rapidly and unclearly
babe	a baby or young woman
babel	a confused mixture of noise
baboon	a large snouted monkey
babu	an Indian clerk or official
babysit	to look after someone's children
babysitter	person who looks after children
babysitting	looking after someone's children
bacca	a berry-like fruit
baccalaureate	a school graduation ceremony
baccarat	a card gambling game
bacchanal	wildly drunken and festive
bach	to live as bachelor
bachelor	an unmarried man
bachelorette	an unmarried woman
bacillus	a rod-shaped bacterium
backache	pain in the back
backbench	seats for ordinary lawmakers
backbencher	a junior, ordinary lawmaker
backboard	basketball hoop board
backbone	the spine, or main support
backbreaking	extremely hard physical work
backdoor	a hidden entrance
backdrop	a background scene or setting
backed	supported or endorsed
backer	a person who gives support
backfield	area behind the offensive line
backfire	an engine explosion
backgammon	a board game with dice
backhand	using the hand's back
backhanded	indirectly insulting
backhoe	a digging machine
backing	support or approval
backlash	a strong negative reaction
backless	without a back covering
backlog	a pile of unfinished work
backpack	a carried back bag
backpacker	a traveler with a backpack
backpacking	traveling with a backpack
backroom	a private, hidden place
backscatter	to reflect backward
backseat	a vehicle's rear seat
backside	the buttocks
backsliding	returning to bad old habits
backspace	a delete key
backstage	behind performance scenes
backstop	something that prevents failure
backstroke	a back swimming stroke
backtrack	to reverse a previous decision
backup	a supporting copy or reserve
backward	directed toward the rear
backwardness	lack of progress or development
backwards	toward the rear or past
backwash	water pushed back by movement
backwater	a stagnant place
backwoods	remote, rural forest areas
backyard	the yard behind a house
bacon	cured meat from a pig
bacteria	tiny single-celled organisms
bacterial	caused by bacteria
bactericidal	able to kill bacteria
bacteriological	about the study of bacteria
bacteriologist	scientist who studies bacteria
bacteriology	the study of bacteria
bacteriophage	a virus that infects bacteria
bacterium	a single bacteria organism
badass	tough and impressively confident
baddie	a villain in a story
badge	an id emblem
badger	a burrowing, striped animal
badgering	repeatedly pestering someone
badlands	dry, eroded, barren land
badminton	a shuttlecock racket sport
badmouth	to speak badly of someone
badness	the quality of being bad
baffle	something that confuses completely
baffled	completely confused
baffling	very confusing
bagatelle	a trivial, unimportant thing
bagel	a ring-shaped bread roll
baggage	luggage carried while traveling
bagger	one who bags items
bagging	putting things into bags
baggy	loose and hanging fabric
bagman	an illicit money collector
bagpipe	an air bag instrument
baguette	a thin bread loaf
baht	the currency of Thailand
bail	release payment money
bailee	person who temporarily holds property
bailey	a castle's outer wall
bailiff	a court officer
bailiwick	a person's area of expertise
bairn	a child, in Scottish speech
bait	food used to lure prey
baiting	deliberately provoking someone
bake	to oven-cook
baked	cooked in an oven
baker	a bread maker
bakery	a bread shop
baking	extremely hot
baklava	a sweet layered pastry
balaclava	a knitted cloth head covering
balanced	evenly proportioned or stable
balancer	something that keeps things stable
balancing	keeping something steady or even
balboa	the currency of Panama
balcony	a building platform
bald	hairless on head
balding	gradually losing hair
baldness	a hairless state
baldy	a person with no hair
bale	a hay bundle
baleen	whale mouth filters
baleful	threatening harm or evil
balk	a hesitant refusal
ballad	a slow narrative song
ballast	heavy material for stability
ballerina	a female ballet dancer
ballet	a graceful dance performance art
ballgame	a game of baseball
ballista	an ancient catapult weapon
ballistic	relating to fired projectiles
ballistics	the study of fired projectiles
balloon	an inflatable rubber bag
ballooning	hot air balloon travel
ballot	an election vote
balloting	the process of voting
ballpark	a rough estimate
ballplayer	a baseball player
ballpoint	a rolling-tip pen
ballroom	a large room for dancing
bally	used to express mild annoyance
balm	a soothing ointment
balmoral	a laced walking shoe
balmy	pleasantly warm and mild
baloney	nonsense or foolish talk
balsa	a very light soft wood
balsam	a soothing plant resin
balsamic	made from sweet dark vinegar
balustrade	a post-and-rail row
bam	a sudden loud hit
bambino	a little baby
bamboo	a tall woody grass plant
bamboozle	to trick or confuse
banal	boring from overuse
banality	dull unoriginality
banana	a long curved yellow fruit
bandage	a wound cloth strip
bandaged	wrapped in a wound covering
bandaging	wrapping a wound in cloth
bandana	a head cloth
bandanna	a head cloth
banded	marked with stripes
bandicoot	a small burrowing marsupial
banding	stripes or rings
bandit	an armed robber
banditry	robbery by armed outlaws
bandleader	a band's head
bandstand	an outdoor music stage
bandwagon	a popular trend people join
bandwidth	connection data capacity
bandy	curved outward at the legs
bane	a cause of great harm
banger	a loud firework
banging	very good or excellent
bangle	a rigid bracelet
banish	to send someone away permanently
banishment	forced removal from a place
banister	a handrail on a staircase
banjo	a stringed musical instrument
bankable	likely to succeed
banker	a bank worker
banknote	a piece of paper money
bankroll	money used to fund something
bankrupt	unable to pay one's debts
bankruptcy	a legal moneyless state
banksia	a flowering Australian shrub
banner	outstanding or excellent
banning	officially forbidding something
bannister	a handrail on a staircase
bannock	a flat unleavened bread
banns	a public marriage announcement
banquet	a large formal meal
banqueting	holding a large formal meal
banshee	a wailing myth spirit
bantam	very small in size
bantamweight	a light boxing class
banter	playful teasing talk
bantering	joking and teasing playfully
banting	a weight-loss diet plan
banyan	a large tropical fig tree
banzai	a Japanese victory shout
baobab	a thick-trunked African tree
bap	a soft bread roll
baptised	given a Christian naming ceremony
baptism	a religious ceremony with water
baptismal	about a water naming ceremony
baptize	to perform a water ceremony
baptized	given a Christian naming ceremony
barb	a sharp backward-pointing point
barbarian	uncivilized or savage
barbaric	extremely cruel and savage
barbarism	an act of great cruelty
barbarity	extreme cruelty
barbarous	extremely cruel and brutal
barbecue	an outdoor grill for cooking
barbecued	cooked over an open grill
barbecuing	cooking over a grill
barbed	having sharp points
barbell	a weighted lifting bar
barbeque	an outdoor grill for cooking
barber	someone who cuts men's hair
barbershop	a haircut shop
barbican	a fortified gateway tower
barbiturate	a sedative drug
bard	a tale-singing poet
bardic	relating to poets or storytellers
bare	uncovered or empty
bareback	riding without a saddle
bared	uncovered or exposed
barefaced	shockingly open and shameless
barefoot	without shoes or socks
barefooted	without shoes or socks
barf	vomit
bargain	a cheap good deal
bargaining	negotiating a deal
barge	a large flat boat
baring	uncovering or exposing
barite	a heavy mineral
baritone	a middle-range male singing voice
barium	a soft metallic element
bark	a dog's sharp sound
barkeep	a bar drink server
barker	a customer-attracting shouter
barley	a cereal grain crop
barmaid	a female bar server
barman	a male bar server
barmy	slightly crazy
barn	a farm building for storage
barnacle	a small shelled sea creature
barnyard	a farm building area
barometer	an instrument measuring air pressure
barometric	relating to air pressure
baron	a nobleman of low rank
baroness	a noblewoman of low rank
baronet	a sub-baron titled man
baronial	grand and lordly
barony	the estate of a nobleman
baroque	richly and heavily ornamented
barque	a small sailing ship
barrack	a building for housing soldiers
barracuda	a large fierce ocean fish
barrage	a heavy continuous attack
barred	blocked or forbidden
barrel	a large round wooden container
barreled	shaped like a barrel
barrelled	shaped like a barrel
barrels	large round wooden containers
barren	unable to produce life
barrette	a hair clip
barricade	a barrier blocking a path
barricaded	blocked off with a barrier
barrier	something that blocks passage
barring	except for or excluding
barrio	a Spanish-speaking neighborhood
barrister	a courtroom lawyer
barroom	a drink-serving room
barrow	a small wheeled cart
bartender	a bar drink server
barter	to trade goods without money
bartlett	a type of juicy pear
baryon	a heavy subatomic particle
basal	forming the base or foundation
basalt	a dark volcanic rock
basaltic	made of dark volcanic rock
baseboard	bottom wall trim
baseless	without any real support
baseline	a starting point for comparison
basement	an underground building floor
bash	a hard hit or party
bashful	shy and easily embarrassed
basics	the simplest essential facts
basil	a fragrant cooking herb
basilar	relating to a base
basilica	a large important church
basilisk	a gaze-killing legendary lizard
basin	a wide bowl for washing
bask	to relax in warmth
basket	a woven container
basketry	the craft of weaving baskets
bass	low in pitch
basset	a short-legged hunting dog
bassinet	a small baby bed
bassist	someone who plays the bass
basso	a low singing voice
bassoon	a low-pitched woodwind instrument
basswood	a soft wood tree
bast	fiber from tree bark
bastard	illegitimate or despicable
baste	a temporary holding stitch
baster	a tool for basting food
bastille	a fortress or prison
basting	stitching cloth loosely together
bastion	a stronghold or defense
batch	a made-together group
bate	to hold back or restrain
bated	held back in suspense
bathe	a water wash
bather	someone swimming or washing
bathhouse	a building for public bathing
bathing	washing or swimming in water
bathrobe	a post-bath robe
bathtub	a body-washing tub
bathymetric	relating to ocean depth measurement
batik	a wax-dyeing technique
batiste	a fine lightweight fabric
batman	a soldier's personal servant
baton	a conductor's stick
bats	crazy or insane
batsman	a cricket ball hitter
battalion	a large group of soldiers
batten	a wood support strip
batter	a flour and liquid mix
battered	badly damaged from repeated hits
battering	striking repeatedly and hard
batting	ball hitting
battlefield	a fighting site
battlefront	a fighting area
battleground	a fighting site
battler	a hard fighter
battleship	a heavily armed warship
batty	slightly crazy
batwing	shaped like a bat's wing
batwoman	a female bat-like superhero
bauble	a small showy trinket
baud	a data speed unit
baulk	to hesitate or refuse
bauxite	an aluminum ore
bawdy	humorously indecent
bawl	to cry loudly
bawling	crying loudly
bayonet	a rifle blade
bayou	a slow marshy stream
bazaar	a stall market
bazar	a stall market
bazillion	an extremely large number
bazooka	a shoulder-fired rocket launcher
bbl	a unit of oil measurement
bbs	an early online message board
beachfront	land bordering a beach
beachhead	a captured shore spot
beachwear	clothing worn at the beach
beacon	a guiding light or signal
bead	a small round decorative ball
beaded	decorated with small round balls
beading	small ball decoration
beadle	a minor church official
beads	small round decorative balls
beadwork	decoration made from small beads
beady	small and shiny
beagle	a small hunting dog breed
beak	a bird's hard pointed mouth
beaked	having a hard pointed mouth
beaker	a cup-shaped laboratory container
beam	a light ray or support
beaming	smiling brightly and happily
beamish	cheerful and radiant
bean	a small edible seed
beanbag	a soft cushioned seat
beanie	a small close-fitting knit hat
beano	a festive celebration or party
beanstalk	a bean plant stem
bearable	able to be endured
bearcat	a small tree-dwelling mammal
beard	facial hair on the chin
bearded	having facial hair
beardless	without facial hair
bearer	someone who carries something
bearing	relevant to a matter
bearish	expecting prices to fall
bearskin	bear fur or hide
beast	a large wild animal
beastly	very unpleasant or cruel
beatable	able to be defeated
beaten	defeated or struck repeatedly
beater	a whisking tool
beatific	blissfully happy
beatification	official declaration of holiness
beatified	declared blessed by the church
beatnik	a nonconformist from the 1950s
beats	rhythmic musical pulses
beau	a boyfriend or male admirer
beaut	an excellent example of something
beauteous	very beautiful
beautician	someone who gives beauty treatments
beautification	making something prettier
beautifully	in a lovely way
beautify	to make something more attractive
beaver	a large water-dwelling rodent
bebop	a fast jazz style
becalmed	stuck with no wind
beck	a small stream
becket	a ship's rope loop
beckon	to signal come closer
bedbug	a small blood-sucking insect
bedchamber	a bedroom
bedded	settled into a base
bedding	bed sheets and blankets
bedlam	a scene of wild confusion
bedraggled	messy from wet weather
bedridden	confined to bed by illness
bedrock	the solid foundation beneath soil
bedside	the area next to bed
bedspread	a decorative bed cover
bedtime	time to sleep
bee	a honey-making insect
beech	a type of tall tree
beechwood	wood from the beech tree
beef	meat from cattle
beefcake	a muscular attractive man
beefsteak	a slice of beef meat
beefy	muscular and strong
beehive	a home built by bees
beekeeper	someone who raises bees
beekeeping	the practice of raising bees
beeline	a fast direct path
beep	a short electronic sound
beeper	an alert-sound device
beery	smelling or tasting of beer
beeswax	wax made by bees
beet	a round root vegetable
beetle	a hard-shelled insect
beetroot	a round red root vegetable
befall	to happen to someone
befit	to be suitable for
befitting	appropriate or suitable
beforehand	done in advance
befriend	to become someone's friend
befuddled	confused and unclear in thought
beg	to ask for something urgently
beget	to produce or cause
beggar	someone who asks for money
begging	asking urgently for something
beginner	someone new at a skill
begonia	a flowering garden plant
begotten	brought into existence
begrudge	to resent giving something
beguile	to charm or deceive
beguiled	charmed or deceived
beguiling	charming in a deceptive way
begum	a high-rank muslim woman
behave	to act properly
behavioral	relating to how someone acts
behaviorism	a theory of observable actions
behaviorist	about observable action study
behavioural	relating to how someone acts
behead	to cut off someone's head
beheaded	had one's head cut off
beheading	cutting off a head
behemoth	something huge and powerful
behest	a command or request
behold	to see or look at
beholden	owing gratitude to someone
beholder	someone who looks at something
beholding	looking at or observing
behoove	to be necessary for
beige	a light tan color
belated	arriving later than expected
belatedly	later than expected
belay	to secure a climbing rope
belch	a stomach gas burst
belching	loud stomach gas release
belfry	a tower that holds bells
belie	to falsely represent
believability	how convincing something seems
believable	easy to accept as true
believer	a faithful person
believing	having faith in something
belittle	to make seem unimportant
belittled	made to seem less important
belittling	making someone seem less important
belladonna	a poisonous medicinal plant
bellarmine	an old stoneware jug
belle	a beautiful woman
bellflower	a bell-shaped flowering plant
bellicose	eager to fight
bellied	having a rounded middle
belligerence	an aggressive and hostile attitude
belligerent	hostile and aggressive
belling	the sound of ringing bells
bellman	a luggage-carrying hotel worker
bellow	a loud deep roar
bellowing	shouting loudly and deeply
bellows	a device that pumps air
bellwether	an indicator of future trends
belly	the stomach area
bellybutton	the stomach's small mark
belonging	a feeling of being accepted
belongings	personal possessions
beloved	dearly loved
belted	fastened with a strap
belting	a strap used to fasten
beltway	a highway around a city
beluga	a white whale
belvedere	a small viewing structure
bemoan	to complain about something
bemused	puzzled or confused
benchmark	a standard for comparison
bend	a curve or turn
bendable	able to be curved
bended	curved or folded
bender	a wild drinking spree
bending	curving something
bends	curves or turns
beneath	directly below
benedick	a newly married man
benedict	a newly married man
benedictine	a monastic order member
benediction	a closing blessing
benefactor	someone who gives financial help
benefice	a church position with income
beneficence	kindness and generosity
beneficent	doing good and kind acts
beneficial	helpful and good for you
beneficially	in a helpful way
beneficiary	receiving benefits or an inheritance
benevolence	kindness and goodwill
benevolent	kind and generous
benighted	ignorant or unenlightened
benign	gentle and not harmful
benjamin	the youngest or favorite member
bennet	a surname or plant variant
bennie	a stimulant pill
benny	a stimulant pill
bent	having a curve
benthic	relating to the ocean floor
bentonite	a type of absorbent clay
benzene	a flammable chemical liquid
benzoate	a chemical preservative salt
benzodiazepine	a calming or sleep-inducing drug
benzyl	a chemical group in compounds
bequeath	to leave in a will
bequest	will-left property
berate	to scold angrily
berating	an angry scolding
bereaved	having lost a loved one
bereavement	loss of a loved one
bereft	deprived and empty
beret	a soft flat round cap
berg	a huge ice chunk
bergamot	a flavoring citrus fruit
berk	a foolish person
berm	a raised bank of earth
berry	a small round juicy fruit
berserk	wildly out of control
berserker	a fierce reckless warrior
berth	a ship sleeping space
beryl	a hard precious mineral
beryllium	a light gray metal element
beseech	to beg earnestly
beset	troubled from all sides
besiege	to surround and attack
besieged	surrounded and under attack
besieging	surrounding to force surrender
besmirch	to damage someone's reputation
besotted	completely infatuated
bespectacled	wearing glasses
bespoke	made to order
bestial	brutal like an animal
bestiality	extreme animal-like cruelty
bestiary	a book of imaginary animals
bestow	to give as a gift
bestseller	a very popular selling book
beta	an early test version
betaine	a natural body chemical compound
betel	a chewed stimulant leaf
beth	the second Hebrew letter
bethel	a sacred meeting place
betide	to happen to someone
betray	to be disloyal to
betrayal	an act of disloyalty
betrayer	someone who betrays another
betrothal	an engagement to marry
betrothed	engaged to be married
bettering	making something improve
betterment	an improvement in condition
betting	related to wagering money
bettor	a person who bets
betwixt	between two things
bevel	a slanted edge
beverage	a drink
bevy	a large group
beware	to be cautious of danger
bewildered	confused and puzzled
bewilderment	a state of confusion
bewitch	to cast a spell
bewitched	put under a magic spell
bewitching	magically charming
bey	a Turkish ruler or governor
bezel	a watch face rim
bhakti	devoted religious worship
biannual	happening twice a year
bias	favoring one side unfairly
biased	unfairly favoring one side
bib	a clothing-protecting cloth
biblical	relating to the Bible
bibliographic	relating to book lists
bibliographical	relating to source lists
bibliography	a list of sources used
bibliophile	a lover of books
bibliotheca	a collection of books
bicameral	having two legislative houses
bicarbonate	a common alkaline chemical salt
bicentenary	marking two hundred years
bicentennial	marking two hundred years
biceps	the front upper arm muscle
bicker	a petty quarrel
bickering	arguing over small things
bicolor	having two colors
bicycle	a two-wheeled pedal vehicle
bicycling	riding a bicycle
bicyclist	a person riding a bicycle
bidder	someone offering a price
bidding	an offer of a price
biddy	an old woman
bide	to wait patiently
bidet	a bathroom washing fixture
bidirectional	moving in both directions
biennial	happening every two years
biennially	once every two years
bier	a stand for a coffin
biff	a hard punch or hit
bifurcated	split into two branches
bifurcation	a division into two parts
bigamy	being married to two people
biggin	an old-fashioned cap
bighorn	a wild mountain sheep
bight	a curve in a coastline
bigot	an unfairly prejudiced person
bigoted	strongly and unfairly prejudiced
bigotry	strong unfair prejudice
bigwig	an important powerful person
bijou	a small elegant item
biker	a person who rides motorcycles
bikers	people who ride motorcycles
bikini	a small two-piece swimsuit
bilateral	involving two sides
bilaterally	affecting both sides equally
bile	a bitter digestive fluid
bilge	the bottom of a ship
biliary	relating to bile
bilinear	varying in two directions
bilingual	able to speak two languages
bilingualism	a two-language ability
bilious	feeling sick or irritable
bilirubin	a blood breakdown substance
bilk	to cheat someone of money
billabong	a stagnant pool of water
billboard	a large outdoor advertisement sign
billed	charged for payment
billet	a soldier's lodging place
billiard	relating to a table game
billiards	a cue-ball game
billing	being charged for something
billionaire	a person worth a billion
billionth	one part in a billion
billow	a swelling wave or cloud
billowing	swelling and rolling outward
bimbo	an attractive but shallow person
bimodal	having two distinct peaks
bimonthly	happening every two months
bin	a storage container
binary	made of only two parts
binaural	using two ears or channels
bind	a difficult situation
binder	a folder for holding papers
binding	legally required to follow
binge	a period of excessive indulgence
bingo	a number-matching game
binocular	using both eyes together
binoculars	a far-seeing device
binomial	made of two terms
biochemical	about living chemistry
biochemist	a scientist studying life chemistry
biochemistry	the chemistry of living things
biodegradable	able to decompose naturally
biodiversity	variety of living species
bioengineering	engineering applied to living things
bioethics	ethics of biological research
biofeedback	monitoring body functions
biogenesis	the origin of living things
biogenic	produced by living organisms
biogeography	the study of species distribution
biographer	a life-story writer
biographical	about a life story
biography	a written life story
biohazard	a dangerous biological substance
biologic	relating to living organisms
biologically	in a living-things way
biologist	a scientist studying living things
biology	the study of living things
bioluminescence	light produced by living organisms
bioluminescent	producing light from within
biomass	organic matter used as fuel
biome	a large natural habitat region
biomedical	relating to medicine and biology
biomedicine	medicine based on biology
biometrics	measuring unique body features
bionic	enhanced with mechanical parts
bionics	mechanical body enhancement study
biophysics	physics applied to living things
biopsy	a tissue sample for testing
bioremediation	using organisms to clean pollution
biosafety	safety measures against biological hazards
bioscience	science of living things
biosphere	earth's life-supporting layer
biostatistics	statistics applied to biology
biosynthesis	cell-made substance creation
biosynthetic	made through living processes
biota	a region's living organisms
biotech	technology based on biology
biotechnology	technology using living organisms
bioterrorism	using germs as weapons
biotic	relating to living organisms
biotin	a vitamin for healthy cells
biotite	a dark mineral in rocks
bipartisan	supported by two political parties
bipartite	made of two distinct parts
biped	walking on two legs
bipedal	walking on two legs
biplane	a two-winged airplane
bipolar	having two extreme mood states
biracial	having parents of two races
birch	made from a pale tree
birdcage	a cage for keeping birds
birdhouse	a small shelter for birds
birdie	one under golf par
birdsong	the singing of birds
birr	the currency of Ethiopia
birthing	the process of giving birth
birthmark	a birth skin mark
birthplace	the place someone was born
birthrate	births per population
birthright	a privilege due by birth
biryani	a spiced rice dish
biscuit	a small baked bread item
bisexual	attracted to both genders
bisexuality	attraction to both genders
bishopric	the area a bishop oversees
bismark	a type of filled pastry
bismuth	a brittle pinkish metal
bison	a large wild ox-like animal
bisque	a smooth creamy soup
bistro	a small casual restaurant
bitchy	unpleasantly spiteful
biter	one who bites
biting	sharply critical or painful
bitmap	a dot-based image
bitter	having a sharp unpleasant taste
bitterly	in a harsh resentful way
bittern	a booming marsh bird
bitterness	a feeling of resentment
bitters	a strong flavored alcoholic liquid
bittersweet	both pleasant and sad
bitty	very small
bitumen	a thick black tar substance
bituminous	containing tar-like substance
bivalve	having two hinged shells
bivariate	involving two variables
bivouac	a temporary outdoor camp
biweekly	happening every two weeks
biz	informal word for business
bizarre	very strange or odd
blab	to reveal secrets carelessly
blabber	someone who talks too much
blackberry	a small dark juicy berry
blackbird	a common dark songbird
blackboard	a chalk writing board
blacken	to make something black
blackened	made dark or charred
blackening	the act of darkening something
blackface	dark makeup mimicking black people
blackfish	a dark colored fish
blackguard	a dishonorable scoundrel
blackhead	a small skin blockage
blacking	a dark polish for shoes
blackish	somewhat black in color
blackjack	a card game or weapon
blacklist	a list to avoid
blackmail	demanding money through threats
blackmailer	a threat-based money demander
blackness	the quality of being black
blackout	a temporary power loss
blacksmith	a worker who forges metal
blackthorn	a thorny dark-fruit shrub
blacktop	a paved asphalt surface
blackwater	dark polluted water
blackwood	a dark colored wood
bladder	an organ storing urine
blade	a tool's cutting edge
bladed	fitted with a sharp edge
blah	dull and uninteresting talk
blain	a skin sore
blamed	held responsible for a fault
blameless	free from wrongdoing
blanc	white in color
blanch	to briefly boil food
blanched	turned pale or briefly boiled
bland	lacking strong flavor or interest
blandly	in a dull unexciting way
blandness	a lack of flavor
blank	empty and without content
blanket	covering everything completely
blanketed	completely covered over
blankly	with no expression
blare	a loud harsh noise
blaring	making a loud harsh noise
blarney	flattering persuasive talk
blase	unimpressed due to overfamiliarity
blaspheme	to disrespect sacred things
blasphemer	one who insults sacred things
blasphemous	disrespectful of sacred things
blasphemy	disrespect toward sacred things
blasted	damaged by an explosion
blaster	a device that shoots forcefully
blasting	exploding or firing forcefully
blastocyst	an early stage embryo
blatant	very obvious and shameless
blatantly	in an obvious shameless way
blather	pointless rambling talk
blaze	a large intense fire
blazer	a formal lightweight jacket
blazing	burning intensely bright
blazon	a coat of arms design
bleach	a whitening chemical
bleached	made lighter through chemicals
bleacher	an outdoor stadium seating bench
bleachers	rows of outdoor stadium seats
bleak	cold, empty, and depressing
bleakness	a depressing emptiness
bleary	tired and unfocused eyes
bleat	a sheep's cry
bleed	to lose blood
bleeder	one prone to bleeding easily
bleeding	losing blood from a wound
bleep	a short electronic beep sound
blemish	a small flaw or mark
blemished	marked with a small flaw
blend	a mixture of different things
blended	mixed thoroughly together
blender	a machine for mixing food
blending	mixing things together smoothly
bless	to ask divine favor for
blessed	favored by divine grace
blessing	something bringing happiness
blest	favored by divine grace
bleu	a French word for blue
blight	something that damages or spoils
blighted	badly damaged or ruined
blimp	a frameless airship
blinded	deprived of sight
blinder	something that limits one's view
blindfold	covering the eyes
blindfolded	having the eyes covered
blinding	painfully bright
blindly	without seeing or thinking carefully
blindness	the inability to see
blindside	to attack unexpectedly
bling	flashy expensive jewelry
blink	a quick eye closing
blinker	a flashing turn signal light
blinking	quickly opening closing eyes
blinks	quick closings of the eyes
blip	a brief unimportant change
bliss	perfect happiness
blissful	perfectly happy
blissfully	in perfect happiness
blister	a fluid-filled skin bubble
blistering	extremely intense or harsh
blithe	carefree and cheerful
blithely	in a carefree cheerful way
blitz	a sudden intense attack
blitzkrieg	a fast intense military attack
blizzard	a severe snowstorm
bloat	an uncomfortable swelling feeling
bloated	swollen and puffy
blob	a small shapeless lump
bloc	a group of allied countries
blockade	a barrier stopping supplies
blockaded	sealed off with a barrier
blockading	sealing off with a barrier
blockage	something that blocks a passage
blockbuster	a hugely successful movie
blocker	someone or something that obstructs
blockhead	a stupid person
blockhouse	a small fortified building
blocking	preventing something from passing
blocky	shaped like a solid block
blogger	an online journal writer
bloke	an informal man
blond	having light colored hair
blonde	having light colored hair
bloodbath	a violent massacre
blooded	having a certain blood type
bloodhound	a keen-smelling dog
bloodless	without violence or bloodshed
bloodletting	deliberately draining blood, historically medical
bloodline	a line of ancestry
bloodlust	a strong desire for violence
bloodshed	the killing of people
bloodshot	red and irritated eyes
bloodstained	marked with blood
bloodstock	horses bred for racing
bloodstone	a dark green gemstone
bloodstream	blood flowing in body
bloodthirsty	eager for violence
bloody	covered in blood
bloom	a flower in full growth
bloomer	an embarrassing mistake
bloomers	old-fashioned loose women's underwear
blooming	flowering fully
blooper	an embarrassing mistake
blossom	a flower on a plant
blossoming	developing and flourishing
blot	a spot or stain
blotch	an irregular discolored patch
blotchy	marked with irregular patches
blotter	an ink-soaking paper
blouse	a woman's loose upper garment
blowback	an unintended negative consequence
blower	a device that pushes air
blowfish	a self-inflating fish
blowhard	a person who boasts loudly
blowhole	a whale's breathing opening
blowing	pushing air forcefully
blowjob	an act of oral sex
blown	pushed by moving air
blowout	a sudden bursting failure
blowtorch	a hot-flame tool
blowup	a sudden angry outburst
blubber	fat layer under animal skin
blucher	a type of lace-up shoe
bludgeon	a heavy club weapon
bluebell	a small blue bell-shaped flower
blueberry	a small round blue fruit
bluebird	a small blue songbird
bluefin	a large ocean tuna fish
bluefish	a fast silvery ocean fish
bluegill	a small freshwater sunfish
bluegrass	a style of folk music
blueprint	a detailed plan for something
bluestone	a type of blue-gray rock
bluff	openly friendly and blunt
bluish	slightly blue in color
blunder	a careless mistake
blunderbuss	an old wide-barreled gun
blunt	not sharp or pointed
blunted	made less sharp
bluntly	in a very direct way
bluntness	being very direct and plain
blur	a smeared, unclear image
blurb	a short promotional description
blurred	unclear and out of focus
blurry	unclear and hard to see
blurt	to say suddenly without thinking
blush	a reddening of the face
blusher	cheek-coloring makeup
blushing	turning red from embarrassment
bluster	loud, empty threatening talk
blustering	speaking loudly and aggressively
blustery	windy and stormy
boa	a squeezing large snake
boar	a wild male pig
boarder	a paying lodger
boarding	getting onto a vehicle
boardroom	a room for company meetings
boardwalk	a beach wooden path
boast	a proud statement about oneself
boastful	proudly bragging too much
boasting	talking proudly about oneself
boater	a stiff straw hat
boathouse	a shed for storing boats
boating	traveling by boat for fun
boatload	a large amount or group
boatman	a boat operator
boatswain	a ship's crew officer
boatyard	a boat storage place
bobbin	a spool for thread
bobble	a small decorative ball
bobby	a British police officer
bobcat	a small wild American cat
bobsled	a fast steering sled
bobsleigh	a fast steering sled
bocce	a lawn ball game
bock	a strong dark beer
bod	a person's body
bodacious	remarkably impressive
bode	to signal what's coming
bodega	a small neighborhood store
bodice	a dress's upper part
bodied	having a certain body
bodily	relating to the physical body
bodkin	a small blunt needle
bodybuilder	a muscle-training person
bodybuilding	training to build large muscles
bodyguard	a hired protector
bodywork	a vehicle's outer shell
boeuf	the French word for beef
boffin	a scientific expert
bog	a muddy wet area
bogey	an evil or annoying thing
bogeyman	an imaginary scary creature
boggle	to be confused or amazed
boggy	wet and muddy
bogie	a vehicle's wheeled frame
bogus	fake or not genuine
bohemia	a place of unconventional artists
bohemian	unconventional and artistic
boil	a painful skin swelling
boiled	cooked in hot water
boiler	a tank that heats water
boilerplate	standard, reused wording
boiling	heating liquid to bubbling
boisterous	noisy and full of energy
bola	a weighted throwing weapon
bold	brave and confident
boldface	dark, thick printed letters
boldly	in a brave, confident way
boldness	confident and daring behavior
bole	the trunk of a tree
bolero	a short open jacket
bolivar	the currency of Venezuela
bolivia	a country in South America
boll	a cotton plant's seed pod
bollard	a short post blocking traffic
bollocks	to mess something up
bolo	a corded necktie
bologna	a processed lunch meat
bolster	a long supporting pillow
bolt	a metal fastening pin
bolus	a rounded food mass
bombard	a strong attacking barrage
bombardier	a bomb-releasing crew member
bombardment	a heavy attack with bombs
bombast	pompous, exaggerated language
bombastic	using grand but empty language
bomber	an aircraft that drops bombs
bombing	an attack using explosives
bombshell	a shocking piece of news
bonanza	a sudden wealth source
bonbon	a small piece of candy
bondage	the state of being enslaved
bonding	forming a close connection
bondsman	someone who guarantees a debt
boned	having the bones removed
bonehead	a stupid person
boneless	having no bones
boner	an embarrassing mistake
boney	very thin, with bones showing
bonfire	a large outdoor fire
bong	a device for smoking
bongo	a small hand drum
bonheur	the French word for happiness
boniface	a friendly innkeeper
bonito	a small tuna-like fish
bonk	to hit something lightly
bonkers	completely crazy
bonnet	a chin-tied hat
bonnie	pretty and pleasant
bonny	pretty and healthy-looking
bonobo	a chimp-related small ape
bonsai	a miniature potted tree
bony	thin, with bones showing
boo	a shout of disapproval
boob	a foolish mistake
booby	a foolish person
booger	dried mucus from the nose
boogeyman	an imaginary scary creature
boogie	to dance to music
bookable	able to be reserved
bookbinder	a person who binds books
bookbinding	the craft of binding books
bookcase	a shelf for holding books
booked	already reserved
bookend	a support holding books upright
booker	a person who arranges bookings
bookie	someone who takes betting wagers
booking	a reservation made in advance
bookish	fond of reading and studying
bookkeeper	a person who records finances
bookkeeping	the recording of financial accounts
booklet	a small thin book
bookmaker	a bet-taking person
bookman	a person devoted to books
bookmark	a reading place marker
bookseller	a person who sells books
bookshelf	a shelf for holding books
bookshop	a store that sells books
bookstore	a store that sells books
bookworm	a person who loves reading
boomer	a postwar-born person
boomerang	a returning curved stick
booming	loud and deep sounding
boon	a helpful and welcome benefit
boondocks	a remote, rural area
boondoggle	a wasteful, pointless project
boor	a rude, ill-mannered person
boorish	rude and ill-mannered
booster	something that increases strength
boot	an ankle-covering shoe
booted	wearing boots
booth	a small enclosed stall
bootie	a soft baby shoe
bootleg	illegally made or copied
bootlegger	someone who makes illegal goods
bootlegging	making or selling illegal goods
bootstrap	improving with existing resources
booty	stolen goods or treasure
booze	alcoholic drink
boozer	a heavy drinker
boozing	drinking a lot of alcohol
boozy	full of alcohol
bop	a light punch or hit
borate	a chemical compound of boron
borax	a white mineral cleaning powder
bordello	a house of prostitution
bordered	having an edge or boundary
borderland	an area near a boundary
borderline	barely within a category
bore	a dull, tiresome person
boreal	relating to northern forests
bored	feeling uninterested and restless
boredom	the feeling of being uninterested
borer	a hole-drilling tool
boric	relating to boron
boron	a chemical element
borosilicate	a type of heat-resistant glass
borough	a town or district division
borrow	to take something temporarily
borrower	a person who borrows something
borrowing	taking something temporarily
borscht	a beet-based Eastern European soup
borstal	a former youth prison
bosh	nonsense talk
bosom	a person's chest area
boson	a type of subatomic particle
bossy	fond of ordering people around
bot	an automated computer program
botanic	relating to plants
botanical	relating to plants
botanist	a scientist who studies plants
botany	the scientific study of plants
botch	a badly done, ruined job
botched	badly done and ruined
bothered	annoyed or troubled
bothersome	annoying and troublesome
bottleneck	a point that slows progress
bottlenose	a type of common dolphin
bottler	a company that bottles drinks
bottomed	having reached the lowest point
bottomless	having no bottom or end
botulinum	a dangerous nerve-damaging toxin
botulism	a serious food poisoning illness
boudoir	a woman's private room
bougainvillea	a flowering climbing vine
bough	a large tree branch
bouillon	a clear broth
boulder	a large rounded rock
boule	a round bread loaf
boulevard	a wide city street
bounce	a springing rebound movement
bouncer	a guard who removes troublemakers
bouncing	springing back after hitting something
bouncy	springy and full of energy
boundary	a line marking a limit
bounded	limited within a border
boundless	having no limit
bounds	the limits of something
bountiful	generously plentiful
bounty	a generous reward or gift
bouquet	a bunch of flowers
bourbon	a type of American whiskey
bourdon	a low droning musical tone
bourgeois	typical of the middle class
bourgeoisie	the middle social class
bourguignon	cooked in red wine sauce
bourn	a small stream
bourne	a small stream
bout	a short period of activity
boutique	a small stylish shop
bovine	relating to cattle
bowed	bent forward or curved
bowel	part of the intestine
bowels	the intestines
bower	a shady garden shelter
bowery	run-down and shabby
bowing	bending forward respectfully
bowler	a hard rounded hat
bowling	a ball-and-pins game
bowls	a lawn game with balls
bowman	a person who shoots arrows
bowtie	a knotted neck ribbon
boxcar	a train car for cargo
boxcars	train cars for cargo
boxed	packed inside a container
boxer	a fist fighter
boxers	loose men's underwear shorts
boxing	the sport of fist fighting
boxwood	a small evergreen shrub
boxy	shaped like a box
boycott	a dealing refusal
boyhood	time as a boy
boyish	like a young boy
bozo	a foolish or silly person
bpi	bits stored per inch
bpm	beats counted per minute
bps	bits transferred per second
bra	a woman's undergarment for breasts
brace	a steadying support
braced	prepared for something difficult
bracelet	a wrist band
braces	metal devices straightening teeth
brachial	relating to the arm
bracing	refreshing and invigorating
bracken	a type of tall fern
bracket	a support piece or grouping
brackish	slightly salty water
brad	a small thin nail
bradycardia	an abnormally slow heartbeat
brae	a hillside slope
brag	boastful talk
braggart	someone who boasts constantly
bragging	talking boastfully
brahman	a hindu priestly class member
brahmin	an elite class member
braid	hair woven into strands
braided	woven into interlocking strands
braiding	weaving hair or strands together
braille	a touch-based reading system
brainchild	an original idea or invention
brainiac	an extremely intelligent person
brainless	lacking sense or intelligence
brainpower	mental ability and intelligence
brainstem	the brain's base part
brainstorm	a burst of creative ideas
brainstorming	generating ideas as a group
brainwash	to force belief change
brainwashed	having one's beliefs forcibly changed
brainwashing	forcing someone to change beliefs
brainwave	a sudden clever idea
brainy	very intelligent
braise	to cook slowly in liquid
braised	slowly cooked in liquid
braising	cooking slowly in liquid
brake	a device that stops motion
brakeman	a train worker operating brakes
brakes	devices that stop motion
braless	not wearing a bra
bramble	a thorny wild bush
bran	the outer layer of grain
branched	divided into separate parts
branching	dividing into separate parts
branded	marked with a company's name
branding	creating product identity
brandish	a weapon-waving threat
brandy	a strong wine-based liquor
brant	a small wild goose
brash	bold and rudely confident
brass	a yellowish metal alloy
brassard	a cloth armband
brasserie	a casual French restaurant
brassiere	a woman's undergarment for breasts
brassy	loud and boldly showy
brat	a badly behaved child
bratty	behaving like a spoiled child
bratwurst	a type of German sausage
bravado	bold showy confidence
bravely	in a courageous way
bravery	courage in facing danger
bravo	a shout of approval
bravura	bold showy skill display
brawl	a rough, noisy fight
brawler	a person who fights roughly
brawn	physical strength
brawny	strong and muscular
bray	a loud harsh donkey cry
brazen	shamelessly bold
brazenly	in a shamelessly bold way
brazier	a container for burning coals
breach	a rule-breaking gap
breadbasket	a food-growing region
breadboard	a board for slicing bread
breadcrumb	a dried bread bit
breadfruit	a large starchy tropical fruit
breadth	a range or width
breadwinner	a family's main earner
breakable	easily broken
breakage	damage from being broken
breakaway	separating from a larger group
breakdown	a sudden failure or collapse
breaker	a large crashing wave
breakers	large crashing waves
breakneck	dangerously fast
breakout	a sudden escape or emergence
breakthrough	an important sudden discovery
breakup	the end of a relationship
breakwater	a barrier protecting a shore
bream	a common freshwater fish
breasted	having a certain chest
breastfeed	to feed with breast milk
breastplate	armor covering the chest
breaststroke	a swimming stroke style
breathalyzer	a breath alcohol tester
breathe	to take air in
breathed	took air in and out
breather	a short rest pause
breathing	taking air in and out
breathless	unable to breathe easily
breathlessly	while gasping for breath
breathlessness	difficulty in breathing
breathtaking	amazingly beautiful or exciting
breccia	rock made of broken fragments
breech	a gun barrel's back part
breeches	trousers ending below the knee
breed	a particular type of animal
breeder	a person who raises animals
breeding	raising animals or plants
breeze	a light, gentle wind
breezy	pleasantly windy
brent	a small dark wild goose
brethren	fellow members of a group
breve	a musical note symbol
brevet	a temporary military rank
breviary	a book of daily prayers
brevity	shortness and conciseness
brew	a drink made by brewing
brewer	a person who makes beer
brewery	a beer-making place
brewing	the process of making beer
brewpub	a self-brewing bar
briar	a thorny bush
bribe	dishonest influence money
bribery	giving dishonest influence money
brick	a building block
bricklayer	a brick construction worker
bricklaying	brick construction work
brickwork	a structure built of bricks
brickyard	a brick-making place
bridal	relating to a wedding
bride	a soon-married woman
bridegroom	a soon-married man
bridesmaid	a bride's assistant
bridgehead	a gained enemy position
bridle	a horse head strap
briefcase	a case for carrying papers
briefing	a short meeting giving instructions
briefly	for a short time
briefs	short close-fitting underwear
brier	a thorny plant
brig	a small ship's prison
brigade	a large group of soldiers
brigadier	a senior military officer
brigand	a bandit or robber
brigantine	a two-masted sailing ship
brighten	to make or become lighter
brightly	in a shining way
brightness	a light-giving quality
brill	a type of flatfish
brilliance	great skill or intelligence
brilliantly	in an impressively skillful way
brim	the upper edge of something
brimming	completely full
brimstone	an old word for sulfur
brindle	streaked brownish coloring
brine	very salty water
brink	the edge of something risky
briny	very salty
brio	lively energy and enthusiasm
brioche	a rich, buttery bread
briony	a climbing wild plant
brisk	quick and energetic
brisket	a chest meat cut
briskly	in a quick, energetic way
bristle	a short stiff hair
bristled	covered with stiff hairs
bristly	covered in short stiff hairs
brit	a young herring fish
britches	trousers
britt	a small young fish
brittle	easily broken
broach	a decorative pin
broached	brought up for discussion
broadband	relating to fast internet connections
broadcaster	a radio or tv presenter
broadcasting	sending radio or tv shows
broaden	to make wider
broadening	the act of making wider
broadleaf	having wide flat leaves
broadly	in a general way
broadsheet	a large-format newspaper
broadside	facing sideways
broadsword	a wide, heavy sword
brocade	a raised-pattern fabric
broccoli	a bud-headed vegetable
brochure	a small informative booklet
brogan	a heavy work boot
brogue	a strong regional accent
broil	direct heat cooking
broiled	cooked with direct high heat
broiler	a direct-heat cooking device
broiling	cooking with direct high heat
brokenhearted	deeply sad from loss
broker	a person who arranges deals
brokerage	a business that arranges deals
brolly	an umbrella
bromance	a close friendship between men
brome	a type of grass
bromide	a dull, unoriginal remark
bromine	a reddish liquid chemical element
bronc	a wild, unbroken horse
bronchial	about lung airways
bronchitis	inflammation of the airway lining
bronco	a wild or untamed horse
brontosaurus	a huge long-necked dinosaur
brony	an adult cartoon fan
bronze	made of brownish alloy
bronzed	given a golden-brown color
bronzer	a skin-darkening cosmetic
brooch	a clothing decorative pin
brood	a family of young animals
brooding	thinking deeply and unhappily
broody	moody and preoccupied
brook	a small stream
broom	a tool for sweeping
broomstick	the handle of a broom
broth	a thin soup or stock
brothel	a place selling sex
brotherhood	close friendship among men
brotherly	kind, like a brother
brougham	an old horse-drawn carriage
brouhaha	a noisy fuss
brow	the forehead or eyebrow area
browned	cooked to a brown color
brownie	a small chocolate square dessert
browning	turning brown
brownish	somewhat brown in color
brownstone	a reddish-brown stone building
browse	casual looking around
browser	a program for viewing websites
browsing	looking around casually
brucellosis	a bacterial disease from animals
bruin	an old word for bear
bruise	an injury dark mark
bruiser	a tough, strong person
bruising	causing a dark injury mark
brunch	a late-morning meal
brunet	having dark brown hair
brunette	having dark brown hair
brunt	the main force of harm
brush	a bristled cleaning tool
brushed	smoothed with a brush
brushing	cleaning with a brush
brushwork	the style of painting strokes
brushy	covered with thick shrubs
brusque	blunt and abrupt in manner
brut	very dry, as of champagne
brutal	extremely harsh or violent
brutality	extreme cruelty or violence
brutalize	to treat with great cruelty
brutally	in a harsh, violent way
brute	savage and unthinking
brutish	cruel and unrefined
bryony	a climbing wild plant
bubble	a thin gas pocket
bubbler	a bubbling drinking fountain
bubbling	forming bubbles
bubbly	full of bubbles or cheerful
bubonic	relating to a deadly plague
buccal	relating to the mouth
buccaneer	a pirate
buck	a male deer
buckaroo	a cowboy
bucket	a container for carrying liquid
buckeye	a shiny-seeded tree
buckle	a belt fastener
buckler	a small round shield
buckshot	small lead pellets for shooting
buckskin	soft leather from deer hide
buckthorn	a thorny shrub
buckwheat	a grain-like flour plant
bucolic	pleasantly rural
bud	an undeveloped plant shoot
budding	just beginning to develop
budge	to move slightly
budgetary	relating to money planning
budgie	a small pet parrot
buff	a pale yellowish-brown color
buffalo	a large wild ox
buffer	something that cushions or protects
buffet	a meal with self-served dishes
buffeted	repeatedly struck by force
buffeting	repeated striking by force
buffoon	a foolish, silly person
buffoonery	silly, foolish behavior
bug	a small insect
bugaboo	an imaginary source of fear
bugbear	a persistent worry or annoyance
bugged	annoyed or irritated
bugger	an annoying person or thing
buggery	an old legal sodomy term
buggy	full of insects or glitches
bugle	a simple brass instrument
bugler	a bugle player
buhl	inlaid decorative metalwork
builder	a person who constructs buildings
buildup	a gradual increase
bulb	a rounded light-producing device
bulbous	round and swollen
bulge	a rounded swelling
bulging	swelling outward
bulgur	cracked wheat used in cooking
bulimia	a binge-purge eating disorder
bulimic	relating to an eating disorder
bulk	the main mass size
bulkhead	a ship dividing wall
bulky	large and awkward to handle
bulla	an official seal or document
bulldog	a stocky, strong-jawed dog breed
bulldoze	to force through forcibly
bulldozer	a machine for clearing ground
bullet	a small metal projectile
bulletin	a short official announcement
bulletproof	able to stop bullets
bullfight	a bull public contest
bullfighter	a person who fights bulls
bullfighting	the sport of fighting bulls
bullfrog	a deep-croaking large frog
bullhead	a type of freshwater fish
bullhorn	a hand-held loudspeaker
bullion	bulk gold or silver
bullish	confidently optimistic
bullock	a young castrated bull
bullpen	an area for relief pitchers
bullring	an arena for bullfights
bully	someone who intimidates others
bullying	intimidating or hurting someone weaker
bulwark	a strong defensive wall
bum	poor quality or broken
bumble	to move clumsily
bumblebee	a large fuzzy stinging insect
bumbling	clumsy and awkward
bummer	a disappointing situation
bump	a small collision or lump
bumper	a car's guard bar
bumpkin	an unsophisticated rural person
bumpy	full of small bumps
bun	a small round bread roll
buna	a type of synthetic rubber
bunce	unexpected extra profit
buncombe	empty, insincere talk
bundle	tied together things
bundling	packaging things together
bung	a stopper for a barrel
bungalow	a small one-story house
bungee	an elastic cord
bungle	a clumsy mistake
bungled	done badly or clumsily
bungling	acting clumsily and incompetently
bunion	a foot's painful swelling
bunk	a narrow built-in bed
bunker	an underground shelter
bunny	a rabbit
buns	small round bread rolls
bunsen	a lab gas burner
bunt	a soft baseball tap
bunter	a player who bunts
bunting	decorative flags or banners
buoy	a floating marker in water
buoyancy	the ability to float
buoyant	able to float easily
bur	a prickly seed case
burden	a heavy load or responsibility
burdened	weighed down heavily
burdensome	causing difficulty or hardship
burdock	a plant with prickly burrs
bureaucracy	a rigid official rule system
bureaucrat	a strict-procedure official
bureaucratic	full of rigid official procedure
burg	a town or city
burgeoning	growing rapidly
burger	a meat patty sandwich
burgess	a citizen of a town
burgh	a Scottish town
burgher	a middle-class town citizen
burglar	a break-in thief
burglary	the crime of break-in theft
burgle	to break in and steal
burgundy	a deep purplish-red color
burial	putting a body in ground
burka	a full-body covering garment
burke	to suppress or hush up
burl	a knotty wood growth
burlap	a coarse woven fabric
burlesque	comically exaggerated and mocking
burly	big and strong
burner	a flame-producing device
burnish	a shine from polishing
burnished	polished to a shine
burnside	a style of facial sideburns
burnt	damaged or cooked by fire
burp	a release of stomach gas
burping	releasing gas from the stomach
burqa	a full-body covering garment
burr	a rough prickly edge
burrito	a wrapped tortilla with filling
burro	a small donkey
burrow	an animal-dug tunnel
burry	covered with prickly seed cases
bursa	a body cushioning sac
bursar	a school's finance officer
bursary	a money scholarship grant
bursitis	a joint cushion swelling
burst	a sudden explosive release
bury	to place in the ground
burying	placing something in the ground
busboy	a table-clearing worker
busby	a tall fur military hat
bushel	a grain measuring unit
bushing	a protective metal lining
bushman	a wild-bush dweller
bushy	thick and shaggy
busily	in a hardworking, active way
businesslike	efficient and practical
businessman	a business working man
businessmen	men who work in business
businesspeople	people who work in business
businessperson	a business worker
businesswoman	a business working woman
busk	to perform for public money
busker	a street musician
buss	a kiss
bust	failed or broken
busted	broken or caught doing wrong
buster	a lively or troublesome person
bustier	a tight strapless top
bustle	energetic, busy activity
bustling	full of lively activity
busty	having a large chest
busybody	a meddling person
busyness	being very occupied
butadiene	a rubber-making chemical
butane	a flammable fuel gas
butch	tough and masculine in style
butcher	a person who sells meat
butchering	cutting up meat for sale
butchery	meat cutting and selling
butler	a male head servant
butt	an end or target
butte	an isolated steep hill
butterball	a plump, round person
buttercup	a small yellow wildflower
butterfly	a colorful winged insect
buttermilk	liquid left from butter
butternut	a type of squash
butterscotch	a butter-sugar candy flavor
buttery	rich with butter
buttock	a rear body cheek
buttocks	the rear body cheeks
buttoned	fastened with buttons
buttonhole	a button-fastening slit
buttress	a wall support
buttressed	supported and strengthened
butyl	a fuel chemical group
buxom	full-figured and healthy-looking
buyback	a share repurchase
buyer	a person who purchases something
buyout	buying a controlling share
buzz	a low humming sound
buzzard	a large bird of prey
buzzer	a buzzing sound device
buzzing	making a low humming sound
buzzword	a trendy, overused term
bycatch	unwanted fish caught unintentionally
bygone	from the past
bylaw	a local rule or regulation
bypass	a route around an obstacle
byproduct	something produced incidentally
bystander	a non-acting watcher
byte	a unit of digital information
byway	a minor side road
byword	a well-known example of something
cab	a taxi
cabal	a secret plotting group
cabana	a beach or pool shelter
cabaret	a nightclub show with music
cabbage	a leafy round vegetable
cabin	a small simple house
cabinetry	built-in storage cupboards
cabochon	a polished, unfaceted gemstone
caboose	a train's last car
cabriolet	a convertible car or carriage
cacao	a chocolate-making bean
cache	a hidden store of things
cachet	a mark of prestige
cackle	a harsh, cracked laugh
cacophony	a harsh mixture of sounds
cactus	a spiky desert plant
cad	a dishonorable man
cadastral	relating to land ownership records
cadaver	a dead body
caddie	a golf club carrier
caddy	a small container for storage
cadence	sound or speech rhythm
cadenza	a solo musical flourish
cadet	a trainee in the military
cadmium	a soft bluish-white metal
cadre	a trained small group
caduceus	a staff symbol with snakes
caesarean	relating to a surgical birth
caesarian	relating to a surgical birth
caesium	a soft silvery metal element
cafe	a small casual restaurant
cafeteria	a self-service dining hall
caffeine	a stimulant found in coffee
cage	an enclosure with bars
cagey	cautious and secretive
caiman	a crocodile-like reptile
cairn	a stone marker pile
caisson	a watertight underwater chamber
cajole	to persuade with flattery
cakewalk	an easy task
calabash	a gourd container
calamari	squid served as food
calamitous	causing great disaster
calamity	a disastrous event
calcareous	containing chalk or limestone
calcification	turning into hard, chalky material
calcite	a chalk-form mineral
calcium	a mineral element in bones
calculate	to work out using numbers
calculated	planned carefully in advance
calculating	scheming for personal advantage
calculation	a math problem worked out
calculator	a device for doing math
calculus	an advanced branch of math
caldera	a large volcanic crater
calender	a cloth-smoothing machine
calendula	a bright orange flowering plant
calf	a baby cow
calfskin	young cow leather
caliber	a level of quality
calibrate	to adjust for accuracy
calibrated	adjusted to be accurate
calibration	adjusting for accuracy
calibre	a level of quality
calico	made of plain cotton cloth
calif	a muslim ruler
caliper	a tool for measuring thickness
caliph	a muslim ruler
caliphate	a muslim-ruled state
calisthenics	exercises done without equipment
calla	a trumpet-flowered plant
callback	a returned call
caller	being the previous one mentioned
calligrapher	someone who writes fancy lettering
calligraphic	relating to fancy decorative writing
calligraphy	the art of fancy handwriting
calliope	a steam-powered musical organ
callous	unkind and unfeeling
calloused	toughened and thickened from rubbing
callously	in an unkind, unfeeling way
callousness	lack of feeling
callow	young and inexperienced
callus	a patch of hardened skin
calming	the act of making peaceful
calmly	in a peaceful, relaxed way
calmness	a state of being peaceful
caloric	relating to food energy
calorie	a unit of food energy
calorific	producing heat or energy
calorimeter	a device that measures heat
calorimetry	the measurement of heat
calumet	a ceremonial peace pipe
calvary	great suffering
calving	birth of an animal
calypso	a lively caribbean music style
calyx	outer leaves of a flower
cam	a rotating drive part
camaraderie	friendly trust among a group
camas	a bulb plant
camber	a slight curve or slope
camcorder	a device that records video
camel	a desert animal
camellia	a shrub with showy flowers
cameo	a brief appearance
cameraman	a camera operator
camisole	a light sleeveless undergarment
camo	patterned clothing that hides you
camomile	an herbal tea flower
camouflage	a blending disguise
camouflaged	hidden by blending with surroundings
campaigner	a cause worker
campaigning	seeking support for a cause
campana	a bell-shaped object or design
campanile	a tall bell tower
camper	an outdoor tent dweller
campfire	a fire built for camping
campground	a camping area
camphor	a strong tree substance
camping	staying outdoors in a tent
campion	a wildflower with pink blooms
campsite	a camping spot
campy	deliberately silly or exaggerated
camshaft	a valve-driving rod
canal	a man-made waterway
canard	a false rumor
canary	bright yellow in color
cancel	a calling off
cancellation	a calling off
cancelled	called off or stopped
cancerous	affected by a harmful growth
candela	a unit of light brightness
candelabra	a branched candle holder
candid	honest and straightforward
candida	a type of yeast infection
candidacy	running for office
candidature	running for office
candidiasis	an infection caused by yeast
candidly	in an honest, straightforward way
candied	coated and cooked in sugar
candle	a waxy light stick
candlelight	light from a burning candle
candlestick	a holder for a candle
candor	honesty and openness
candour	honesty and openness
candy	a sweet treat
cane	a walking stick
canfield	a solitaire game
canine	relating to dogs
caning	a beating with a stick
canister	a small container for storage
canker	a sore or diseased spot
canna	a colorful flower plant
cannabis	a drug plant
canned	preserved in a sealed container
cannery	a factory that cans food
cannibal	a human-flesh eater
cannibalism	eating one's own kind
cannibalistic	relating to eating one's kind
cannibalize	to strip for parts
cannon	a large mounted gun
cannonball	a heavy round projectile
cannula	a thin body tube
canny	shrewd and clever
canoe	a small narrow paddled boat
canola	an oil-seed plant
canon	an accepted rule set
canonical	widely accepted as standard
canonically	according to accepted standard
canonization	official declaration of sainthood
canonized	officially declared a saint
canopy	a covering that spreads overhead
cantaloupe	a sweet orange-fleshed melon
cantankerous	grumpy and quarrelsome
cantata	a musical piece for voices
canted	tilted at an angle
canteen	a small water container
canter	a horse's easy, gentle gallop
canticle	a religious song or hymn
cantilever	a one-end beam
canto	a poem section
canton	a small country division
cantonal	relating to a canton
cantonment	a military housing area
cantor	a chant leader
canvas	sturdy painting cloth
canvass	to seek opinions
canvassing	going around asking for support
canyon	a deep steep valley
capability	the ability to do something
capably	in a skillful, competent way
capacious	very roomy
capacitance	charge-storing ability
capacitive	relating to storing electric charge
capacitor	a charge-storing device
caper	a playful, mischievous prank
capillary	relating to tiny vessels
capitalisation	writing with a big letter
capitalise	to use a big letter
capitalism	private-ownership economics
capitalist	favoring private business ownership
capitalistic	favoring private business ownership
capitalization	writing with a big letter
capitalize	to seize an opportunity
capitol	a government building
capitulate	to give up and surrender
capitulation	the act of surrendering
capo	a guitar clamp
capon	a food rooster
capote	a long hooded cloak
capped	limited at the top
cappuccino	a frothy coffee drink
caprice	a sudden whim
capricious	unpredictable and impulsive
capsaicin	the chili-heat compound
capsicum	a pepper plant
capsid	a virus's protein shell
capsize	to overturn in water
capsizing	overturning in water
capstan	a load-hoisting post
capstone	a crowning final achievement
capsular	relating to a small case
capsule	a small container holding medicine
captaincy	a leader's position
caption	text under a picture
captivate	to hold someone's full attention
captivated	fully charmed and fascinated
captivating	charming and holding full attention
captive	held prisoner
captivity	being held prisoner
captor	one who holds captives
capuchin	a small intelligent monkey
caput	the head or top part
capybara	the world's largest rodent
carabao	a domesticated water buffalo
carabiner	a climbing safety loop
carafe	a drink serving glass
caramel	light brown and sweet
carapace	a hard protective shell
carat	a gem-weight unit
caravan	a travel group or trailer
caraway	a plant with spicy seeds
carbide	a hard carbon compound
carbine	a short, light rifle
carbohydrate	a sugar or starch nutrient
carbonaceous	containing or made of carbon
carbonara	an egg-bacon pasta
carbonate	a carbon-oxygen compound
carbonated	filled with bubbles of gas
carbonation	adding fizzy bubbles
carbonic	relating to carbon compounds
carboniferous	relating to ancient coal era
carbonyl	containing a carbon-oxygen double bond
carboxyl	a specific acidic chemical group
carboxylate	to add an acid group
carboxylic	relating to an acid group
carbuncle	a painful skin lump
carburetor	a fuel-air mixer
carburettor	a fuel-air mixer
carcass	a dead animal's body
carcinogen	a substance that causes cancer
carcinogenic	capable of causing cancer
carcinoma	a type of cancerous tumor
cardamom	a fragrant spice
cardboard	made of stiff, thick paper
cardholder	a payment card owner
cardiac	relating to the heart
cardigan	a buttoned knitted sweater
cardinal	of the greatest importance
cardinality	a set's item count
cardiologist	a heart doctor
cardiology	the study of the heart
cardiomyopathy	a heart muscle disease
cardiopulmonary	relating to heart and lungs
cardiovascular	relating to heart and vessels
carefree	free from worry or responsibility
caregiver	one who looks after others
careless	not paying enough attention
carelessly	without enough attention or care
carelessness	lack of attention
caress	a gentle, loving touch
caressing	touching gently and lovingly
caretaker	a place's keeper
cargo	goods carried by a vehicle
caribe	a small predatory fish
caribou	a large arctic deer
caricature	an exaggerated, mocking drawing
caries	tooth decay
carillon	a set of tuned bells
carina	a keel-shaped ridge or structure
caring	kind and concerned for others
carioca	a rio de janeiro resident
carissa	a red-berry shrub
carjacking	stealing a car by force
carmaker	a company that builds cars
carmine	deep purplish-red in color
carnage	widespread, violent destruction
carnal	relating to bodily desire
carnation	a fragrant garden flower
carnelian	a reddish-orange gemstone
carnival	a festive fair
carnivore	an animal that eats meat
carnivorous	meat-eating
carob	a chocolate-like pod
carol	a song sung at christmas
caroling	singing songs door to door
carotene	an orange plant pigment
carotenoid	an orange plant pigment
carotid	relating to the neck artery
carousel	a spinning ride
carousing	drinking and partying loudly
carp	a large freshwater fish
carpal	relating to the wrist
carpenter	a wood builder
carpentry	the craft of building wood
carper	a person who complains constantly
carpet	a thick woven floor covering
carpeted	covered with a floor covering
carpeting	material used to cover floors
carping	constant, petty complaining
carport	a car shelter
carrack	an old sailing cargo ship
carrefour	a crossroads or junction
carrel	a small private study desk
carrell	a small private study desk
carriage	a horse-drawn passenger vehicle
carriageway	a road for vehicle traffic
carrier	a transporter
carrion	decaying animal flesh
carrot	an orange root vegetable
cart	a small wheeled carrier
carte	a menu or list
cartel	a price-controlling group
cartilage	flexible tissue in joints
cartilaginous	made of flexible connective tissue
carting	transporting something by cart
cartographer	a person who makes maps
cartographic	relating to mapmaking
cartography	the practice of making maps
carton	a cardboard container
cartoon	a funny drawing
cartoonist	a person who draws cartoons
cartouche	an ancient symbol frame
cartridge	a small refillable container
cartwheel	a sideways handspring
cartwright	a person who builds carts
carve	to cut into a shape
carved	shaped by cutting
carver	a shape cutter
carving	an object shaped by cutting
carwash	a car-cleaning place
casbah	an old city's fortified quarter
cascade	a small waterfall
casebook	typical of a standard example
cased	enclosed in a covering
casein	a protein found in milk
casement	a hinged window
casework	organized handling of individual cases
caseworker	a social case manager
cashed	exchanged for money
cashew	a curved edible nut
cashier	a store payment handler
cashmere	soft wool from goats
casing	an outer protective covering
casino	a place for gambling
cask	a large wooden barrel
casket	a coffin for burial
caspase	a cell-death enzyme
cassava	a starchy edible root
casserole	a one-pot baked dish
cassette	a small sound tape
cassia	a spice similar to cinnamon
cassie	a fragrant flowering shrub
cassino	a matching card game
cassock	a clergy robe
cassowary	a large flightless bird
castanets	clicking hand percussion instruments
castaway	a shipwreck survivor
caste	a rigid social class system
caster	a small wheel on furniture
casting	shaping molten material
castor	a small swiveling wheel
castrate	a neutered animal
castrated	having organs removed
castration	the removal of reproductive organs
casual	relaxed and informal
casually	in a relaxed, informal way
casualty	a person hurt or killed
catabolism	breakdown for energy
cataclysm	a sudden, violent upheaval
cataclysmic	causing sudden, violent upheaval
catacomb	an underground burial tunnel
catalase	a peroxide-breaking enzyme
catalog	an organized list of items
catalogue	an organized list of items
catalysis	speeding up a reaction
catalyst	something that speeds up change
catalytic	speeding up a chemical reaction
catalyze	to speed up a reaction
catamaran	a twin-hulled boat
catapult	a device for launching objects
cataract	a clouded eye lens
catastrophe	a terrible, sudden disaster
catastrophic	causing widespread disaster
catastrophically	in a disastrously ruinous way
catatonic	unresponsive and motionless
catchall	covering many different things
catcher	a person who catches something
catching	likely to spread to others
catchment	an area that collects water
catchphrase	a memorable, often-repeated phrase
catchy	easy to remember and appealing
catechism	a set of religious teachings
categorical	stated clearly without exception
categorically	stated clearly without any doubt
categorisation	sorting into groups
categorise	to sort into groups
categorised	sorted into groups
categorization	sorting into groups
categorize	to sort into groups
categorized	sorted into groups
catena	a connected series of things
cater	to supply food
caterer	an event food supplier
catering	the business of providing food
caterpillar	a young butterfly
catfish	a whiskered freshwater fish
catharsis	an emotional release of tension
cathartic	providing emotional relief
cathedral	relating to a great church
catheter	a thin medical drainage tube
catheterization	inserting a medical tube
cathode	a negatively charged electrode
cation	a positively charged particle
cationic	relating to positively charged particles
catnip	a plant that excites cats
cattle	farm meat and milk animals
cattleman	a person who raises cattle
catty	spitefully critical
catwalk	a fashion show platform
caucus	a candidate-choosing meeting
caudal	relating to the tail
caul	a newborn's thin membrane
cauldron	a large cooking pot
cauliflower	a white edible flowering vegetable
caulk	a gap-filling sealant
caulking	sealant for gaps
causa	underlying cause or reason
causal	relating to cause and effect
causality	relationship between cause and effect
causally	in cause and effect terms
causation	the act of causing something
causative	producing an effect
causeway	raised road over water
caustic	harshly critical
cauterize	to burn a wound shut
caution	great care to avoid danger
cautionary	giving a warning
cautious	careful to avoid risk
cautiously	in a careful way
cavalcade	a vehicle procession
cavalier	carelessly dismissive
cavalry	soldiers who fight on horseback
cavalryman	a soldier on horseback
cave	a hollow space underground
caveat	a warning or condition
caveman	a prehistoric cave dweller
cavern	a large cave
cavernous	huge and hollow
caviar	salted fish eggs
cavil	a petty complaint
cavity	a hollow space or hole
caw	a crow's harsh cry
cay	a small low island
cayenne	a hot red pepper spice
cayman	a type of crocodile
ccc	rated as very safe
cease	to stop happening
ceaseless	never stopping
ceaselessly	without ever stopping
cedar	a type of evergreen tree
cede	to give up control of
ceding	giving something up
ceilidh	a lively social dance gathering
ceiling	a room's upper surface
celebrant	a person leading a celebration
celebrated	widely admired and praised
celebration	a joyful marking event
celebratory	marking a happy occasion
celebrity	a very famous person
celeriac	a celery-like root
celery	a crunchy green stalk vegetable
celestial	relating to the sky
celiac	relating to intolerance of gluten
celibacy	abstaining from sexual activity
celibate	choosing not to have sex
cellar	an underground storage room
cellist	a cello player
cello	a large stringed musical instrument
cellophane	a thin clear wrapping material
cellphone	a portable wireless telephone
cellular	made up of small cells
cellulite	dimpled fat under the skin
cellulitis	a bacterial skin infection
celluloid	made of old film plastic
cellulose	a plant-wall fiber
cellulosic	made from plant fiber
cement	a concrete-making powder
cemetery	a burial ground
cenotaph	a monument to war dead
censer	a container for burning incense
censor	someone who removes offensive content
censored	removed as unsuitable
censoring	removing unsuitable content
censorship	control over speech
censure	strong official disapproval
census	an official population count
centaur	a mythical half-man half-horse creature
centenarian	a hundred-year-old person
centenary	marking a hundredth anniversary
centennial	marking a hundredth anniversary
centered	balanced in the middle
centerfold	a magazine's middle page
centering	positioning in the middle
centerline	a middle marking line
centerpiece	the main display item
centigrade	a hundred-degree scale
centimeter	a small metric length unit
centimetre	a small metric length unit
centipede	a many-legged crawling insect-like creature
centralisation	gathering control into one place
centralised	controlled from one main place
centralism	one central authority's rule
centrality	being central or key
centralization	gathering control into one place
centralize	to bring into one place
centralized	controlled from a single place
centralizing	bringing control into one place
centrally	in or from the middle
centred	balanced in the middle
centrepiece	the main display item
centric	focused on one main thing
centrifugal	moving outward from a center
centrifugation	spin-separating parts
centrifuge	a spin-separating machine
centring	positioning something in the middle
centripetal	moving toward a center
centrism	a moderate political position
centrist	holding moderate political views
centroid	a shape's exact center
centrum	the main central body part
centurion	a commander of roman soldiers
cephalic	relating to the head
cephalopod	relating to squid and octopuses
ceramic	made of baked clay
ceramics	pottery made from baked clay
cere	a bird's waxy beak skin
cereal	made from edible grain
cerebellar	relating to movement brain
cerebellum	the movement-control brain part
cerebral	relating to intellect
cerebrospinal	relating to brain and spine
cerebrovascular	relating to brain vessels
cerebrum	the brain's main part
ceremonial	relating to formal rituals
ceremonially	in a formal ritual manner
ceremoniously	with elaborate formal ceremony
cerise	bright cherry red in color
cerium	a soft silvery metallic element
cero	a type of large fish
cert	a document proving qualification
certainty	complete confidence something is true
certifiable	able to be officially confirmed
certificate	an official document proving something
certificated	officially certified or qualified
certification	official confirmation of a qualification
certified	officially confirmed as meeting standards
certify	to officially confirm as true
certiorari	a case-review court order
certitude	complete confidence or certainty
cerulean	deep sky blue in color
cervical	relating to the neck
cervix	the womb's lower part
cesarean	relating to surgical childbirth
cesium	a soft silvery reactive metal
cessation	the stopping of something
cession	giving up territory
cesspit	a pit for collecting waste
cesspool	a pool for collecting sewage
cetacean	relating to whales and dolphins
cgs	a system of measurement units
chad	a punched paper scrap
chafe	sore irritation from rubbing
chafed	sore from rubbing
chaff	waste husks from grain
chafing	irritation from rubbing
chagrin	annoyed embarrassment or disappointment
chained	fastened with a chain
chains	linked metal restraints
chainsaw	a chain-toothed power saw
chairlift	a hanging-seat slope lift
chairmanship	a group leader's role
chairperson	a meeting's leader
chairwoman	a group's female leader
chaise	a long reclining chair
chalcedony	a quartz gemstone
chalet	a wooden mountain house
chalice	a large ceremonial drinking cup
chalk	a soft white writing mineral
chalkboard	a chalk-written board
chalky	pale and powdery like chalk
challah	a braided egg bread
challenger	a position competitor
challenging	difficult and demanding
challis	a soft lightweight fabric
chambered	divided into separate compartments
chamberlain	a royal household official
chambermaid	a hotel room cleaner
chambray	a lightweight cotton fabric
chameleon	a lizard that changes color
chamois	soft leather used for cleaning
chamomile	an herbal tea flower
champ	a champion or winner
champagne	a sparkling wine from france
champaign	an open flat countryside
chancel	a church altar area
chancellery	the office of a chancellor
chancellor	a senior government official
chancery	a court or record-keeping office
chandelier	a hanging branched light fixture
chandler	a candle seller
changeable	likely to change often
changeling	a swapped child
changeover	a system switch
changer	an automatic swapping device
chant	a rhythmic repeated phrase
chanted	sung in a repeated rhythm
chanter	a person who chants
chanting	repeating rhythmic words or phrases
chantry	a chapel endowed for prayers
chaos	complete disorder and confusion
chaotic	completely disordered and confused
chap	an informal word for man
chaparral	dense shrubby wild land
chapeau	a hat
chapel	a small place of worship
chaperon	a supervising adult
chaperone	a supervising adult
chaplain	an institution's religious official
chaplaincy	a chaplain's role
chapman	a traveling merchant
chapped	dry and cracked from weather
char	a burnt or blackened substance
characterisation	how a character is portrayed
characterise	to describe typical qualities
characteristic	typical of something
characteristically	in a typical way
characterization	how a character is portrayed
characterize	to describe typical qualities
charade	a false pretense
charades	a wordless guessing game
charcoal	a black fuel or drawing material
charcuterie	prepared cured meats
chard	a leafy green vegetable
chargeable	able to have a fee
charger	a battery-recharging device
chariot	an ancient horse-drawn cart
charioteer	a chariot driver
charisma	a compelling personal charm
charismatic	having a compelling personal charm
charitable	generous toward those in need
charitably	in a generous kindly way
charlatan	a person who fakes expertise
charlotte	a molded fruit dessert
charm	an appealing and attractive quality
charmed	protected by magic luck
charmer	someone who is very charming
charming	pleasant and attractive
charmingly	in a pleasant attractive way
charnel	relating to dead bodies
charter	an official document granting rights
chartered	officially licensed or hired
charterhouse	a monastic monastery
chartist	a market-trend analyst
chartreuse	a yellowish green color
chased	pursued in order to catch
chaser	a follow-up drink
chasm	a deep wide crack
chasse	a gliding dance step
chassis	the frame of a vehicle
chaste	not engaging in sexual activity
chastise	to scold someone severely
chastisement	a severe scolding
chastity	abstaining from sex
chateau	a large french country house
chatroom	an online talk space
chattel	movable personal property
chatter	casual rapid talk
chatterbox	a person who talks constantly
chattering	talking quickly and casually
chatty	fond of casual conversation
chaturbate	to perform on adult webcam
chauffeur	a hired car driver
chauvinism	excessive group devotion
chauvinist	one biased toward their own group
chauvinistic	excessively biased toward one's group
chaw	a chunk of chewing tobacco
cheapen	to lower in value
cheaply	at a low cost
cheapness	the quality of costing little
cheapskate	a money-unwilling person
cheat	someone who acts dishonestly
cheater	a person who acts dishonestly
cheating	acting dishonestly to gain advantage
checkbook	a book of bank checks
checker	a verifier
checkerboard	a squared game board
checkered	patterned with squares
checkers	a jumping-piece board game
checklist	a list to verify
checkmate	a winning position in chess
checkout	a payment counter
checkpoint	an inspection point
checksum	a data-verifying code
checkup	a routine medical examination
cheddar	a firm yellow cheese
cheek	the face below the eye
cheekbone	the bone below the eye
cheekily	in a boldly disrespectful way
cheeky	playfully disrespectful
cheep	a young bird's cry
cheer	a shout of encouragement
cheerful	happy and bright
cheerfully	in a happy, positive way
cheerfulness	being happy and positive
cheerily	in a happy, bright way
cheering	shouting with approval
cheerio	a friendly goodbye
cheerleader	a crowd support leader
cheery	happy and bright in mood
cheeseburger	a burger topped with cheese
cheesecake	a cream cheese dessert
cheesecloth	a loosely woven cotton cloth
cheesing	forcing an unnatural smile
cheesy	cheaply sentimental or corny
cheetah	a fast spotted wild cat
chef	a professional cook
chelation	removing metal ions
chemically	in terms of chemical composition
chemise	a woman's loose undergarment
chemist	a scientist who studies chemistry
chemotherapeutic	relating to disease drug treatment
chemotherapy	drug treatment for cancer
chenille	a soft tufted fabric
cheque	a written pay order
chequered	patterned with squares
cherish	to value greatly
cherished	deeply loved and valued
cherry	bright red in color
chert	a hard fine-grained rock
cherub	a chubby winged angel figure
chess	a strategic board game
chessboard	a chess playing board
chesterfield	a padded upholstered sofa
chestnut	a reddish brown color
chesty	prone to chest congestion
chevalier	a knight or gallant gentleman
chevron	a v-shaped stripe pattern
chevy	to chase or harass persistently
chew	grinding food with teeth
chewable	able to be chewed easily
chewing	grinding food with the teeth
chewy	requiring a lot of chewing
chi	a life force energy
chiaroscuro	strong light-dark contrast
chic	stylish and fashionable
chicane	a sharp track bend
chicanery	deceptive trickery
chicha	a fermented corn drink
chichi	overly fancy or pretentious
chick	a baby bird
chickadee	a small north american songbird
chickenpox	a contagious itchy childhood illness
chickenshit	cowardly or contemptible behavior
chickpea	a round edible legume seed
chicory	a salad or coffee plant
chide	to scold mildly
chiding	a mild scolding
chiefly	mainly or mostly
chieftain	a tribe's leader
chiffon	a light sheer fabric
childbearing	relating to giving birth
childbirth	the process of giving birth
childcare	the care of young children
childish	behaving in an immature way
childishly	in an immature, silly way
childishness	immature or silly behavior
childless	having no children
childlike	innocent like a child
chile	a hot cooking pepper
chili	a hot cooking pepper
chill	a feeling of coldness
chiller	a device that cools something
chilli	a hot cooking pepper
chilling	frightening or disturbing
chilly	uncomfortably cold
chime	a ringing bell sound
chimera	a mixed mythical creature
chimeric	made of combined mismatched parts
chimney	a smoke-carrying pipe
chimp	a chimpanzee
chimpanzee	a large intelligent african ape
chin	the lower jaw's front
chinchilla	a small soft-furred rodent
chine	an animal's backbone cut
chink	a narrow opening or crack
chino	a sturdy cotton fabric
chinook	a warm dry mountain wind
chinos	casual cotton trousers
chintz	a printed glazed cotton fabric
chipmunk	a small striped burrowing rodent
chipotle	a smoked dried jalapeño pepper
chipper	cheerful and lively
chipping	breaking off small pieces
chips	small fried potato slices
chiropractic	spinal manipulation treatment
chiropractor	a spine-treating practitioner
chirp	a short high-pitched bird sound
chirpy	cheerful and lively
chisel	a wood-cutting tool
chiseled	sharply and clearly defined
chit	a short written note
chitchat	casual light conversation
chitin	a tough insect-shell substance
chivalric	relating to knightly honor
chivalrous	honorable and courteous
chivalry	courteous and honorable behavior
chive	a small onion-flavored herb
chives	small onion-flavored herbs
chlamydia	a common sexually transmitted infection
chloramphenicol	an antibiotic medicine
chlorate	a chemical compound containing chlorine
chlorella	a type of green algae
chloride	a chemical compound containing chlorine
chlorination	adding chlorine to purify water
chlorine	a water-disinfecting chemical
chloroform	an unconsciousness-inducing chemical
chlorophyll	green substance in plants
chloroplast	a sunlight-using plant cell part
chloroquine	a drug used against malaria
choc	a piece of chocolate
chock	a movement-stopping block
choir	a group of singers
choirmaster	person who leads a choir
choke	an airflow-limiting device
choked	unable to breathe or speak
chokehold	a grip around the neck
choker	a tight necklace
choking	making breathing hard
cholera	a serious infectious stomach disease
cholesterol	a fatty substance in blood
choline	a needed body nutrient
cholinergic	relating to a nerve chemical
cholla	a spiny desert cactus
chomp	a big bite
chomping	biting or chewing noisily
chon	a small korean coin
choosy	hard to please
chop	a cut of meat
chopped	cut into pieces
chopper	a helicopter
choppy	rough and uneven
chopstick	a thin eating stick
choral	relating to a choir
chorale	a choir hymn
chord	musical notes played together
chore	a small routine task
choreograph	to plan dance movements
choreographer	person who designs dance moves
choreographic	relating to dance design
choreography	the arrangement of dance steps
chorionic	relating to an unborn baby's sac
chorister	a member of a choir
chorizo	a spicy sausage
chortle	a chuckle of amusement
chorus	a group singing together
chou	a small pastry puff
chow	food
chowder	a thick soup with seafood
christen	to name at a baptism
christening	a baptism ceremony
chroma	the purity of a color
chromatic	relating to color or notes
chromatin	material in a cell's nucleus
chromatographic	relating to separating mixtures
chromatography	a method to separate mixtures
chrome	a shiny metal coating
chromite	a mineral ore
chromium	a hard shiny metal
chromosomal	relating to chromosomes
chromosome	a strand of genetic material
chronic	lasting a long time
chronically	over a long time
chronicle	a written record of events
chronicler	person who records history
chronograph	an event-timing watch
chronological	arranged by time order
chronologically	in time order
chronology	the order events happened
chronometer	a precise timekeeping device
chrysalis	a butterfly's protective shell stage
chrysanthemum	a flowering garden plant
chub	a type of freshwater fish
chubby	slightly fat
chuck	to throw casually
chuckle	a quiet laugh
chuffed	very pleased
chug	a slow engine sound
chukka	a polo match period
chum	a close friend
chummy	very friendly
chump	a foolish person
chunk	a thick piece
chunking	breaking into pieces
chunky	thick and solid
churchman	a religious official
churchyard	the grounds around a church
churlish	rude and unfriendly
churn	a container for making butter
churning	stirring roughly
chute	a sliding passage
chutney	a spicy fruit relish
chutzpah	bold nerve
ciao	an informal greeting or farewell
cicada	a loud buzzing insect
cicero	a unit of type measurement
cichlid	a colorful tropical fish
cider	a drink made from apples
cigar	a rolled tobacco smoke
cigarette	a thin tobacco roll
cilantro	a leafy cooking herb
ciliary	relating to tiny hair-like structures
cimarron	a wild or untamed animal
cinch	something very easy
cinder	a burnt coal piece
cinema	a movie theater
cinematic	relating to films
cinematographer	person who films movies
cinematography	the art of filming
cinnabar	a bright red mineral
cinnamon	a bark-based spice
cinque	the number five
cipher	a secret code
ciprofloxacin	an antibiotic medicine
circadian	relating to a daily cycle
circlet	a small circular band
circuitous	long and indirect
circuitry	a system of electronic connections
circular	shaped like a circle
circularly	in a circular way
circulate	to move around and spread
circulating	moving around continuously
circulation	blood or information movement
circulatory	relating to blood flow
circumcise	to remove foreskin surgically
circumcision	the surgical removal of foreskin
circumference	the distance around a circle
circumferential	relating to the outer boundary
circumflex	an accent mark
circumnavigate	to travel fully around
circumnavigation	a journey around something
circumpolar	near the earth's poles
circumscribed	strictly limited
circumspect	careful and cautious
circumstance	a condition affecting a situation
circumstantial	based on indirect evidence
circumvent	to avoid by going around
circumvention	avoiding a rule
circus	a traveling show with performers
cirque	a bowl-shaped mountain hollow
cirrhosis	a serious liver disease
cirrus	a thin wispy cloud
cisco	a type of freshwater fish
cissy	weak and timid
cistern	a tank for storing water
citadel	a fortress protecting a city
citation	a quoted reference
cite	a source reference
citizenry	the people of a place
citizenship	official membership in a country
citrate	a food or medicine salt
citric	relating to citrus fruit acid
citrine	a yellow gemstone
citron	a lemon-like fruit
citrus	fruit like oranges and lemons
cityscape	a view of a city
citywide	across an entire city
civet	a small nocturnal mammal
civic	relating to citizens
civics	the study of government
civilian	not part of the military
civilisation	an organized society
civilised	socially developed and cultured
civility	polite behavior
civilization	an organized advanced society
civilize	to bring social order to
civilized	socially advanced and polite
civilly	in a polite way
clack	a sharp clicking sound
clad	dressed or covered
cladding	an outer protective layer
clade	a shared-ancestor group
claimant	person making an official claim
clairvoyance	supposed future sight
clairvoyant	able to sense hidden things
clam	a hinged-shell fish
clamber	an awkward climb
clammy	unpleasantly damp and sticky
clamor	a loud confused noise
clamoring	shouting demands loudly
clamour	a loud confused noise
clamouring	shouting demands loudly
clamp	a tight-holding device
clampdown	a strict crackdown
clams	shellfish with hinged shells
clamshell	a hinged shell shape
clan	a large family group
clandestine	done secretly
clang	a loud metallic sound
clanging	making loud metallic sounds
clank	a heavy metallic sound
clanking	making heavy metallic sounds
clap	to strike hands together
clapboard	wooden siding boards
clapper	a bell-striking part
clappers	very fast
clapping	striking hands together
claptrap	nonsense talk
clarence	an old-fashioned horse carriage
claret	a dark red wine
clarification	an explanation making something clear
clarify	to make clearer
clarifying	making something easier to understand
clarinet	a woodwind musical instrument
clarinetist	a clarinet player
clarion	loud and clear
clarity	clearness of thought or vision
claro	a light brown cigar wrapper
clary	an herb related to sage
clash	a violent disagreement or collision
clashing	conflicting or colliding
clasp	a fastening device
classical	relating to old standards
classically	in a traditional style
classicism	devotion to classical style
classicist	a scholar of ancient literature
classics	ancient Greek and Roman studies
classification	sorting into groups
classified	kept officially secret
classifier	something that sorts into categories
classify	to sort into groups
classless	without social rank
classmate	a fellow student
classroom	a room for teaching
classwork	schoolwork done in class
classy	stylish and elegant
clatter	a rattling noise
clause	a legal document section
claustrophobia	fear of enclosed spaces
claustrophobic	causing enclosed-space fear
clavicle	the collarbone
claw	a sharp curved nail
clawed	having sharp curved nails
clay	pottery-making soft earth
claymore	a large medieval sword
cleaner	a cleaning agent
cleaners	a shop that cleans clothes
cleanliness	the state of being clean
cleanly	clean and neat
cleanse	to make thoroughly clean
cleanser	a substance for cleaning
cleansing	removing dirt thoroughly
cleanup	the act of tidying up
clearance	permission or stock removal
cleared	made free of obstacles
clearing	an open forest area
clearness	easy understandability
cleat	a gripping device
cleats	shoes with gripping studs
cleavage	a split or division
cleave	to split apart
cleaver	a heavy chopping knife
cleavers	a sticky wild plant
clef	a musical symbol showing pitch
cleft	split or divided
clegg	a biting fly
clematis	a climbing flowering vine
clemency	mercy shown to an offender
clement	mild and merciful
clementine	a small sweet orange
clench	a tight grip
clenched	tightly closed
clerestory	a row of high windows
clergy	religious officials as a group
clergyman	a male religious official
cleric	a religious official
clerical	relating to office work
clerk	a records office worker
clerkship	a clerk's work period
clever	quick to understand and learn
cleverly	in a smart way
cleverness	the quality of being smart
cliche	an overused expression
cliched	overused and unoriginal
clientele	a group of regular customers
cliff	a steep rock face
cliffhanger	a suspenseful ending
climactic	forming a dramatic high point
climatic	relating to weather patterns
climatologist	a scientist who studies climate
climatology	the study of climate
climax	the most intense point
climb	an upward movement
climber	one who climbs
climbing	the act of going upward
clinch	to settle something firmly
clinched	settled firmly
clincher	a decisive final point
cling	to hold on tightly
clingy	needing too much attention
clinic	a place for medical treatment
clinically	in a medically precise way
clinician	a doctor who treats patients
clink	a light ringing sound
clinker	a burnt coal lump
clinking	making light ringing sounds
clip	a small fastening device
clipboard	a paper-holding board
clipped	cut short
clipper	a fast ship or cutter
clipping	a cut piece of something
clique	a small exclusive group
clit	the clitoris
clitoral	relating to the clitoris
clitoris	a female sex organ
cloaca	an animal body opening
cloak	a loose outer garment
cloaked	hidden or covered
cloakroom	a coat storage room
clobber	to hit hard
cloche	a bell-shaped cover
clocking	recording time worked
clocks	devices that show time
clockwise	in clock hand direction
clockwork	a geared mechanism
clod	a lump of earth
clog	a blockage or wooden shoe
clogged	blocked up
clogging	blocking something up
cloister	a monastery walkway
cloistered	shut away from the world
clonal	genetically identical
clone	an exact genetic copy
clonidine	a blood pressure medicine
cloning	making an exact genetic copy
clop	a horse hoof sound
closeness	a feeling of intimacy
closeout	a final clearance sale
closest	nearest in position
closet	a small storage cupboard
closeup	a close photograph or view
clostridium	a type of bacteria
closure	permanent shutting
clot	a thickened lump of blood
cloth	woven fabric
clothe	to put clothes on
clothed	wearing clothes
clothesline	a rope for drying clothes
clothier	a person who sells clothes
clotted	thickened into a mass
clotting	forming into a thick mass
cloture	forcing an end to debate
clouded	covered with clouds or confusion
cloudiness	the state of being cloudy
clouding	becoming unclear
cloudless	without any clouds
cloudy	covered with clouds
clout	influence or power
clove	a garlic piece or spice
cloven	split into two parts
clover	a three-leaf plant
cloverleaf	a clover-shaped road junction
clown	a comic performer
clowning	acting foolishly for fun
cloying	sickeningly sweet
clubbing	going out to dance clubs
clubhouse	a club's building
cluck	the sound a hen makes
clucking	making hen-like sounds
clue	a piece of helpful evidence
clueless	having no idea
clump	a small cluster
clumping	gathering into small clusters
clumsily	in an awkward way
clumsiness	awkwardness in movement
clumsy	awkward and careless
clunk	a dull heavy thud
clunky	awkward and heavy
cluster	a small close group
clustered	gathered into small groups
clusterfuck	a chaotic mess
clustering	forming into small groups
clutch	a tight grip or pedal
clutches	a tight controlling grip
clutter	a messy pile of things
cluttered	messily crowded with things
coaching	teaching and training
coachman	a carriage driver
coadjutor	an assistant bishop
coagulant	a substance that thickens liquid
coagulated	thickened into a solid mass
coagulation	thickening into a clot
coalesce	to come together into one
coalesced	joined together into one
coalescence	the merging into one whole
coalescing	merging into one whole
coalfield	an area rich in coal
coalition	a temporary alliance of groups
coarse	rough in texture
coarsely	in a rough way
coastal	near the sea
coaster	a small mat for drinks
coastguard	an organization patrolling the coast
coastline	where land meets sea
coated	covered with a layer
coating	a thin covering layer
coauthor	a joint writer
coax	persuasive gentle urging
coaxial	sharing the same central axis
coaxing	persuading gently
cob	a corn ear or stocky horse
cobalt	a hard bluish metal
cobble	a rounded paving stone
cobbler	a person who repairs shoes
cobblers	nonsense
cobblestone	a rounded paving stone
cobra	a venomous hooded snake
cobweb	a spider's web
coca	a plant with stimulant leaves
cocaine	an illegal stimulant drug
coccyx	the spine's end bone
cochin	a large feathered chicken breed
cochlea	the inner ear's spiral organ
cochlear	relating to the inner ear
cock	an adult male chicken
cockatoo	a crested parrot
cocker	a small spaniel dog
cockerel	a young male chicken
cockfighting	staging fights between roosters
cockiness	overconfident, boastful attitude
cockle	a small edible shellfish
cockney	from a working-class london area
cockpit	the pilot's seat area
cockroach	a common household insect pest
cocksucker	a very vulgar insult
cocktail	a mixed alcoholic drink
cocky	overconfident and arrogant
coco	the coconut palm tree
cocoa	a chocolate-flavored powder
coconut	a large hard tropical fruit
cocoon	a silky insect casing
cod	fake or imitation
coda	a closing section of music
coddle	to pamper and overprotect
codeine	a mild pain-relief drug
coder	a person who writes software
codex	an ancient handwritten book
codfish	a common edible sea fish
codification	organizing into a formal system
codified	arranged into an official system
codify	to arrange into a system
coding	writing computer instructions
codon	a genetic code unit
coeducational	teaching both sexes together
coefficient	a number multiplying a variable
coeliac	relating to gluten intolerance
coenzyme	a helper molecule for enzymes
coerce	to force through pressure
coercion	forcing someone through threats
coercive	using force or threats
coexist	to live together peacefully
coexistence	living together peacefully
coexisting	existing together at once
cofactor	a helper substance for enzymes
coffeehouse	a cafe serving coffee
coffer	a strongbox for valuables
coffin	a burial box
cofounder	a joint starter
cog	a toothed wheel in machinery
cogent	clear and convincing
cognate	related by common origin
cognition	the process of thinking
cognitive	related to thinking and understanding
cognitively	in a thinking-related way
cognizance	awareness or knowledge
cognizant	aware and informed
cohabitation	living together as partners
coherence	logical connection and clarity
coherency	logical clarity and consistency
coherent	clear and logically connected
coherently	in a clear, logical way
cohesion	sticking together firmly
cohesive	well united and consistent
cohesiveness	the quality of sticking together
coho	a type of pacific salmon
cohort	a group sharing a trait
coif	a stylish hairstyle
coiffure	an elaborate hairstyle
coil	a spiral of looped material
coiled	wound into a spiral shape
coiling	winding into a spiral
coin	a metal piece of money
coinage	newly invented words or coins
coincide	to happen simultaneously
coincidence	an unplanned matching event
coincident	happening at the same time
coincidental	happening by chance
coincidentally	by an unplanned chance
coinciding	happening at the same time
coinsurance	shared insurance cost arrangement
coir	fiber from coconut husks
coital	relating to sexual intercourse
coitus	sexual intercourse
coke	a fuel made from coal
col	a low mountain pass
cola	a sweet carbonated soft drink
colander	a bowl with drainage holes
colchicine	a plant-derived medicine
coldly	in an unfriendly, distant way
coldness	lack of warmth or feeling
cole	a cabbage-family plant
coleslaw	a shredded cabbage salad
colic	severe abdominal pain
coliseum	a large sports arena
colitis	inflammation of the colon
collaborate	to work together on something
collaboration	working together on a task
collaborative	done by working together
collaborator	someone who works with others
collage	art made from pasted pieces
collagen	a body protein for skin
collapse	a sudden falling down
collapsible	able to be folded flat
collar	the neckline of a garment
collarbone	the bone above the chest
collard	a leafy green vegetable
collate	to arrange in proper order
collateral	additional but secondary
collation	arranging things in order
colleague	a fellow worker
collectable	worth collecting
collectible	worth collecting and keeping
collecting	gathering items as a hobby
collectively	as a group together
collectivism	shared group ownership belief
collectivist	favoring shared group ownership
collectivization	turning into shared group ownership
collector	someone who gathers items
colleen	an irish girl
collegial	friendly among coworkers
collegiate	relating to college
collet	a metal clamping ring
collide	to crash into something
collider	a machine that smashes particles
collie	a herding dog breed
collier	a coal miner or ship
colliery	a coal mine
collins	a tall mixed drink
collision	a violent crash together
collocation	words commonly used together
colloid	tiny particles spread in fluid
colloidal	made of suspended tiny particles
colloquial	casual, everyday speech
colloquialism	an informal everyday phrase
colloquially	in casual everyday speech
colloquium	an academic discussion meeting
collude	to secretly plan together
collusion	a secret harmful agreement
cologne	a scented liquid perfume
colon	a punctuation mark before lists
colonial	relating to controlled territories
colonialism	ruling over foreign territories
colonialist	a supporter of foreign rule
colonic	relating to the colon
colonisation	settling and controlling a territory
colonise	to settle and control territory
colonised	settled and controlled by outsiders
colonist	an early settler
colonization	settling and controlling territory
colonize	to settle and control territory
colonized	settled and controlled by outsiders
colonizer	a settler who takes territory
colonnade	a row of columns
colonoscopy	an exam of the colon
colony	an outside-ruled territory
colophon	a publisher's identifying symbol
coloration	the pattern of colors
colorectal	relating to colon and rectum
colored	having a certain color
colorful	full of bright colors
coloring	the pattern of colors used
colorist	a color-using artist
colorless	having no color
colossal	extremely large
colossus	something huge and powerful
colostomy	a surgical bowel opening
colostrum	early nutrient-rich mother's milk
colouration	the pattern of colors
coloured	having a certain color
colourful	full of bright colors
colouring	the pattern of colors used
colourless	having no color
colours	shades or hues
colt	a young male horse
colter	a plow's cutting blade
columbine	a bell-shaped garden flower
columbo	a famous fictional detective
columella	a small central plant column
columnar	shaped like a column
columnist	a writer of regular articles
coma	a deep unconscious state
comatose	deeply unconscious
comb	a tool for tidying hair
combatant	actively fighting or opposing
combative	eager to argue or fight
combed	arranged neatly with a comb
comber	a large ocean wave
combinatorial	relating to arranging combinations
combine	a farm harvesting machine
combing	arranging with a comb
combining	joining things together
combo	a small combined group
combust	to catch fire and burn
combustible	able to catch fire easily
combustion	the process of burning
comeback	a return to success
comedian	a performer who tells jokes
comedienne	a female comic performer
comedown	a disappointing decline
comely	pleasant looking
comer	a promising newcomer
comet	an icy tailed space object
cometary	relating to comets
comeuppance	a deserved punishment
comfortably	in an easy, relaxed way
comforted	made to feel less upset
comforter	a thick warm blanket
comforting	soothing and reassuring
comforts	things that ease hardship
comfy	cozy and relaxed
comical	funny and amusing
comically	in a funny way
comity	friendly mutual respect
comma	a small pause punctuation mark
commandant	a military officer in charge
commandeer	to seize for use
commandery	a knightly order's local branch
commanding	powerful and impressive
commandment	a strict religious rule
commando	a soldier trained for raids
commemorate	to honor a past event
commemorating	honoring a past event
commemoration	a ceremony honoring the past
commemorative	made to honor something
commence	to begin something
commencement	the start of something
commend	to praise someone
commendable	deserving praise
commendation	an official praise or award
commensal	living off another without harm
commensurate	matching in size or degree
commentary	spoken or written explanation
commentate	to describe events live
commentator	someone who gives live descriptions
commercialisation	turning into a business venture
commercialised	turned into a business venture
commercialism	a focus on making profit
commercialization	turning into a business venture
commercialize	to turn into a business
commercialized	turned into a business venture
commercially	in a profit-driven way
commie	a communist, used dismissively
commiserate	to share in someone's sadness
commissar	a communist party official
commissariat	a military supply department
commissary	a store on a base
commissioned	officially ordered or appointed
commissioning	putting into official service
committal	sending someone to custody
committeeman	a member of a committee
commode	a bathroom toilet or cabinet
commodity	a raw traded good
commodore	a senior naval officer
commonality	a shared feature
commoner	an ordinary person, not noble
commonplace	very ordinary and usual
commons	shared public land or space
commonsense	practical and sensible
commotion	a noisy confused disturbance
communal	shared by a group
communalism	loyalty to one's community group
communally	shared among a group
commune	a group living together
communicable	able to be spread
communicate	to share information
communicating	sharing information with others
communicative	willing to share information
communicator	someone who shares information
communion	a close sharing of feelings
communique	an official announcement
communism	a system of shared ownership
communistic	relating to shared-ownership beliefs
commutation	a reduction of punishment
commutative	order-independent in result
commutator	a device switching electric current
commute	a regular travel to work
commuter	someone who travels to work
commuting	traveling regularly to work
comp	something given for free
compact	small and neatly packed
compaction	pressing tightly together
compactly	in a small, tight way
compactness	the quality of being small
companion	a person who accompanies you
companionship	friendly togetherness
comparability	how similar things are judged
comparable	similar enough to compare
comparably	in a similar way
comparative	measured against something else
comparatively	when compared to something else
comparing	judging things against each other
compartment	a separate enclosed section
compartmentalization	dividing into separate sections
compartmentalize	to divide into separate sections
compartmentalized	divided into separate sections
compass	a tool showing direction
compassion	deep sympathy for suffering
compassionate	feeling deep sympathy
compassionately	with deep sympathy
compatibility	the ability to work together
compatible	able to work well together
compatriot	a fellow countryman
compel	to force someone to act
compelling	very convincing or gripping
compendium	a collected summary of information
compensate	to make up for something
compensated	paid back for a loss
compere	a show's host
competence	skill and ability
competency	a needed skill or ability
competent	skilled and capable
competently	in a skilled, capable way
competitively	in a rivalrous way
competitiveness	a strong drive to win
competitor	a rival in a contest
compilation	a collection put together
compile	to gather and put together
compiler	a program translating code
compiling	gathering things together
complacency	self-satisfied carelessness
complacent	overly self-satisfied
complain	to express dissatisfaction
complainant	a person filing a complaint
complainer	someone who often complains
complaining	expressing dissatisfaction
complement	something that completes another
complementarity	fitting to complete each other
complementary	completing each other well
completeness	the state of being whole
completing	finishing something fully
completion	the finishing of something
complexion	the skin's appearance
complexity	the state of being complicated
compliance	following rules or requests
compliant	willing to follow rules
complicate	to make more difficult
complication	a difficulty that arises
complicit	involved in wrongdoing
complicity	involvement in wrongdoing
compliment	a praising remark
complimentary	given free of charge
compliments	praising remarks
comply	to follow rules or requests
comport	to behave a certain way
compose	to create or put together
composed	calm and in control
composer	someone who writes music
composing	creating or putting together
composite	made of several parts
compositional	relating to arranging parts
compositor	someone who sets printed text
compost	decayed organic matter
composure	calm control of emotions
compote	stewed fruit dessert
compound	made of several parts combined
compounded	made worse by adding more
compounding	making something worse over time
comprehend	to understand fully
comprehended	understood fully
comprehensible	able to be understood
comprehension	the ability to understand
comprehensively	in a thorough, complete way
compress	a wound-pressing cloth
compressed	squeezed into less space
compressibility	ability to be squeezed smaller
compressible	able to be squeezed smaller
compressing	squeezing into less space
compression	squeezing into a smaller space
compressor	a machine that squeezes gas
comprise	to be made up of
compromise	a mutual agreement with concessions
compromising	settling with mutual concessions
comptroller	a financial officer overseeing accounts
compulsion	an urge hard to resist
compulsive	driven by an uncontrollable urge
compulsively	in an uncontrollable, urgent way
compulsorily	required by rule or law
compulsory	required by rule or law
compunction	a guilty feeling about wrongdoing
computable	able to be calculated
computation	a mathematical calculation
computational	relating to calculations
computationally	through calculation methods
compute	to calculate a result
computerization	converting to computer systems
computing	using computers to process data
comrade	a close friend or ally
comradeship	friendly bond among allies
con	a dishonest trick
concatenation	joining things in a series
concave	curving inward like a bowl
conceal	to hide something
concealed	hidden from view
concealing	hiding something from view
concealment	the act of hiding something
concede	to admit something reluctantly
conceding	admitting something reluctantly
conceit	overly high self-opinion
conceited	too proud of oneself
conceivable	able to be imagined
conceivably	possibly
conceive	to form an idea
concentrate	a strong reduced substance
concentrated	made stronger by reducing
concentration	close, focused attention
concentric	sharing the same center
conception	an idea or plan formed
conceptual	based on ideas
conceptualization	the forming of an idea
conceptualize	to form an idea
conceptually	in terms of basic ideas
concerted	done together with effort
concertina	a small folding musical instrument
concerto	a soloist and orchestra piece
concession	something given up
concessionaire	a franchise business runner
conch	a large sea shell
concha	a shell-shaped body part
concierge	a hotel's front-desk assistant
conciliation	peaceful dispute settling
conciliatory	meant to end disagreement
concise	short and clear
concisely	in a short, clear way
conclave	a private, closed meeting
conclude	to end or decide
concluding	final, ending something
conclusive	proving something beyond doubt
conclusively	in a matter-settling way
concoct	to make up or invent
concoction	a mixture made up together
concomitant	happening along with something else
concord	peaceful agreement
concordance	agreement between things
concordant	in agreement
concordat	a formal church agreement
concourse	a large open gathering area
concretely	in a specific, real way
concubine	a secondary kept partner
concur	to agree
concurrence	agreement of opinion
concurrency	simultaneous happening
concurrent	happening at the same time
concurrently	at the same time
concurring	agreeing with a decision
concussion	a hard-blow brain injury
condemn	to strongly disapprove of
condemnation	strong public disapproval
condemning	strongly criticizing
condensate	liquid formed from vapor
condensation	water droplets forming from vapor
condense	to make more compact
condenser	a vapor-to-liquid device
condensing	turning vapor into liquid
condescend	to act superior
condescending	acting superior to others
condescendingly	in a superior-acting way
condescension	an attitude of feeling superior
condiment	a sauce added to food
conditional	depending on something else
conditionality	a requirement attached to something
conditionally	with certain requirements attached
conditioned	trained through repeated experience
conditioner	a hair care product
conditioning	training through repetition
condo	a privately owned apartment unit
condolence	an expression of sympathy
condom	a birth control sheath
condominium	a privately owned unit
condone	to accept or overlook wrongdoing
condor	a very large vulture
conducive	helpful in producing a result
conductance	current-carrying ability
conducting	leading or directing something
conduction	heat or electricity transfer
conductive	able to carry electricity
conductivity	ability to carry electricity
conductor	an orchestra leader
conduit	a pipe for liquid
cone	a point-narrowing shape
coney	a rabbit
confection	a sweet treat
confectionary	relating to sweets and candy
confectioner	a sweets maker
confectionery	sweets and candy
confederacy	an alliance of states
confederate	allied together
confederation	a group of allied states
confer	to discuss with others
confess	to admit wrongdoing
confession	an admission of guilt
confessional	a booth for confessing sins
confessor	a priest who hears confessions
confetti	thrown paper bits
confidant	a person trusted with secrets
confidante	a woman trusted with secrets
confide	to share a secret
confidential	meant to be kept secret
confidentiality	the keeping of information secret
confidentially	in a private, secret way
confidently	in a self-assured way
confiding	sharing secrets trustingly
configuration	the way parts are arranged
configure	to set up
configured	set up a certain way
confine	to keep within limits
confined	kept within narrow limits
confinement	being kept restricted
confines	the limits or boundaries
confining	restricting movement or freedom
confirmation	proof that something is true
confirmatory	serving to confirm something
confirming	proving something is true
confiscate	taken away by authority
confiscation	the seizing of property
confit	food slow-cooked in fat
conflagration	a large destructive fire
conflate	to wrongly mix together
conflicting	disagreeing with each other
confluence	a joining together of things
confluent	flowing or merging together
conform	to follow accepted rules
conformance	agreement with a standard
conformation	a shape or structure
conforming	following accepted rules
conformist	following accepted rules or beliefs
conformity	behavior matching accepted standards
confound	to confuse or puzzle
confounded	confused or puzzled
confounding	very confusing
confront	to face boldly
confrontation	a hostile face-to-face encounter
confrontational	tending to provoke conflict
confuse	to make unclear or puzzled
confusing	hard to understand
confusingly	in a puzzling way
confusion	being unclear or puzzled
conga	a lively line dance
congealed	thickened into a solid mass
congee	a rice porridge
congenial	pleasant and friendly
congeniality	friendliness and pleasantness
congenital	present from birth
conger	a large sea eel
congested	overcrowded or blocked
congestion	overcrowding or blockage
congestive	about fluid buildup
conglomerate	a group of combined companies
conglomeration	a mixed collection of things
congo	an african river country
congratulate	to praise someone's success
congratulation	praise for success
congratulatory	expressing praise for success
congregate	to gather in a group
congregating	gathering together in a group
congregation	a group gathered for worship
congregational	about a worship group
congressional	relating to a lawmaking body
congressman	a male member of congress
congresswoman	a female member of congress
congruence	the state of matching exactly
congruent	matching exactly
conic	shaped like a cone
conical	shaped like a cone
conifer	a cone-bearing evergreen tree
coniferous	relating to cone-bearing trees
conjectural	based on guesswork
conjecture	a guess from little info
conjoined	joined together
conjugal	relating to marriage
conjugate	changed to show grammatical form
conjugated	changed to show grammatical form
conjugation	verb forms
conjunct	joined together
conjunction	a word that connects clauses
conjunctivitis	an eye infection causing redness
conjure	to bring to mind
conjurer	a magician
conjuring	performing magic tricks
conker	a horse chestnut seed
conn	to steer a ship
connectedness	being linked together
connective	joining things together
connectivity	the state of being connected
connector	a joining piece
connexion	a link between things
connivance	secret cooperation in wrongdoing
conniving	secretly plotting to deceive
connoisseur	an expert with refined taste
connotation	an implied word meaning
conquer	to defeat and control
conquering	defeating and taking control
conqueror	one who defeats others
conquest	an act of defeating
conquistador	a spanish conqueror
conscience	inner sense of right
conscientious	careful and thorough
conscientiously	in a careful, thorough way
conscientiousness	careful and thorough behavior
conscious	awake and aware
consciously	deliberately and knowingly
consciousness	being awake and aware
conscript	someone forced into military service
conscription	forced enrollment into the military
consecrate	dedicated to a sacred purpose
consecrated	made sacred through a ceremony
consecration	making something sacred
consecutive	following one after another
consecutively	one after another
consensual	agreed upon by everyone involved
consensus	general agreement among a group
consenting	agreeing to something
consequence	a result of an action
consequent	following as a result
consequential	having important results
consequently	as a result
conservancy	an organization protecting nature
conservationist	someone who protects nature
conservatism	a preference for traditional values
conservatively	in a cautious, traditional way
conservatoire	a music school
conservator	a preserver and restorer
conservatory	a plant glass room
conserve	fruit preserved with sugar
conserved	kept safe from loss
conserves	fruit preserved with sugar
considerable	fairly large in amount
considerably	by a large amount
considerate	thoughtful of others' feelings
consideration	careful thought about something
consign	to hand over or deliver
consignment	goods delivered for future sale
consignor	a goods sender
consist	to be made up of
consistency	staying the same
consistently	the same way each time
consistory	a formal church council
consolation	comfort given after a loss
console	a control panel or cabinet
consolidate	to combine into one
consolidated	combined into a single whole
consolidation	combining into one
consoling	giving comfort
consonance	pleasant agreement of sounds
consonant	a non-vowel speech sound
consort	a spouse of a ruler
consortium	a group of allied companies
conspicuous	easily noticed
conspicuously	in an easily noticed way
conspiracy	a secret group plan
conspirator	a secret plot member
conspiratorial	suggesting a secret plot
conspire	to plan secretly with others
constable	a low-ranking police officer
constabulary	a police force
constancy	steadiness over time
constellation	a pattern of stars
consternation	a feeling of worried confusion
constipated	unable to easily pass waste
constipation	difficulty passing waste
constituency	an area's voters
constituent	forming a necessary part
constitute	to form or make up
constituted	formed or made up
constitutionalism	lawfully limited government
constitutionalist	a lawful-government supporter
constitutionally	according to basic law
constitutive	forming an essential part
constrain	to limit or restrict
constrained	limited or restricted
constraining	limiting or restricting
constraint	a limit placed on something
constrict	to squeeze or narrow
constricted	squeezed or narrowed
constricting	squeezing tightly
constriction	a tight squeezing or narrowing
constrictor	a squeezing snake
construct	something built from ideas
constructive	helpful and useful
constructively	in a helpful, useful way
constructivism	a building-focused art movement
constructivist	about building ideas
constructor	someone who builds something
construe	to interpret a way
consul	a country's foreign official
consular	about a foreign official
consulate	an official's office abroad
consulship	a chief official's post
consult	to seek advice from
consultancy	a business giving expert advice
consultant	someone who gives expert advice
consultation	a meeting to seek advice
consultative	involving seeking advice
consumable	able to be used up
consume	to use up or eat
consumerism	the buying of many goods
consuming	using up completely
consummate	brought to full completion
consummated	completed fully
consummation	the completion of something
consumptive	related to using something up
contagion	the spread of disease
contagious	easily spread to others
container	a holding box
containment	keeping something controlled
contaminant	a substance that pollutes
contaminate	to make impure or dirty
contaminated	made impure or dirty
contaminating	making something impure
contamination	making something impure
contemplate	to think deeply about
contemplation	deep, quiet thought
contemplative	deep in thought
contemporaneous	happening at the same time
contemporaneously	at the same time
contemporaries	people of the same era
contempt	a feeling of strong disrespect
contemptible	deserving strong disrespect
contemptuous	showing strong disrespect
contemptuously	with strong disrespect
contend	to argue or compete
contender	someone competing for a prize
contented	satisfied and at peace
contentedly	in a satisfied, peaceful way
contention	a point argued or disputed
contentious	likely to cause disagreement
contentment	a feeling of satisfaction
contents	the things held inside
contestant	a competitor in a contest
contested	disputed or fought over
contextual	relating to the surrounding situation
contextually	according to the surrounding situation
contiguous	touching each other
continence	self-control, especially bodily
continent	a major landmass
continental	relating to a large landmass
contingency	a possible future event
contingent	dependent on something else
continual	happening again and again
continually	over and over again
continuance	ongoing carrying on
continuation	a carrying on of something
continuity	an unbroken, connected sequence
continuo	a continuous bass accompaniment
continuous	going on without interruption
continuously	without any interruption
continuum	a continuous, connected range
contort	to twist out of shape
contorted	twisted out of shape
contortion	a twisted, unnatural shape
contortionist	a body-bending performer
contour	the outline shape of something
contraband	illegally traded or possessed
contraception	the prevention of pregnancy
contraceptive	preventing pregnancy
contracted	agreed to by formal arrangement
contractile	able to shrink or shorten
contracting	agreeing to a formal deal
contraction	a shrinking or shortening
contractor	a hired builder
contractual	based on a formal agreement
contractually	according to a formal agreement
contradict	to say the opposite of
contradiction	a statement opposite to another
contradictory	opposing or inconsistent
contralateral	on the opposite body side
contralto	the lowest female singing voice
contraption	an odd or complicated device
contrapuntal	combining independent melodies
contrarian	one taking opposing views
contrary	opposite in nature
contrasting	clearly different when compared
contrastive	showing clear differences
contravene	to break a rule
contravention	a breaking of rules
contributing	helping bring something about
contributor	someone who gives or helps
contributory	helping to cause something
contrite	sincerely sorry for wrongdoing
contrition	sincere sorrow for wrongdoing
contrivance	a clever but artificial device
contrive	to plan cleverly or artificially
contrived	artificially or awkwardly planned
controllable	able to be managed
controller	a managing device or person
controlling	managing or directing
controversial	causing public disagreement
controversially	in a disputed way
controversy	a public argument or dispute
contusion	a bruise
conundrum	a confusing problem or puzzle
convalescence	recovering from illness
convalescent	recovering from illness
convection	heat movement through a fluid
convene	to gather for a meeting
convener	a meeting caller
convenience	something that makes life easier
conveniences	things that make life easier
convenient	easy and useful
conveniently	in an easy, helpful way
convening	a gathering of people
convent	a home for nuns
conventional	usual and traditional
conventionally	in the usual way
converge	to meet at one point
convergence	a coming together
convergent	coming together at one point
converging	a coming together
conversant	familiar with something
conversational	relating to informal talk
conversationalist	a good talker
converse	opposite or reverse
conversely	on the other hand
conversion	a change into something else
convert	someone who changed their beliefs
converter	a changing device
convertible	able to be changed
convex	curving outward
convexity	an outward curve
convey	to communicate or carry
conveyance	a means of transport
conveyancing	transferring property ownership legally
conveyer	a thing that carries something
conveying	the act of communicating
conveyor	a moving carrying belt
convict	a person in prison
conviction	a strong belief
convince	to make someone believe something
convincing	believable and persuasive
convincingly	in a persuasive way
convivial	friendly and cheerful
conviviality	friendly, cheerful sociability
convocation	a formal gathering
convoluted	very hard to follow
convolution	a complicated twist or turn
convoy	a protective travel group
convulsion	a sudden violent body spasm
convulsive	involving sudden violent movements
coo	a soft cooing sound
cookbook	a book of recipes
cooked	prepared with heat
cooker	a device for cooking food
cookery	the practice of cooking
cookie	a small sweet baked treat
cookout	an outdoor grilled meal
cookware	pots and pans for cooking
coolant	liquid used to reduce heat
cooler	a cold-keeping container
coolie	an old laborer term
cooling	becoming less hot
coolly	in a calm, unemotional way
coolness	a calm, unemotional manner
coon	an old raccoon term
coop	a small cage for birds
cooper	a maker of wooden barrels
cooperate	to work together with others
cooperative	willing to work together
cooperatively	working well together
coordinate	equal in rank or importance
coordinated	organized to work well together
coordinating	organizing things to work together
coordination	organizing things together
coordinator	a person who organizes activities
coot	a small dark water bird
cooter	a type of freshwater turtle
cope	a wall's top part
copier	a machine that makes copies
copilot	a second pilot who assists
coping	dealing with a difficult situation
copious	very plentiful
copiously	in great abundance
copolymer	a two-substance material
copper	a reddish metal
copperhead	a poisonous American snake
coppery	having a reddish-brown color
coppice	a small group of trees
copra	dried coconut flesh
copse	a small group of trees
copula	a linking verb like "is
copulate	to have sex
copulation	the act of mating
copycat	someone who imitates others
copying	making a duplicate of something
copyist	a writing copier
copyright	legal ownership of creative work
copyrighted	protected by ownership law
copywriter	an ad text writer
coquette	a woman who flirts playfully
coquettish	flirtatious in a playful way
coral	a pinkish-orange color
cord	a thin length of rope
corded	made with cord-like ridges
cordial	warm and friendly
cordially	in a warm, friendly way
cordite	an explosive used in ammunition
cordless	not needing a power cord
cordoba	nicaraguan currency unit
cordon	a guarded barrier line
cords	thin lengths of rope
corduroy	a ribbed cotton fabric
corgi	a small short-legged dog breed
coriander	a fragrant cooking herb
corinthian	an ornate greek style
cork	a bark stopper
corked	sealed with a cork
corker	something excellent or remarkable
corkscrew	a tool for removing corks
corky	tasting or smelling of cork
cormorant	a large diving seabird
corn	a yellow-kernel cereal
cornbread	bread made from cornmeal
cornea	the eye's clear front
corneal	about the eye's covering
corned	preserved in salt
cornel	a type of flowering shrub
cornerback	a defensive position in football
cornered	trapped with no escape
cornerstone	a basic, essential part
cornet	a small brass instrument
cornfield	a field where corn grows
cornflower	a small blue wildflower
cornice	a wall's decorative ledge
cornmeal	ground dried corn
cornstarch	a food-thickening powder
cornucopia	a great abundance of things
corny	overly sentimental or unoriginal
corolla	the petals of a flower
corollary	a natural result or consequence
corona	a light ring
coronal	relating to a crown
coronary	relating to the heart
coronation	a ruler's crowning ceremony
coronavirus	an illness-causing virus family
coroner	an official who investigates deaths
coronet	a small crown
corp	short for corporation
corporal	relating to the human body
corporatism	big-business social control
corporatist	favoring control by large organizations
corporeal	relating to the physical body
corps	an organized group of people
corpse	a dead body
corpulent	very overweight
corpus	a large collection of writings
corral	a fenced area for livestock
corrected	made accurate or right
correction	a fix of a mistake
correctional	relating to punishment or prison
corrections	fixes of mistakes
corrective	meant to fix a problem
correctly	in the right way
correctness	the state of being accurate
correlate	closely connected or related
correlated	shown to be related
correlation	a mutual relationship between things
correlative	mutually related
correspond	to match or be similar
correspondence	an exchange of letters
correspondent	matching or similar
corresponding	matching or equivalent
correspondingly	in a matching way
corridor	a long hallway
corrie	a mountain hollow
corroborate	to confirm with evidence
corroboration	supporting evidence
corrode	to wear away chemically
corroded	worn away by rust
corroding	slowly wearing away
corrosion	gradual chemical wearing away
corrosive	able to wear away materials
corrugated	shaped into parallel ridges
corrupt	dishonest for personal gain
corrupted	made dishonest or damaged
corruptible	able to be bribed
corrupting	causing to become dishonest
corruptly	in a dishonest way
corsage	a small worn bouquet
corsair	a pirate or pirate ship
corset	a body-shaping undergarment
cortege	a solemn funeral procession
cortex	an organ's outer layer
cortical	about the brain's outer layer
corticosteroid	a hormone drug reducing inflammation
cortina	a curtain or car model
cortisol	a stress hormone
cortisone	a hormone drug for inflammation
coruscant	sparkling or flashing brightly
corvette	a small fast warship
cos	because, in short form
cosh	a heavy weapon club
cosign	to jointly sign a loan
cosine	a trigonometric ratio in math
cosmetic	relating to appearance only
cosmetically	affecting only appearance
cosmetology	the study of beauty treatments
cosmic	relating to the universe
cosmological	about the universe's origin
cosmology	study of the universe
cosmonaut	a Russian astronaut
cosmopolitan	familiar with many cultures worldwide
cosmos	the universe as a whole
cosplay	to dress as a character
cosplayer	a character-dressing fan
cosponsor	to jointly support a proposal
coss	an old distance unit
costa	a rib-like ridge
costal	relating to the ribs
costing	calculating the price of something
costly	expensive
costume	clothing worn for disguise
costumed	dressed in a costume
costumer	a maker of costumes
cosy	warm and comfortable
cot	a small portable bed
cote	a small shelter for birds
coterie	a small exclusive group
cotillion	a formal young women's dance
cottage	a small simple house
cotter	a pin holding parts together
cottonmouth	a venomous water snake
cottontail	a white-tailed rabbit
cottonwood	a tree with cotton-like seeds
couch	a piece of seating furniture
cougar	a large wild cat
cough	a sudden lung burst
coughing	forcing air out sharply
coulomb	a unit of electric charge
coulter	a blade on a plow
councillor	an elected council member
councilman	a male council member
councilwoman	a female council member
counsel	advice, especially legal
counseling	professional guidance for problems
counselling	professional guidance for problems
counsellor	an adviser or guide
counselor	an adviser or guide
countable	able to be counted
countdown	a count backward to zero
countenance	a person's facial expression
counteract	to reduce an effect
counterattack	a response attack
counterbalance	a weight that offsets another
counterbalanced	offset by an opposing force
counterclaim	an opposing dispute claim
counterclockwise	moving opposite to clock hands
counterculture	a lifestyle against mainstream values
counterexample	an example disproving a claim
counterfactual	contrary to what actually happened
counterfeit	fake, made to deceive
counterinsurgency	military action against rebels
counterintelligence	efforts to stop enemy spying
counterintuitive	against what you'd expect
countermeasure	an action against a threat
counteroffensive	a military response attack
counterpart	someone with the same role
counterpoint	a contrasting element
counterproductive	working against the desired goal
counterpunch	a punch thrown in response
counterrevolutionary	opposing a revolution
counterstrike	to strike back in response
counterterrorism	efforts to stop terrorist attacks
countertop	a kitchen flat surface
counterweight	a weight balancing another
countess	a noblewoman of certain rank
counting	adding up numbers
countless	too many to count
countryman	a person from one's country
countryside	rural land away from cities
countrywide	across an entire nation
countywide	across an entire county
coup	a sudden seizure of power
coupe	a two-door car
coupled	joined together
coupler	a connecting device
couplet	a pair of rhyming lines
coupling	the joining of two things
coupon	a voucher for a discount
courageous	very brave
courageously	in a brave way
courgette	a green summer squash
courier	a message or package deliverer
courser	a swift horse
coursework	assignments done for a class
coursing	dog-chasing sport
courteous	polite and respectful
courteously	in a polite way
courtesan	a wealthy man's mistress
courtesy	polite behavior
courthouse	a building where trials happen
courtier	a royal court attendant
courting	trying to win someone's affection
courtly	very polite and refined
courtroom	a trial-holding room
courtship	the period of romantic wooing
courtyard	a walled open space
couscous	a small grain-like pasta
couture	high fashion clothing design
couturier	a high-fashion designer
covalent	sharing electrons between atoms
covariance	a joint-variation measure
covariant	changing together jointly
cove	a small sheltered bay
coven	a group of witches
covenant	a formal binding agreement
covert	secret and hidden
covertly	secretly
covet	to want something greatly
coveted	greatly desired
covetous	greedy for what others have
covetousness	strong desire for others' things
covey	a small flock of birds
cow	a milk farm animal
coward	a person who lacks courage
cowardice	a lack of courage
cowardly	lacking courage
cowbell	a cow's neck bell
cowboy	a man who herds cattle
cower	to crouch down in fear
cowgirl	a woman who herds cattle
cowherd	a person who tends cattle
cowhide	the skin of a cow
cowl	a hood covering the head
cowling	an engine metal cover
cows	female farm animals
cox	a rowing boat steerer
coxswain	a rowing boat steerer
coy	shyly playful or evasive
coyly	in a shyly playful way
coyote	a wild dog-like animal
cozy	warm and comfortable
cps	cycles-per-second unit
crab	a clawed shelled creature
crabby	easily irritated
crabs	shelled sea creatures with claws
crackdown	a strict enforcement action
cracked	broken with a split
cracker	a thin crisp biscuit
crackerjack	someone very skilled
crackers	thin crisp biscuits
cracking	excellent or very good
crackle	lightly crisp textured
crackling	sharp popping sounds
crackpot	a person with strange ideas
cradle	a baby's small bed
crafter	a handmade item maker
craftsman	a skilled manual worker
craftsmanship	hand-making skill
crafty	clever in a sly way
crag	a steep rugged rock
craggy	rough and rocky
cram	to force into space
cramp	a sudden painful muscle tightening
cramped	uncomfortably small
cran	an old fish unit
cranberry	a small tart red berry
crane	a heavy-lifting machine
cranial	relating to the skull
cranium	the skull
crank	irritable or eccentric
crankcase	an engine crankshaft housing
crankshaft	an engine motion rod
cranky	easily irritated
cranny	a small narrow opening
crapper	slang for a toilet
crappie	a small freshwater fish
crappy	of poor quality
craps	a dice gambling game
crasher	someone who attends uninvited
crashing	extremely, as an intensifier
crass	rude and lacking sensitivity
crate	a large wooden box
crater	a bowl-shaped hollow
cravat	a neck scarf
crave	to want something intensely
craved	wanted intensely
craven	cowardly
craving	an intense desire
craw	a bird's stomach
crawfish	a small freshwater shellfish
crawl	moving on hands and knees
crawler	something moving slowly along
crawling	moving on hands and knees
crawlspace	a low under-building space
crayfish	a small freshwater shellfish
crayon	a colored wax drawing stick
craze	a brief widespread enthusiasm
crazed	wildly out of control
crazily	in a wild, uncontrolled way
craziness	wild, irrational behavior
creak	a sharp squeaking sound
creaking	making a sharp squeaking sound
creaky	making squeaking sounds
creamer	a coffee-lightening substance
creamery	a dairy-making place
creampie	a cream-filled dessert
creamy	smooth and rich like cream
crease	a line made by folding
creatine	a muscle energy supplement
creationism	belief god created the world
creatively	in an inventive way
creativity	ability to invent new things
creator	someone who makes something
creature	a living animal or being
creche	a nursery for young children
cred	respect or trustworthiness
credence	belief that something is true
credential	proof of qualification
credentials	proof of qualifications
credibility	being believable
credible	believable and trustworthy
credibly	in a believable way
creditable	deserving some praise
credited	given recognition for something
creditor	person owed money
credits	work contributors list
creditworthiness	ability to repay debts reliably
credo	a set of guiding beliefs
credulity	tendency to believe too easily
credulous	too ready to believe things
creed	a system of religious belief
creel	a basket for caught fish
creep	an unpleasant, unsettling person
creeper	a surface-growing plant
creepiness	an unsettling, unpleasant quality
creeping	moving slowly and quietly
creeps	a fearful uneasy feeling
creepy	causing an uneasy fear
cremate	to burn a dead body
cremation	burning a body after death
crematorium	a body-cremating place
crematory	a body-cremating place
creole	a mixed language or culture
creosote	a wood-preserving tar
crepe	a thin pancake
crescendo	steadily growing louder
crescent	shaped like a curved moon
cress	a small leafy salad plant
crest	the top of something
crested	having a tuft on top
crestfallen	sad and disappointed
cretaceous	an ancient geologic period
cretin	an insulting fool term
crevasse	a deep crack in ice
crevice	a narrow crack or gap
crewman	a ship crew member
crib	a baby's small bed
cribbage	a card game with pegs
crick	a painful muscle stiffness
cricketer	someone who plays cricket
crier	someone who announces news publicly
criminalisation	making something a crime
criminalise	to make something a crime
criminality	the state of being criminal
criminalization	making something illegal
criminalize	to make something a crime
criminally	in a criminal manner
criminologist	someone who studies crime
criminology	the study of crime
crimp	a tight fold or wave
crimson	a deep red color
cringe	a feeling of embarrassment
cringey	causing embarrassment
cringing	shrinking back in fear
crinkle	a small wrinkle or fold
crinkled	full of small wrinkles
crinkly	having many small wrinkles
cripple	someone with a disability
crippled	badly disabled or damaged
crippling	severely damaging or disabling
crisp	pleasantly firm and fresh
crisply	in a firm, clear way
crispness	pleasant firmness or freshness
crispy	pleasantly hard and crunchy
crisscross	made of crossing lines
crisscrossed	marked with crossing lines
cristal	a brand of champagne
crit	a critical review
criterion	a standard for judging
criterium	a bicycle road race
critic	someone who judges and evaluates
criticality	extreme importance or urgency
critically	in a very important way
criticise	to point out faults
criticize	to point out faults
critique	a detailed evaluation of something
critter	a small animal
croak	a low, rough sound
croaker	an animal that croaks
croaking	making a low rough sound
crochet	needlework using a hooked needle
crocheting	making things with a hook
crock	an earthenware pot
crockery	dishes and cups
crocodile	a large aquatic reptile
crocus	a small spring flower
croft	a small rented farm
croissant	a flaky crescent pastry
crone	an old, often ugly woman
cronk	a harsh croaking sound
crony	a close, often unfair, friend
cronyism	favoring friends unfairly
crook	a dishonest person
crooked	bent or dishonest
croon	to sing softly and gently
crooner	a soft-song singer
crooning	singing softly and gently
crop	a farmed plant harvest
cropped	cut short
cropper	a bad fall or failure
croquet	a lawn game with mallets
crore	ten million, in south asia
crossbar	a horizontal bar
crossbones	crossed skull-symbol bones
crossbow	a stock-mounted bow
crossbreed	an animal from two breeds
crossbreeding	mixing different breeds
crosscheck	a check against another source
crosse	a lacrosse stick
crossfire	gunfire from multiple directions
crosshairs	aiming sight lines
crossover	a mix of different styles
crossroad	a place where roads meet
crossroads	a place where roads meet
crosstalk	unwanted signal interference
crosstown	going across a city
crosswalk	a marked pedestrian crossing
crosswind	wind blowing sideways
crosswise	lying across something
crossword	a grid word puzzle
crotch	the area between the legs
crotchety	easily annoyed and grumpy
croton	a colorful tropical shrub
crouch	to bend low down
croup	a childhood cough illness
crow	a large black bird
crowbar	a metal bar for prying
crowded	full of many people
crowdfunding	raising money from many people
crowding	filling a space too full
crowdsourcing	getting help from many people
crowing	boasting proudly
crowned	given a crown
crowning	marking the finest achievement
crozier	a bishop's ceremonial staff
crucial	extremely important
crucially	in a very important way
cruciate	shaped like a cross
crucible	a container for melting metal
crucifix	a cross with jesus depicted
crucifixion	death by cross-nailing
cruciform	shaped like a cross
crucify	to kill by cross-nailing
crud	unpleasant dirt or grime
cruddy	dirty and unpleasant
crude	rough and not refined
crudely	in a rough, unrefined way
cruel	causing deliberate pain or suffering
cruelly	in a harsh, painful way
cruelty	deliberately causing pain
cruise	a leisurely voyage by ship
cruiser	a fast warship or vehicle
cruiserweight	a mid-heavy boxing weight class
crumb	a tiny piece of food
crumble	to break into small pieces
crumbly	easily breaking into pieces
crummy	poor in quality
crump	a dull crunching sound
crumpet	a small soft griddle cake
crumple	to crush into wrinkles
crumpled	crushed into wrinkles
crunch	a loud crackling sound
crus	the lower leg
crusade	a passionate cause campaign
crusader	someone fighting for a cause
cruse	a small earthen jar
crush	an intense but brief infatuation
crushed	badly damaged by pressure
crusher	a machine that crushes things
crushing	overwhelmingly powerful
crust	the hard outer layer
crustacean	a hard-shelled water animal
crustal	relating to earth's outer layer
crusted	covered with a hard layer
crusty	having a hard outer layer
crutch	a support for walking
crux	a problem's central point
crybaby	someone who cries too easily
cryogenic	relating to extreme cold
cryogenics	the science of extreme cold
crypt	an underground burial chamber
cryptic	mysterious and hard to understand
cryptically	in a mysterious, puzzling way
cryptocurrency	digital money using encryption
cryptographic	relating to secret codes
cryptography	the science of secret codes
cryptology	the study of secret codes
crystalline	clear like a crystal
crystallised	formed into clear solid crystals
crystallization	forming into clear crystals
crystallize	to become clear and definite
crystallized	formed into clear crystals
crystallography	the study of crystal structure
cub	a young wild animal
cubby	a small enclosed space
cube	a six-sided solid shape
cubic	measured in three dimensions
cubical	shaped like a cube
cubicle	a small partitioned office space
cubism	an abstract geometric art style
cubist	relating to abstract geometric art
cubit	an ancient unit of length
cuboid	shaped roughly like a cube
cuckold	an unfaithful wife's husband
cuckoo	a distinctively-calling bird
cucumber	a long green vegetable
cud	food chewed again by cattle
cuddle	a warm, affectionate hug
cuddling	holding closely and affectionately
cuddly	nice to hug
cuddy	a small ship's cabin
cudgel	a short heavy club
cue	a signal to act
cuff	a sleeve's end part
cuisine	a style of cooking
cul	a dead end
culinary	relating to cooking
cull	a reduction by killing some
culminate	to reach a final result
culmination	the final, highest point
culpability	being responsible for wrongdoing
culpable	deserving blame
culprit	the person responsible for wrongdoing
cult	a devoted religious group
cultist	a member of a cult
cultivable	able to be farmed
cultivar	a bred variety of plant
cultivate	to grow and tend plants
cultivated	carefully grown or refined
cultivation	growing and tending plants
cultivator	a cultivating person or tool
culturally	relating to a society's customs
cultured	refined and well educated
culvert	a road drainage pipe
cum	together with, in addition
cumbersome	awkward and hard to manage
cumin	a spice from a seed
cummings	a common english surname
cumulative	building up over time
cumulatively	added together over time
cumulus	a puffy white cloud
cuneiform	an ancient wedge-shaped writing
cunnilingus	oral stimulation of female genitals
cunning	cleverly deceitful
cunningly	in a cleverly deceitful way
cunt	a vulgar word for genitals
cupboard	a small storage closet
cupcake	a small individual cake
cupid	the god of romantic love
cupola	a small roof dome
cuppa	a cup of tea
cupping	an alternative medicine suction therapy
cur	a mongrel or worthless dog
curable	able to be healed
curacao	an orange-flavored liqueur
curate	a member of the clergy
curative	helping to heal
curator	someone who manages a collection
curatorial	relating to managing a collection
curb	to hold back or restrain
curbing	restraining or limiting
curbside	the edge of a street
curd	a soft dairy solid
curdle	to turn thick and lumpy
curdled	turned thick and lumpy
curdling	turning thick and lumpy
cured	preserved by salting or drying
curfew	a set indoor time
curie	a unit of radioactivity
curing	preserving food by treatment
curio	a rare, interesting small object
curiosity	a desire to know
curiously	in an inquisitive way
curl	a spiral twist of hair
curled	twisted into a spiral shape
curler	a tool for curling hair
curlew	a long-billed wading bird
curling	a sport played on ice
curly	full of tight twists
curmudgeon	a grumpy, stubborn person
currant	a small dried grape
curricular	about a study course
curriculum	a course of study
currier	someone who prepares leather
curry	a spiced stew dish
curse	a wish for harm
cursed	affected by an evil spell
cursive	joined, flowing handwriting
cursor	a moving screen pointer
cursory	quick and not thorough
curt	rudely brief in speech
curtail	to cut something short
curtailment	a cutting short or reduction
curtain	window-covering fabric
curtly	in a rudely brief way
curtsy	a knee-bending polite bow
curvaceous	having an attractive curved shape
curvature	the degree of being curved
curve	a smoothly bending line
curved	shaped like a bend
curvilinear	made of curved lines
curving	bending smoothly
curvy	having pleasing curves
cushion	a soft padded pillow
cushioned	softened with padding
cushioning	soft padding that absorbs shock
cushy	easy and comfortable
cusp	the point just before change
cuss	a swear word
cussed	stubborn and obstinate
custard	a sweet creamy dessert
custodial	relating to guarding or care
custodian	a caretaker of a place
custody	legal care or guardianship
customarily	usually or traditionally
customary	usual and traditional
customise	to change to suit needs
customize	to change to suit needs
customs	taxes on imported goods
cutaneous	relating to the skin
cutaway	a diagram showing inner parts
cutback	a reduction in something
cutch	a tanning extract from wood
cuteness	the quality of being cute
cuticle	skin at a nail's base
cutlass	a short curved sword
cutler	someone who makes knives
cutlery	knives, forks, and spoons
cutlet	a small slice of meat
cutoff	a point where something stops
cutout	a shape cut from material
cutter	a cutting tool or ship
cutthroat	fiercely and ruthlessly competitive
cuttlefish	a squid-like sea creature
cwm	a steep mountain hollow
cwt	a unit of weight, hundredweight
cyan	a greenish blue color
cyanide	a deadly poisonous chemical
cyanobacteria	blue-green photosynthetic bacteria
cyanogen	a poisonous gas compound
cybercrime	crime committed using computers
cybernetic	relating to man-machine control systems
cybernetics	the study of control systems
cyberpunk	a futuristic dystopian genre
cybersex	sexual talk over the internet
cyberspace	the online digital world
cyborg	a part-human, part-machine being
cyclamen	a flowering houseplant
cyclic	happening in repeating cycles
cyclical	happening in repeating cycles
cycling	riding a bicycle
cyclist	someone who rides a bicycle
cyclone	a powerful rotating storm
cyclonic	relating to a rotating storm
cyclopedia	a reference book of knowledge
cyclops	a one-eyed mythical giant
cyclotron	a machine that accelerates particles
cylinder	a tube-shaped solid object
cylindrical	shaped like a tube
cymbal	a metal percussion disc
cynic	someone distrustful of good motives
cynical	distrustful of people's motives
cynically	in a distrustful, sneering way
cynicism	distrust of people's motives
cypher	a secret code system
cypress	a tall evergreen tree
cyprian	relating to cyprus
cyst	a fluid-filled lump under skin
cysteine	an amino acid in proteins
cystic	relating to fluid-filled sacs
cystitis	inflammation of the bladder
cytochrome	a protein in cell respiration
cytogenetic	relating to cells and genetics
cytokine	a cell-signaling protein
cytology	the study of cells
cytomegalovirus	a common herpes-family virus
cytoplasm	the fluid inside a cell
cytoplasmic	relating to a cell's fluid
cytosine	a building block of dna
cytoskeleton	a cell's internal support structure
cytosol	the liquid inside a cell
cytotoxic	harmful or deadly to cells
cytotoxicity	harm degree to cells
czar	a russian emperor
czarist	relating to russian emperors
dab	a small light touch
dabbing	touching lightly and quickly
dabble	to try something casually
dabbled	tried something a little, casually
dace	a small freshwater fish
dacha	a russian country house
dachshund	a long-bodied short-legged dog
dada	an absurdist art movement
dado	a lower wall panel
daemon	a background computer program
daffodil	a yellow spring flower
daft	silly or foolish
dag	a matted lock of wool
dagger	a short pointed knife
daguerreotype	an early type of photograph
dah	a long morse code signal
dahl	a spiced lentil dish
dahlia	a colorful garden flower
daikon	a large white radish
daimon	a guiding spirit or force
dainty	small and delicate
daiquiri	a rum-based cocktail
dairy	relating to milk products
dairying	the milk products business
dais	a raised platform for speakers
daisy	a small white flower
dak	an old mail relay system
dal	a spiced lentil dish
dale	a valley
dalliance	a brief casual romance
dally	to waste time
dalmatian	a spotted dog breed
dam	a water-holding barrier
damages	money paid for harm
damaging	causing harm
damascene	decorated with wavy patterns
damask	woven with a rich pattern
dame	an older woman
damnable	deserving strong condemnation
damnation	eternal punishment
damned	condemned or cursed
damning	strongly suggesting guilt
damp	slightly wet
dampen	to make slightly wet
dampening	reducing in force or intensity
damper	something that reduces enthusiasm
dampness	slight wetness
damsel	a young woman
damson	a small dark plum
danceable	fun to dance to
dancer	someone who dances
dandelion	a fluffy-seeded yellow weed
dander	loose skin flakes from animals
dandruff	dead scalp skin flakes
dandy	very good or fine
dangerously	in a risky way
dangle	to hang loosely
dangling	hanging loosely
danish	a sweet pastry
dank	unpleasantly damp and cold
daphne	a flowering shrub
daphnia	a tiny water flea
dapper	neat and stylish
dappled	marked with patches of color
daredevil	recklessly bold
daring	willing to take risks
daringly	in a bold, risky way
darken	to make darker
darkened	made dark
darkening	becoming darker
darkling	growing dark
darkly	in a gloomy way
darkroom	a room for developing photos
darling	dearly loved
darn	a mended hole in fabric
darned	mended with stitches
dart	a small pointed missile
darter	a small fast-moving fish
darts	a missile-throwing game
das	a formal male title
dash	a quick short run
dashboard	a car's instrument panel
dashcam	a car-mounted camera
dashed	moved quickly
dashing	stylish and attractive
dastardly	wicked and cowardly
dated	old-fashioned
dateline	a time-zone or report line
dative	an indirect-object verb case
datum	a single piece of information
daub	a paint smear
daunt	to discourage or intimidate
daunted	discouraged or intimidated
daunting	intimidating or discouraging
dauntless	fearless and determined
dauphin	the french throne heir
davenport	a small writing desk
daw	a type of crow
dawah	islamic religious outreach
dawn	the first light of day
dawning	beginning to appear
daybreak	the start of daylight
daycare	supervised care for young children
daydream	a pleasant distracted thought
daydreaming	drifting into pleasant thoughts
daylight	natural light of day
daylong	lasting all day
daytime	the hours of daylight
daze	a state of confusion
dazed	confused and unclear-thinking
dazzle	to impress with brilliance
dazzled	impressed by brilliance
dazzling	extremely impressive or bright
dazzlingly	in a stunningly impressive way
deacon	a church official
deaconess	a female church official
deactivate	to turn off or disable
deactivation	the act of turning off
deadbeat	someone who avoids responsibilities
deadbolt	a strong sliding door lock
deadening	reducing feeling or sound
deadhead	someone who removes spent flowers
deadlift	a weightlifting exercise
deadline	the latest due time
deadlock	a standstill where nothing progresses
deadlocked	stuck with no progress
deadly	capable of causing death
deadpan	showing no emotion or expression
deadwood	dead tree branches
deaf	unable to hear
deafened	made unable to hear
deafening	extremely loud
deafness	the inability to hear
dealer	a goods buyer and seller
dealership	a business selling vehicles
dealings	business or personal interactions
deanery	a dean's office or house
dearest	a term of affection
dearie	an affectionate term for someone
dearly	very much
dearth	a scarcity of something
deary	an affectionate term for someone
deathbed	the bed where someone dies
deathless	living or lasting forever
deathly	resembling death
deathtrap	a very dangerous place
deb	a young woman entering society
debacle	a disastrous failure
debase	to lower in value
debased	lowered in value or quality
debasement	a lowering of value
debasing	lowering in value or dignity
debatable	open to question
debater	someone who argues formally
debauched	morally corrupt from excess
debauchery	excessive indulgence in pleasure
debenture	an unsecured loan certificate
debilitated	weakened
debilitating	causing weakness
debit	money taken from an account
debonair	charming and confident
debridement	removal of damaged tissue
debrief	to question after an event
debriefing	a post-event questioning
debris	scattered broken pieces
debtor	someone who owes money
debug	to fix errors in software
debugger	a software-error finding tool
debunk	to prove false
debunking	proving something false
debutante	a young woman entering society
dec	short for december
decadence	excessive luxury and pleasure
decadent	excessively luxurious
decaf	coffee without caffeine
decal	a transferred sticker
decamp	to leave suddenly
decant	to pour liquid carefully
decanter	a container for serving wine
decapitate	to cut off the head
decapitated	having a cut-off head
decapitation	cutting off a head
decarboxylase	an enzyme removing carbon dioxide
decathlon	a ten-event athletic contest
decay	gradual rotting or breakdown
decayed	rotted or broken down
decease	death
deceased	no longer living
decedent	a person who has died
deceit	dishonest behavior
deceitful	dishonest and misleading
deceive	to mislead someone
deceiver	someone who misleads others
decelerate	to slow down
deceleration	a slowing down
decency	proper and respectable behavior
decently	in a proper, respectable way
decentralisation	spreading power from one center
decentralised	spread away from one center
decentralization	spreading power from one center
decentralize	to spread power away
decentralized	spread from central authority
deception	the act of misleading someone
deceptive	misleading or dishonest
deceptively	in a misleading way
decibel	a unit of sound loudness
decidedly	clearly and definitely
deciding	determining the outcome
deciduous	shedding leaves seasonally
decile	a tenth statistical part
decimal	based on units of ten
decimate	to destroy a large part
decimation	widespread destruction
decipher	to figure out hidden meaning
deciphered	figured out or translated
decisive	settling an outcome firmly
decisively	in a firm, determined way
decisiveness	the quality of deciding firmly
decker	a vehicle level
deckhand	a ship deck worker
declaration	a formal announcement
declarative	stating something plainly
declaratory	serving to declare something
declare	to state something officially
declarer	someone who states something formally
declassification	the removal of secrecy status
declassified	no longer classified as secret
declassify	to remove secrecy status
declension	a noun's grammatical inflection pattern
declination	a polite refusal or downward angle
deco	an early 20th century style
decoction	a boiled ingredient liquid
decode	to translate into understandable form
decoder	a coded-signal translator
decoding	translating a code
decolonization	ending colonial rule
decommission	to take out of service
decompose	to rot or break down
decomposition	the process of rotting
decompress	to release pressure
decompression	the release of pressure
deconstruct	to break into basic parts
deconstruction	breaking into basic parts
decontaminate	to remove harmful substances
decontamination	the removal of harmful substances
decor	a room's furnishing style
decorate	to make something more attractive
decorated	made more attractive with ornaments
decoration	a beautifying ornament
decorative	serving to make something attractive
decorator	someone who designs interior spaces
decorum	polite and proper behavior
decouple	to separate two connected things
decoy	something used to mislead
decrease	a reduction in amount
decreased	reduced in amount
decreasing	becoming smaller in amount
decree	an official order
decreed	ordered officially
decrement	a decrease in amount
decrepit	old and in poor condition
decriminalisation	making an act legal
decriminalization	making an act legal
decriminalize	to make an act legal
decry	to publicly criticize
decrypt	to convert code into readable form
decryption	the process of decoding data
dedicate	to devote to a purpose
dedication	strong commitment to a purpose
deduce	to work out through reasoning
deduct	to subtract from a total
deductible	able to be subtracted
deduction	a conclusion reached through reasoning
deductive	based on logical reasoning
deed	an official legal document
deeds	actions performed
deem	to consider or judge
deepen	to make deeper
deepening	becoming more intense
deer	a hoofed forest animal
deface	to spoil a surface
defamation	false statements damaging reputation
defamatory	damaging someone's reputation falsely
defame	to damage someone's reputation falsely
default	a standard option used automatically
defeated	beaten in a contest
defeatism	readiness to accept failure
defeatist	someone who expects failure
defecate	to pass body waste
defecation	the passing of solid waste
defect	a flaw or imperfection
defection	abandoning one's cause
defective	having a flaw
defector	someone who abandons their group
defenceless	unable to protect oneself
defendant	a person accused in court
defender	someone who protects
defenseless	unable to protect oneself
defensible	able to be justified
defensively	guarding against attack
defensiveness	guarding against criticism
defer	to put off until later
deference	respectful submission to another
deferential	showing great respect
deferment	a postponement
deferral	a postponement
defiance	open resistance to authority
defiant	openly resisting authority
defiantly	in an openly resisting way
defibrillator	a heart-restarting device
deficiency	a lack of something needed
deficient	lacking something needed
deficit	an amount falling short
defile	a narrow mountain pass
defiled	made impure or dirty
defilement	the act of making impure
definable	able to be clearly explained
defining	establishing the essential nature of
definite	clearly stated and certain
definitive	final and authoritative
deflate	to let air out of
deflated	having had air let out
deflation	a price or pressure decrease
deflationary	causing prices to fall
deflect	to turn something aside
deflection	a turning aside
deflector	something that turns things aside
deforest	to clear away trees
deforestation	the clearing of forests
deform	to change natural shape
deformation	a change in natural shape
deformed	having an abnormal shape
deformity	an abnormal body shape
defraud	to cheat someone of money
defray	to pay a cost for
defrost	to remove ice from
deft	skillful and quick
deftly	skillfully and quickly
defunct	no longer existing or working
defuse	to calm a danger
defusing	making a dangerous situation calmer
defy	to openly refuse to obey
degas	to remove gas from liquid
degeneracy	a state of moral decline
degenerate	declined from normal
degeneration	a gradual decline in quality
degenerative	causing gradual worsening
degradation	a decline in quality
degrade	to lower in quality
degraded	lowered in quality or dignity
degrading	humiliating or demeaning
dehumanization	treating people as less human
dehumanize	to treat as less than human
dehumanized	treated as less than human
dehumidifier	an air-moisture remover
dehydrate	to remove water from
dehydrated	lacking needed water
dehydration	a harmful water loss
deification	treating someone as a god
deign	to act reluctantly, feeling superior
deism	belief in a distant creator
deist	about a distant creator belief
deity	a god or goddess
dejected	sad and discouraged
dejection	sadness and low spirits
delayed	made to happen later
delectable	very pleasing to taste
delegate	a representing person
delegating	assigning tasks to others
delegation	a representing group
delete	to remove or erase
deleterious	harmful
deletion	the act of removing something
delft	blue and white glazed pottery
deli	a shop selling prepared foods
deliberate	done on purpose
deliberately	on purpose
deliberation	careful thought before deciding
deliberative	involving careful discussion
delicacy	a rare or fine food
delicate	easily damaged or broken
delicately	in a careful, gentle way
delicatessen	a shop selling prepared foods
deliciously	in a very tasty way
deliciousness	the quality of tasting wonderful
delight	great pleasure
delighted	very pleased
delightful	very pleasing
delightfully	in a very pleasing way
delimit	to fix the boundaries of
delimitation	the fixing of boundaries
delimited	having fixed boundaries
delineate	to describe or outline precisely
delineated	described or outlined precisely
delineation	a precise outline or description
delinquency	minor youth crime
delinquent	failing to do what's required
delirious	confused from illness
deliriously	in a wildly confused way
delirium	a state of extreme confusion
deliverable	able to be delivered
deliverance	rescue from danger or hardship
deliverer	someone who rescues or brings
dell	a small wooded valley
delta	a river-mouth triangular land
deltoid	shaped like a triangle
delude	to trick with false belief
deluge	a heavy flood of rain
delusion	a false belief held firmly
delusional	believing false things
deluxe	very fancy and high quality
delve	to search deeply into something
demagogue	a crowd-stirring liar leader
demagoguery	rabble-rousing political talk
demanding	needing much effort
demarcate	to mark the boundary of
demarcation	a boundary line
demean	to make seem less worthy
demeaning	making someone feel worthless
demeanor	the way someone behaves
demeanour	the way someone behaves
demented	mentally unstable or crazy
dementia	serious memory and thinking loss
demerara	a light brown raw sugar
demerit	a mark against good behavior
demesne	land belonging to a lord
demigod	part god, part human
demise	the end or death
demiurge	a divine world creator
demo	a short working sample
demobilization	sending soldiers home after war
democrat	a people's-rule supporter
democratically	chosen by the people
democratisation	making something open to everyone
democratization	making something open to everyone
democratize	to make available to everyone
demographic	relating to population statistics
demography	the study of population statistics
demolish	to tear down completely
demolished	torn down completely
demolishing	the act of tearing down
demolition	tearing down a building
demon	an evil spirit
demonetisation	withdrawing money from official use
demonetization	withdrawing money from official use
demonic	evil, like a demon
demonise	to portray as evil
demonization	portraying as evil
demonize	to portray as evil
demonstrable	able to be clearly shown
demonstrably	clearly shown to be true
demonstrate	to show clearly
demonstrated	clearly shown
demonstration	a public show of feeling
demonstrative	showing feelings openly
demonstrator	a person who protests publicly
demoralised	having lost confidence or spirit
demoralising	making someone lose confidence
demoralize	to make someone lose confidence
demoralized	having lost confidence or spirit
demoralizing	making someone lose confidence
demote	to lower someone's rank
demotic	relating to ordinary people's language
demotion	a lowering in rank
demure	shy and modest
demystify	to make understandable
den	a wild animal's home
denatured	changed from its natural state
dendrite	a nerve cell branch
dendritic	branching like a tree
dengue	a mosquito-spread fever
denial	refusing to accept truth
denier	a unit measuring fabric thickness
denigrate	to criticize unfairly
denigrating	unfairly criticizing
denigration	unfair criticism
denim	sturdy jeans fabric
denizen	an inhabitant of a place
denomination	a religious group or value unit
denominational	relating to a religious group
denominator	a fraction's bottom number
denote	to be a sign of
denouement	a story's final resolution
denounce	to publicly condemn
dense	packed tightly together
densely	in a tightly packed way
dent	a small blow-made dip
dental	relating to teeth
dentate	having small tooth-like points
dented	having a small dip
dentin	hard tissue under enamel
dentist	a doctor who treats teeth
dentistry	the treatment of teeth
dentition	the arrangement of teeth
denture	a false tooth set
denuded	stripped bare
denunciation	a public condemnation
deodorant	a body-odor masking product
depart	to leave a place
departed	having left
departing	in the process of leaving
departmental	about an organization division
departure	the act of leaving
depend	to rely on something
dependability	the quality of being reliable
dependable	reliable and trustworthy
dependant	relying on someone else
dependence	reliance on something
dependency	a state of relying on
dependent	relying on someone else
depersonalization	feeling detached from oneself
depict	to show in image or words
depicted	shown in image or words
depicting	showing in image or words
depiction	a portrayal in image or words
deplete	to use up gradually
depleted	used up or reduced
depletion	a gradual using up
deplorable	very bad and shameful
deplore	to strongly disapprove of
deploy	to put into position
deployment	putting into position
depolarization	loss of electric polarity
depopulated	emptied of its people
depopulation	a loss of population
deport	to expel a foreigner
deportation	the expulsion of a foreigner
deportment	a person's manner of behaving
depose	to remove from power
deposit	money paid in
depositary	one entrusted to hold something
deposition	a formal sworn statement
depositor	one who banks money
depository	a storage place
depot	a storage or transport station
depraved	morally corrupt
depravity	moral corruption
deprecating	self-critical in a modest way
deprecation	disapproval of something
depreciate	to lose value over time
depreciating	losing value over time
depreciation	a loss of value over time
depress	to make sad or lower
depressant	causing calm or reduced activity
depressed	feeling very sad
depressing	causing sadness
depressingly	in a way that saddens
depressive	a person with depression
deprivation	lacking basic needs
deprive	to take something away from
deprived	lacking basic needs
depths	the deepest extreme part
deputation	a group sent to represent
depute	to assign a task
derail	to knock off track
derailment	a train going off track
deranged	mentally disturbed
derangement	a state of madness
derby	a hat or race contest
deregulate	to remove official controls from
deregulation	the removal of official controls
derelict	abandoned and falling apart
dereliction	failure to do one's duty
deride	to mock scornfully
derision	scornful mockery
derisive	mocking and scornful
derisively	in a mocking, scornful way
derivation	the origin of something
derivative	copied from something else
derive	to obtain from a source
derived	obtained from a source
deriving	obtaining from a source
derma	the skin
dermal	relating to the skin
dermatitis	inflammation of the skin
dermatologic	relating to skin treatment
dermatological	relating to skin treatment
dermatologist	a doctor who treats skin
dermatology	the medical study of skin
dermis	skin under the surface
derogation	lessening of authority
derogatory	showing scorn or disrespect
derp	silly or clueless
derrick	a tall oil-well framework
derriere	the buttocks
derringer	a small pocket pistol
dervish	a mystical muslim order member
desalination	removing salt from seawater
descend	to go downward
descendant	inherited from an earlier generation
descendants	people born from an ancestor
descendent	inherited from an earlier generation
descending	going downward
descent	a movement downward
descriptive	giving a detailed description
descriptor	a word that describes something
desecrate	to damage something sacred
desecrated	damaged in a sacred sense
desecration	damage to something sacred
desegregation	ending separation by race
desensitization	becoming less sensitive over time
deserted	empty and abandoned
deserter	someone who abandons duty
desertification	land turning into desert
desertion	the act of abandoning duty
deserved	rightly earned
deservedly	rightly earned
deserving	worthy of something
desiccant	a substance that absorbs moisture
desiccated	dried out completely
desiccation	the process of drying out
designate	chosen but not yet in place
designation	an official name or title
designing	scheming and manipulative
desirability	the quality of being wanted
desirable	worth having or wanting
desired	wanted or wished for
desirous	wanting something strongly
desist	to stop doing something
desktop	a desk computer
desolate	empty and bleak
desolation	a state of bleak emptiness
desorption	release of absorbed material
despair	a feeling of hopelessness
despairing	feeling hopeless
despatch	sending a message or goods
desperado	a reckless outlaw
desperately	in an urgent, hopeless way
desperation	a feeling of urgent hopelessness
despicable	deserving strong dislike
despise	to dislike intensely
despised	strongly disliked
despising	strongly disliking
despondency	deep discouragement
despondent	feeling deep discouragement
despot	a cruel, all-powerful ruler
despotic	ruling with total, cruel power
despotism	rule by a cruel tyrant
dessert	a sweet after-meal course
destabilise	to make unstable
destabilization	the act of making unstable
destabilize	to make unstable
destination	the place traveled to
destined	certain to happen or arrive
destiny	a fixed future
destitute	extremely poor
destitution	extreme poverty
destroyer	a small, fast warship
destruct	to destroy, especially deliberately
destructive	causing great damage
destructively	in a damaging way
destructiveness	the tendency to cause damage
desultory	lacking purpose or plan
detach	to separate from something
detachable	able to be removed
detached	separated or emotionally distant
detachment	distance or a separated unit
detailing	a thorough description
detain	to keep someone in custody
detainee	a person held in custody
detainment	holding someone in custody
detect	to discover the presence of
detectable	able to be discovered
detected	discovered or noticed
detecting	discovering the presence of
detection	the discovery of something hidden
detective	someone who investigates crimes
detector	a device that senses something
detent	a part-holding small catch
detente	an easing of tension
detention	being kept in custody
deter	to discourage someone
detergent	used to remove grease
deteriorate	to become worse
deterioration	a gradual worsening
determinant	deciding or influencing an outcome
determinate	fixed and clearly defined
determination	firm resolve to achieve something
determinative	deciding the outcome
determinedly	with firm resolve
determiner	a noun-specifying word
determining	deciding the outcome of
determinism	belief events are all fixed
deterministic	following fixed, predictable rules
deterrence	discouraging action through fear
deterrent	discouraging someone from acting
detest	to hate intensely
detestable	deserving intense hatred
detested	hated intensely
dethrone	to remove from power
detonate	to explode
detonation	an explosion
detonator	an explosion-triggering device
detour	a roundabout route
detox	a toxin-removal period
detoxification	the removal of harmful substances
detoxify	to remove toxins from
detract	to lessen the value of
detriment	harm or damage
detrimental	causing harm
detritus	scattered debris or waste
deuce	a tie score in tennis
deuterium	a heavy form of hydrogen
devaluation	a reduction in value
devalue	to reduce the value of
devalued	reduced in value
devastate	to destroy or overwhelm completely
devastating	extremely destructive or upsetting
devastation	widespread destruction
developer	a new-thing builder
developmental	relating to growth and change
developmentally	relating to growth stages
deviance	behavior that breaks social norms
deviant	differing from accepted norms
deviate	differing from the usual
deviation	a departure from the norm
devilish	mischievous or wicked
devilishly	in a wickedly clever way
devious	sly and deceitful
devise	a will passing on property
devising	planning or inventing
devoid	completely lacking
devolution	transferring power downward
devolve	to pass power downward
devote	to give effort fully to
devoted	deeply loyal and loving
devotee	an enthusiastic follower
devotion	deep love or loyalty
devotional	about religious worship
devour	to eat hungrily
devourer	one who eats hungrily
devouring	eating hungrily
devout	deeply religious
devoutly	in a deeply religious way
dew	morning grass water drops
dewy	covered in moisture drops
dexamethasone	a steroid medicine
dexter	on the right side
dexterity	skill in using one's hands
dexterous	skillful with the hands
dextrose	a simple form of sugar
dhoti	a south asian men's garment
dhow	a traditional sailing boat
diabetes	a high-blood-sugar disease
diabetic	relating to diabetes
diabolic	extremely wicked
diabolical	extremely wicked
diadem	a jeweled crown
diagnose	to identify an illness
diagnosing	identifying an illness
diagnosis	the identification of an illness
diagnostic	used to identify a problem
diagnostics	tests to identify a problem
diagonal	slanting from corner to corner
diagonally	in a slanting direction
diagram	a simple drawing explaining something
dial	a round control or display
dialect	a regional language form
dialectal	about a regional speech form
dialectic	relating to logical debate
dialectical	relating to logical debate
dialectics	the method of logical debate
dialog	a conversation between people
dialogue	a conversation between people
dialysis	medical filtering of the blood
diam	short for diameter
diamante	decorated with sparkly fake gems
diameter	the width across a circle
diametrically	completely, as in opposite
diamine	a two-amine-group compound
diamondback	a rattlesnake with diamond markings
diaper	a baby's absorbent underpants
diaphragm	the muscle used for breathing
diarist	a diary writer
diarrhea	frequent watery bowel movements
diarrhoea	frequent watery bowel movements
diary	a daily written record
diaspora	scattered people from a homeland
diastolic	relating to heart's resting phase
diatom	a tiny single-celled alga
diatonic	using a standard musical scale
diatribe	a bitter, angry criticism
diazepam	a calming sedative drug
dibble	a hole-making garden tool
dibs	a claim to something
dice	small cubes used in games
dicey	risky and uncertain
dichotomous	divided into two opposite parts
dichotomy	a split into two opposites
dickens	an exclamation of surprise
dicker	to bargain over a price
dickey	slightly unwell or unreliable
dickhead	a stupid or contemptible person
dickie	a false shirt front
dicky	shaky or unreliable
dictate	an authoritative command
dictated	ordered with authority
dictation	speech written down as spoken
dictator	a ruler with total power
dictatorial	bossy and controlling
dictatorship	rule by one all-powerful leader
diction	choice and clearness of words
dictionary	a book listing word meanings
dictum	a formal opinion or saying
didactic	meant to teach a lesson
diddle	to cheat someone
diddley	a small worthless amount
diddly	a small worthless amount
dieback	dying back of plant tips
diehard	a stubborn resister of change
dielectric	a non-conducting material
diesel	a heavy engine fuel
dietary	relating to food eaten
dieter	a person limiting what they eat
dietetic	relating to diet and nutrition
dietetics	the study of diet
dietician	an expert on healthy eating
dieting	eating less to lose weight
dietitian	an expert on healthy eating
differ	to be unlike each other
differentiable	able to be told apart
differential	relating to a difference
differentially	showing a difference
differentiate	to tell apart
differentiated	made distinct from others
differentiation	telling things apart
differentiator	something that sets things apart
differently	in another way
diffident	shy and lacking confidence
diffraction	waves bending around objects
diffuse	spread out widely
diffused	spread out widely
diffuser	a device spreading something evenly
diffusing	spreading out gradually
diffusion	the spreading of something outward
dig	a critical remark
digest	a short summary of information
digester	a device that breaks down material
digestible	easy to digest
digestion	breaking down food in the body
digestive	relating to digesting food
digger	one who digs
digging	the making of a hole
diggings	an area being mined or dug
digit	a number or a finger
digitalis	a heart drug from foxglove
digitalization	turning something into digital form
digitally	using computer technology
digitisation	converting into digital form
digitization	converting into digital form
digitize	to convert into digital form
digitizer	a device making data digital
dignified	calm and worthy of respect
dignify	to make seem important
dignitary	an important official person
dignity	a calm sense of self-worth
digoxin	a heart medicine drug
digress	to wander off topic
digression	a wandering off topic
digs	a person's lodgings or home
dike	a wall holding back water
dilapidated	old and falling apart
dilatation	a widening or stretching open
dilate	to become wider or open
dilation	a widening or stretching open
dildo	a penis-shaped sex toy
dilemma	a difficult choice between options
dilettante	someone with only shallow interest
diligence	careful and steady effort
diligent	working hard and carefully
diligently	with careful, steady effort
dill	an herb used for flavoring
diluent	a liquid that weakens a mixture
dilute	weakened by adding liquid
diluted	made weaker with added liquid
dilution	the weakening of a mixture
dim	not bright or clear
dime	a small ten-cent coin
dimension	a measurable extent, like length
dimensional	relating to size or extent
dimensionality	the number of measurable extents
dimer	a two-unit molecule
diminish	to become smaller or less
diminished	made smaller or less
diminishing	becoming smaller over time
diminution	a lessening or reduction
diminutive	very small in size
dimly	in a faint, unclear way
dimmed	made less bright
dimmer	a light-brightness control
dimorphic	having two distinct forms
dimorphism	existing in two distinct forms
dimple	a small hollow in skin
dimwit	a stupid person
din	a loud confused noise
dinar	a unit of money
dine	to eat a meal
diner	a small casual restaurant
dinero	money
ding	a small dent or knock
dinghy	a small open boat
dingle	a small wooded valley
dingo	a wild Australian dog
dingy	dirty and dull looking
dining	eating a meal
dink	a soft trick shot
dinky	small and unimpressive
dinnertime	time for the evening meal
dinnerware	plates and dishes for meals
dinosaur	a giant extinct reptile
dint	force, as in by dint of
diocesan	relating to a bishop's district
diocese	a bishop's district of churches
diode	a one-way current device
diol	a two-alcohol-group compound
diorama	a small scaled model scene
dioxide	a two-oxygen compound
dioxin	a toxic industrial chemical
dip	a quick plunge or sauce
diphenhydramine	an allergy medicine drug
diphtheria	a serious throat infection disease
diphthong	two joined vowel sounds
diploid	having two sets of chromosomes
diploma	a certificate of completed study
diplomacy	skillful handling between nations
diplomat	an official representing a country
diplomatic	skilled at handling relations tactfully
diplomatically	in a tactful, careful way
dipole	something with two opposite poles
dipped	lowered briefly
dipper	a ladle or scoop
dipstick	a fluid-level checking rod
dire	extremely serious or urgent
directing	guiding or managing something
directional	showing or relating to direction
directionality	having a direction
directionless	lacking clear purpose or aim
directive	giving an order or instruction
directness	being straightforward and clear
directorate	a group of directors
directorship	the position of a director
directory	a list of names and addresses
dirge	a slow, mournful song
dirham	a unit of money
dirigible	able to be steered
dirk	a short dagger
dirt	relating to soil or ground
disa	a type of orchid flower
disability	a condition limiting physical activity
disable	to make unable to work
disabled	unable to use a body part
disabling	preventing normal function
disabuse	to correct someone's false belief
disadvantage	an unfavorable condition
disadvantaged	lacking normal advantages
disadvantageous	causing an unfavorable situation
disaffected	unhappy and rebellious
disaffection	a loss of loyalty
disagree	to have a different opinion
disagreeable	unpleasant or unfriendly
disagreement	a difference of opinion
disallow	to refuse to permit
disambiguation	the act of clarifying meaning
disappear	to stop being visible
disappearance	a vanishing from sight
disappearing	vanishing from sight
disappoint	to fail to meet expectations
disappointing	failing to meet expectations
disappointingly	failing expectations
disappointment	a feeling of unmet hope
disapproval	a feeling something is wrong
disapprove	to think ill of
disapproving	showing dislike or objection
disarm	to take away weapons
disarmament	reducing a country's weapons
disarming	charmingly removing suspicion
disarray	a state of disorder
disassemble	to take apart into pieces
disassembly	the taking apart of something
disassociate	to separate oneself from something
disassociation	a separation from something
disastrous	causing great harm or damage
disastrously	in a very harmful way
disavow	to deny responsibility for something
disband	to break up a group
disbandment	the breaking up of a group
disbarment	removal of a lawyer's license
disbelief	inability to accept as true
disbelieve	to refuse to believe
disbelieving	not accepting something as true
disburse	to pay out money
disbursement	a payment of money
disc	a flat round object
discard	something thrown away
discarded	thrown away as unwanted
discern	to notice something not obvious
discernable	able to be noticed
discernible	able to be noticed
discerning	showing good judgment
discernment	the ability to judge well
discharge	the release of something
discharged	released or let go
disciple	a follower of a teacher
discipleship	the state of following a teacher
disciplinarian	an enforcer of strict rules
disciplinary	relating to punishment for rule-breaking
discipline	controlled, orderly behavior
disciplined	showing controlled, orderly behavior
disclaim	to deny responsibility for something
disclaimer	a statement denying responsibility
disclose	to make known
disclosed	made known publicly
disclosure	the act of revealing information
disco	a style of dance music
discography	a list of an artist's recordings
discolor	to spoil the color
discoloration	a change in normal color
discolouration	a change in normal color
discombobulated	confused and disoriented
discomfort	mild pain or unease
disconcerted	made confused or unsettled
disconcerting	causing confusion or unease
disconnect	a lack of connection
disconnected	not joined or linked together
disconnection	a break in connection
disconsolate	deeply unhappy and without comfort
discontent	unhappy with one's situation
discontented	unhappy with one's situation
discontinuance	the stopping of something
discontinuation	the stopping of something
discontinue	to stop doing or providing
discontinued	no longer made or offered
discontinuity	a break in continuity
discontinuous	not continuous or unbroken
discord	disagreement between people
discordant	not in harmony or agreement
discotheque	a nightclub for dancing
discourage	to make less willing
discouraged	made to feel less hopeful
discouragement	a loss of confidence
discouraging	making someone feel less hopeful
discourse	spoken or written communication
discourteous	rude and impolite
discoverable	able to be found out
discoverer	a finder of something new
discredit	loss of reputation
discredited	shown to be false
discreet	careful not to attract attention
discreetly	in a careful, unnoticed way
discrepancy	a mismatch between things
discrete	separate and distinct
discretion	the freedom to decide something
discretionary	usable as one chooses
discriminate	showing careful judgment
discriminating	showing careful, refined judgment
discriminative	able to tell things apart
discriminatory	unfair based on group
discursive	wandering from topic to topic
discus	a heavy thrown disc
disdain	a feeling of contempt
disdainful	showing contempt for something
diseased	affected by illness
disembark	to leave a ship or plane
disembodied	separated from the body
disenchanted	no longer pleased with something
disenchantment	a loss of enthusiasm
disenfranchise	to take away someone's rights
disenfranchised	deprived of rights or power
disenfranchisement	loss of rights or power
disengage	to detach from something
disengagement	a withdrawal from involvement
disentangle	to free from tangling
disequilibrium	a lack of balance
disestablishment	the removal of official status
disfavor	a lack of approval
disfigure	to spoil the appearance of
disfigured	badly damaged in appearance
disfigurement	a mark that spoils appearance
disgrace	a loss of honor
disgraced	having lost respect or honor
disgraceful	shamefully bad
disgracefully	in a shamefully bad way
disgruntled	annoyed and dissatisfied
disguise	a costume to hide identity
disguised	hidden by a false appearance
disgust	a strong feeling of dislike
disgusted	feeling strong dislike or revulsion
disgusting	causing strong dislike or revulsion
disgustingly	in a revolting way
dish	a container for serving food
disharmony	a lack of agreement
disheartened	made to lose hope
disheartening	causing a loss of hope
dished	shaped like a shallow bowl
disheveled	untidy and messy looking
dishevelled	untidy and messy looking
dishonest	not truthful or fair
dishonestly	in an untruthful way
dishonesty	a lack of honesty
dishonor	a loss of respect
dishonorable	deserving loss of respect
dishonorably	in a shameful, disgraceful way
dishonored	treated with disrespect
dishonour	a loss of respect
dishonourable	deserving loss of respect
dishwasher	a machine that washes dishes
dishwashing	washing plates and cutlery
disillusion	a loss of belief
disillusioned	no longer believing something good
disillusionment	a loss of belief
disincentive	something that discourages an action
disinclined	unwilling to do something
disinfect	to clean and kill germs
disinfectant	killing harmful germs
disinfection	the killing of harmful germs
disinformation	false information spread deliberately
disingenuous	not truly honest or sincere
disinherited	denied an expected inheritance
disintegrate	to break into small pieces
disintegration	the breaking apart of something
disinterest	a lack of interest
disinterested	having no personal stake
disinvestment	the withdrawal of invested money
disjoint	not connected or joined
disjointed	lacking a clear connection
disjunction	a lack of connection
disk	a flat round object
diskette	a small storage disc
dislike	a feeling of not liking
disliked	not liked by others
dislocate	to force a joint out of place
dislocated	forced out of position
dislocation	a joint out of place
dislodge	to force out of place
disloyal	unfaithful to a cause
disloyalty	a lack of faithfulness
dismal	gloomy and depressing
dismally	in a gloomy, depressing way
dismantle	to take apart piece by piece
dismantled	taken apart piece by piece
dismantling	the taking apart of something
dismay	a feeling of worried disappointment
dismayed	feeling worried disappointment
dismember	to cut into pieces
dismemberment	the cutting apart of a body
dismiss	to send away or reject
dismissal	a sending away or rejection
dismissed	sent away or rejected
dismissive	treating as not worth considering
dismount	a getting off something
disobedience	refusal to follow rules
disobedient	refusing to follow rules
disobey	to refuse to follow rules
disordered	lacking normal organization
disorderly	messy and unruly
disorganised	lacking order or planning
disorganization	a lack of order
disorganized	lacking order or planning
disorientation	confusion about surroundings
disoriented	confused about one's surroundings
disorienting	causing confusion about surroundings
disown	to reject as one's own
disowning	rejecting as one's own
disparage	to criticize unfairly
disparagement	unfair criticism of something
disparaging	showing unfair criticism
disparagingly	in a critical, belittling way
disparate	very different from each other
disparity	a noticeable difference between things
dispassionate	calm and not emotionally biased
dispassionately	in a calm, unbiased way
dispatch	a message sent quickly
dispatcher	a sender of orders or vehicles
dispel	to make a feeling go away
dispensable	not essential
dispensary	a place giving out medicine
dispensation	an official rule exception
dispense	to give out or distribute
dispensed	given out or distributed
dispenser	a device releasing portions
dispersal	the spreading out of something
disperse	to spread out
dispersed	spread out over an area
dispersion	the spreading out of something
dispersive	tending to spread things apart
dispirited	having lost enthusiasm or hope
dispiriting	causing a loss of hope
displace	to force from the usual place
displacement	forcing from its place
displease	to make someone annoyed
displeased	feeling annoyed or unhappy
displeasing	causing annoyance or dislike
displeasure	a feeling of annoyance
disposable	meant to be thrown away
disposal	getting rid of something
dispose	to get rid of something
disposed	inclined a certain way
disposition	a person's usual nature
dispossessed	deprived of property or home
dispossession	loss of property or home
disproportionate	too large or small
disproportionately	unfairly much or little
disprove	to show something false
disputable	open to question
disputation	a formal argument or debate
dispute	a disagreement or argument
disputed	argued about
disqualification	being ruled out
disqualified	ruled out from taking part
disqualify	to rule out
disqualifying	causing exclusion
disquiet	a feeling of worry
disquieting	causing worry or unease
disregard	a failure to pay attention
disregarded	ignored on purpose
disregarding	paying no attention to
disrepair	a poor, broken-down condition
disreputable	having a bad reputation
disrepute	a state of being distrusted
disrespect	a lack of respect
disrespectful	showing a lack of respect
disrespectfully	in a rude, disrespectful way
disrupt	to interrupt the normal flow
disrupted	thrown into disorder
disruption	an interruption of normal order
disruptive	causing trouble or disorder
diss	to insult or criticize
dissatisfaction	unhappiness with something
dissatisfied	unhappy with something
dissect	to cut apart to examine
dissected	cut apart for examination
dissection	cutting apart to examine
dissembling	hiding one's true feelings
disseminate	to spread widely
dissemination	the spreading of information widely
dissension	disagreement that causes conflict
dissent	disagreement with an official view
dissenter	one who disagrees officially
dissenting	disagreeing with an official view
dissertation	a long essay for a degree
disservice	a harmful, unhelpful action
dissident	openly opposing authority
dissimilar	not alike
dissipate	to scatter and disappear
dissipated	scattered and gone
dissipation	a gradual scattering away
dissociate	to separate oneself from
dissociation	separating from something
dissociative	involving separation from reality
dissolute	living an immoral, careless life
dissolution	the ending of something formal
dissolve	a gradual scene fade
dissolved	melted into liquid
dissolving	melting away into a liquid
dissonance	a harsh clash of sounds
dissonant	harsh and clashing
dissuade	to talk out of doing
distaff	relating to women
distal	farthest from the center
distally	toward the far end
distant	far away
distantly	from a great distance
distaste	a strong dislike
distasteful	unpleasant and offensive
distemper	a disease affecting animals
distended	swollen and stretched out
distil	to purify by heating and cooling
distill	to purify by heating and cooling
distillate	a purified liquid product
distillation	the purifying of a liquid
distiller	someone who makes strong liquor
distillery	a place making liquor
distinct	clearly different or separate
distinction	a clear difference
distinctive	easily recognized as different
distinctively	in a clearly recognizable way
distinctiveness	being clearly different
distinctly	clearly and definitely
distinguish	to tell apart
distinguishable	able to be told apart
distinguished	respected and well known
distort	to twist out of true shape
distorted	twisted out of true shape
distortion	a twisting out of shape
distract	to draw attention away
distracted	unable to focus
distraction	something that draws attention away
distraught	extremely upset
distress	great suffering or worry
distressed	very upset or troubled
distressing	causing worry or upset
distribute	to give out to many
distributional	relating to spread of things
distributive	relating to sharing things out
distributor	a supplier of goods
distrust	a lack of trust
distrustful	not trusting others
disturb	to interrupt or upset
disturbance	an interruption of calm
disturbed	upset or mentally troubled
disturbing	causing worry or unease
disturbingly	in a worrying way
disunity	a lack of unity
disuse	no longer being used
disused	no longer used
dit	a short musical note
dita	a bitter-barked tropical tree
ditch	a narrow water trench
dither	a state of nervous indecision
dithering	being unable to decide
ditto	the same as stated before
ditty	a short simple song
diuretic	a substance that increases urination
diurnal	active during the day
diva	a temperamental, demanding performer
divalent	having two bonding positions
divan	a long backless couch
dive	a jump headfirst into water
diver	a person who dives underwater
diverge	to split in different directions
divergence	a splitting apart
divergent	branching off in different directions
diverging	branching off in different directions
divers	several different
diverse	made of many kinds
diversification	the act of adding variety
diversified	made more varied
diversify	to add more variety
diversion	something that distracts or entertains
diversionary	meant to distract attention
divert	to change the direction of
diverted	redirected elsewhere
diverticulitis	inflammation of the intestine
diverting	entertaining and distracting
divest	to give up ownership
divestiture	the selling off of assets
divide	a split between groups
dividend	a paid share of profit
divider	something that separates two areas
divination	predicting the future
divine	relating to god
divinely	in a wonderful, godlike way
diviner	a predictor of the future
diving	jumping headfirst into water
divinity	the quality of being a god
divisible	able to be divided evenly
divisional	relating to a division
divisive	causing disagreement among people
divisor	a number that divides another
divorced	no longer legally married
divorcee	a person who is divorced
divot	a torn-up chunk of turf
divulge	to reveal secret information
divvy	a divided share
diwan	a royal council or poems
dixie	a container for carrying food
dizziness	a spinning, unsteady feeling
dizzy	feeling unsteady
djinn	a supernatural spirit in folklore
doable	able to be done
dobbin	a gentle, plodding farm horse
dobson	a large aquatic insect larva
docent	a museum or tour guide
docile	easy to control or teach
dock	a ship loading place
docker	a ship loader
docket	a list of cases for action
docking	joining two things together
dockside	the area near a dock
dockyard	a place ships are built
doctoral	relating to the top degree
doctorate	the highest university degree
doctrinaire	rigidly holding fixed beliefs
doctrinal	relating to a set of beliefs
doctrine	a set of official beliefs
docudrama	a dramatized true story
documentation	written records providing proof
documented	recorded in writing
doddle	a very easy task
dodge	a clever avoidance trick
dodger	someone who avoids things cleverly
dodging	avoiding something cleverly
dodgy	not trustworthy or reliable
dodo	an extinct flightless bird
doe	a female deer
doer	a person who takes action
doff	to take off a hat
doge	old venice's elected ruler
dogfight	a close aerial battle
dogfish	a small type of shark
dogged	persistent and determined
doggedly	with stubborn determination
doggie	a small dog
dogging	following someone persistently
doggo	hidden or in secret
doggy	a small dog
doghouse	a small dog shelter
dogma	a fixed set of beliefs
dogmatic	stubbornly certain about one's beliefs
dogmatically	in a stubbornly opinionated way
dogmatism	the stubborn assertion of beliefs
dogshit	something worthless
dogwood	a tree with small flowers
doh	an expression of frustration
doily	a small decorative lace mat
doings	activities or actions
dol	a unit for measuring pain
dolce	played sweetly and gently
doldrums	a state of low spirits
dole	government payment to the unemployed
doll	a person-shaped toy
dollhouse	a miniature toy house
dollop	a small shapeless lump
dolly	a small wheeled cart
dolman	a loose sleeve or garment
dolomite	a type of mineral rock
dolor	deep sadness or grief
dolphin	a smart, friendly sea mammal
dolt	a stupid person
dome	a rounded, curved roof
domed	shaped like a rounded roof
domestically	within one's own country
domesticate	to tame for human use
domesticated	tamed for human use
domestication	taming of animals or plants
domesticity	home and family life
domicile	a place where someone lives
dominance	being in control
dominant	most powerful or influential
dominate	to control fully
dominated	controlled by another
dominating	having control or power over
domination	control over someone or something
dominatrix	a sexually controlling woman
domine	a member of the clergy
domineering	overly controlling of others
dominion	control over an area
domino	a small rectangular game tile
dominoes	a tile-based game
dominos	small game tiles
dominus	a lord or master
donate	to give something for free
donation	something given for free
dong	a deep ringing sound
dongle	a small plug-in computer device
donkey	a small horse-like animal
donna	a respectful title for women
donor	a person who gives something
donut	a fried ring-shaped pastry
doodle	a casual, absent-minded drawing
doofus	a foolish person
doom	a terrible, unavoidable fate
doomed	certain to fail or suffer
doomsday	the end of the world
doorbell	a button that rings at a door
doorframe	the frame around a doorway
doorkeeper	a door guard
doorknob	a door's turning handle
doorman	a greeter at a door
doormat	a mat at a doorway
doorstep	the step before a door
doorstop	an object holding a door open
doorway	an entrance into a room
dopa	a body-made chemical
dopamine	a pleasure-linked brain chemical
dope	an illegal drug
doped	drugged with a substance
dopey	slow-witted or sleepy
doppelganger	a look-alike double of someone
doric	a simple architectural style
dork	an awkward, foolish person
dorm	a building with student bedrooms
dormancy	a state of temporary inactivity
dormant	temporarily inactive
dormer	a small roof window
dormitory	a building with many bedrooms
dorsal	relating to an animal's back
dorsally	toward the back
dorsum	the back or upper surface
dory	a small flat-bottomed boat
dosage	the amount of medicine taken
dose	a measured amount of medicine
dosed	given a measured amount
dosimetry	the measurement of radiation exposure
doss	to sleep in a makeshift place
dossier	a collection of documents
dot	a small round mark
dote	to show excessive love
doting	showing excessive love and care
dotted	marked with small dots
dotty	slightly crazy or eccentric
doubled	made twice as large
doubleheader	two back-to-back games
doubler	something that increases something twofold
doubles	a two-pair match
doublespeak	confusing misleading language
doublet	a fitted men's jacket
doubletree	a beam pulled by two horses
doubling	making something twice as large
doubly	to an even greater degree
doubter	a person who has doubts
doubtful	uncertain or unlikely
doubting	feeling uncertain about something
doubtless	almost certainly
doubtlessly	almost certainly
douche	a water-rinsing device
dough	a soft mixture for baking
doughboy	a world war one soldier
doughnut	a fried ring-shaped pastry
doughy	soft and pale like dough
doula	a childbirth support helper
dour	stern and unfriendly
douse	to soak with liquid
dousing	soaking something with liquid
dove	a peace-symbol bird
dovetail	a two-piece fitting joint
dowager	a wealthy older widow
dowdy	unfashionable and drab
dowel	a small wooden peg
dower	property given to a widow
downbeat	music's main stressed beat
downcast	sad and discouraged
downdraft	a downward flow of air
downer	something that lowers one's mood
downfall	a sudden loss of power
downfield	toward the field's far end
downgrade	a reduction in rank
downhill	sloping downward
downplay	to make seem less important
downpour	a heavy fall of rain
downright	completely and thoroughly
downriver	toward a river's lower part
downside	a disadvantage of something
downsize	to reduce staff or size
downsizing	a reducing of size
downstairs	on a lower floor
downstream	in the river's flow direction
downswing	a downward movement or decline
downtime	a period of not working
downtrodden	oppressed and treated badly
downturn	a decline in activity
downward	moving toward a lower position
downwardly	in a descending direction
downwards	toward a lower position
downwind	in the wind's direction
downy	covered with soft fine feathers
dowry	property given by a bride's family
dowsing	searching for water using a stick
doxorubicin	a cancer treatment drug
doxycycline	an antibiotic medicine
doyen	the most respected person
doze	a light, brief sleep
dozens	a group of about twelve
dozer	an earth-moving machine
drab	dull and colorless
drachma	an old greek coin unit
drafter	a writer of documents
drafting	writing a preliminary version
draftsman	a technical plan drawer
drafty	letting in cold air currents
drag	a pull or resistance backward
dragging	pulling slowly and with effort
dragnet	a coordinated police search
dragonfly	a slender flying insect
dragoon	a mounted soldier
drain	a waste-water pipe
drainage	the removal of excess water
drained	completely emptied or exhausted
draining	tiring and exhausting
drainpipe	a water-carrying pipe
drake	a male duck
dram	a small drink of liquor
dramatically	in a striking, noticeable way
dramatics	exaggerated emotional behavior
dramatist	a person who writes plays
dramatization	a story shown as a play
dramatize	to present as drama
drape	a piece of hanging cloth
draped	hung loosely over something
draper	a cloth seller
drapery	hanging cloth or curtains
drastic	extreme and sudden
drastically	in an extreme, sudden way
draught	a current of moving air
draughts	a round-piece board game
draughtsman	a technical plan drawer
drawback	a disadvantage of something
drawbridge	a raisable bridge
drawer	a sliding storage box
drawers	underwear or sliding storage boxes
drawl	a slow way of speaking
drawstring	a tightening clothing cord
dray	a horse-pulled low cart
dread	filled with great fear
dreaded	feared greatly
dreadful	very bad or unpleasant
dreadfully	very badly or unpleasantly
dreadnought	a large battleship
dreamed	imagined during sleep
dreamer	a person with big ideas
dreamily	in a distant, thoughtful way
dreaming	imagining things during sleep
dreamland	an imaginary perfect place
dreamlike	like something in a dream
dreamworld	an imaginary, unreal place
dreamy	pleasant and relaxing
dreary	dull and gloomy
dredge	a mud-digging machine
dredger	a mud-scooping boat
dregs	the worst leftover bits
drench	to soak completely with liquid
drenched	completely soaked
drenching	a thorough soaking
dressage	formal horse-riding sport
dresser	a chest of drawers
dressing	a sauce for salad
dressmaker	someone who sews clothes
dressmaking	the craft of sewing clothes
dressy	suited for formal occasions
dribble	a small trickling flow
dribbling	tapping a ball along
dried	with the moisture removed
drier	a machine that removes moisture
drift	a slow current-carried movement
drifter	an aimless wanderer
drifting	moving slowly without direction
driftwood	wood washed ashore by water
drill	a tool for boring holes
drilled	trained through repeated practice
drilling	boring holes into something
drinkable	safe or fit to drink
drinker	a person who drinks alcohol
drip	a small falling drop
dripping	liquid falling in drops
drippings	fat dripped from cooking meat
drippy	overly sentimental or leaking
drivel	silly, meaningless talk
driveshaft	a power-transmitting rod
driveway	a path to a house
drizzle	a light, fine rain
drizzling	raining lightly
drizzly	marked by light rain
droll	amusing in an odd way
dromedary	a one-humped camel
drone	a small unmanned flying aircraft
droning	making a dull humming sound
drool	saliva dripping from the mouth
droop	a downward sagging
drooping	sagging or hanging down
droopy	sagging or limp
dropkick	a kick after a bounce
droplet	a tiny drop of liquid
dropout	someone who quits school early
dropper	a liquid-drop measuring tube
droppings	animal waste
drosophila	a small fruit fly
dross	worthless waste material
drought	a long period without rain
drover	a person who herds livestock
drown	to die from being underwater
drowsiness	a feeling of sleepiness
drowsy	sleepy and tired
drubbing	a heavy defeat
drudge	someone stuck doing boring work
drudgery	dull, tiring, hard work
drugged	made unconscious by medicine
drugging	giving someone a sedative secretly
druggist	a person who prepares medicines
drugstore	a shop selling medicine
drum	a round musical percussion instrument
drumbeat	a drum's rhythmic sound
drummer	a person who plays drums
drumming	playing a drum rhythmically
drumstick	a stick for playing drums
drunkard	a heavy drinker
drunken	affected by too much alcohol
drunkenly	in a drunk manner
drunkenness	the state of being drunk
dryad	a tree spirit in myths
drydock	a ship-repair area
dryer	a machine that dries things
dryly	in a witty, unemotional way
dryness	the state of lacking moisture
drywall	an interior wall board
dual	made of two parts
dualism	the idea of two opposing parts
dualistic	involving two opposing forces
duality	having two parts
dub	a nickname or dubbed recording
dubbing	replacing an original soundtrack
dubious	doubtful or uncertain
dubiously	in a doubtful way
dubstep	a type of electronic music
ducal	relating to a duke
duce	a leader or chief
duchess	the wife of a duke
duchy	territory ruled by a duke
duck	a swimming water bird
ducking	bending down to avoid something
duckling	a baby duck
ducky	a small toy duck
duct	an air or liquid tube
ductile	able to stretch into wire
ductility	the ability to stretch thin
dud	failing to work properly
dudgeon	a feeling of deep resentment
duds	clothes
duel	a formal two-person fight
duelist	a fighter in a duel
duet	a two-person musical piece
duff	the soft ground under trees
duffel	a large cylindrical travel bag
duffer	an incompetent or clumsy person
duffle	a large soft travel bag
dug	a mammal's teat
dugout	a ground-dug shelter
dukedom	a duke's ruled territory
dulcet	sweet and soothing to hear
dulcimer	a stringed musical instrument
dull	not sharp or interesting
dulled	made less sharp or intense
dullness	lack of excitement or sharpness
duly	properly and on time
dumbass	a stupid person
dumbbell	a weight used for exercise
dumbfounded	shocked into silence
dumbstruck	too shocked to speak
dummy	fake or imitation
dump	a place for waste
dumper	a person who abandons something
dumping	getting rid of something carelessly
dumpling	a small ball of dough
dumplings	small balls of cooked dough
dumps	a state of low spirits
dumpy	short and stocky
dun	a dull grayish-brown color
dunce	a slow-witted person
dune	a hill of sand
dung	animal waste
dungeon	an underground prison
dunk	to plunge something into liquid
dunker	someone who dunks food or a ball
duo	a pair of people
duodenal	relating to the upper intestine
duodenum	the small intestine's first part
duomo	an Italian cathedral
dupe	a person easily tricked
duplex	having two parts
duplicate	exactly the same as another
duplication	the act of copying something
duplicitous	deceitful and two-faced
duplicity	deceitful, two-faced behavior
dura	the brain's tough covering
durability	the ability to last long
durable	long-lasting
dural	relating to the brain's membrane
duration	how long something lasts
durbar	a royal court or reception
duress	pressure used to force someone
durian	a large spiky tropical fruit
durum	a hard wheat for pasta
dusk	the time just before nightfall
dusky	dim or shadowy
dustbin	a container for trash
duster	a dust-wiping cloth
dusty	covered with fine dirt
dutiful	careful to do what's expected
dutifully	in a dutiful way
duvet	a thick quilted blanket
dwarf	a very small person
dwarfism	a condition of short stature
dweeb	an awkward, unfashionable person
dwell	to live in a place
dweller	a person who lives somewhere
dwelling	a place where someone lives
dwindle	to gradually become smaller
dwindling	becoming gradually smaller
dyad	a pair of connected things
dyadic	involving a pair of things
dye	a color-changing substance
dyed	colored using dye
dyeing	the process of coloring fabric
dyer	a person who dyes fabric
dyke	a water-blocking wall
dynamical	relating to forces and motion
dynamically	in a constantly changing way
dynamics	the forces that cause change
dynamism	energy and enthusiasm for action
dynamite	a powerful explosive
dynamo	a machine that generates electricity
dynastic	relating to a ruling family
dynasty	a ruling family's line
dyne	a small unit of force
dysentery	a severe intestinal infection
dysfunction	failure to work properly
dysfunctional	not working properly
dyskinesia	uncontrollable, jerky movements
dyslexia	a brain-based reading difficulty
dyslexic	having difficulty reading
dyspepsia	indigestion
dysphagia	difficulty swallowing
dysphoria	a strong feeling of unease
dysplasia	abnormal growth of cells
dyspnea	difficulty breathing
dystopia	an imagined terrible society
dystopian	relating to a terrible imagined society
dystrophy	weakening of muscles over time
eager	very keen and enthusiastic
eagerly	with great enthusiasm
eagerness	strong enthusiasm and desire
eagle	a large bird of prey
earache	pain inside the ear
eardrum	the membrane inside the ear
eared	having ears of a kind
earful	a long scolding or complaint
earl	a British nobleman
earldom	the territory of an earl
earliest	happening before all others
earlobe	the ear's soft bottom
earmark	to set aside for a purpose
earner	a person who earns money
earnest	serious and sincere
earnestly	in a sincere, serious way
earnestness	sincere seriousness
earnings	money earned from work
earphone	a small in-ear speaker
earpiece	a small ear-worn device
earring	jewelry worn on the ear
earshot	hearing distance
earthbound	confined to the earth
earthen	made of baked clay
earthenware	pottery made of baked clay
earthing	connecting to the ground electrically
earthling	an inhabitant of earth
earthly	relating to this world
earthquake	a sudden ground shaking
earthwork	an earthen defensive bank
earthworm	a soil-dwelling worm
earthy	simple and natural
earwax	the ear's waxy substance
earwig	a small insect with pincers
eased	made less difficult or painful
easel	a painting-holding stand
easement	a right to use others' land
easing	making something less difficult
eastbound	traveling toward the east
easter	a spring holiday celebrating resurrection
easterly	coming from the east
easternmost	farthest to the east
eastside	located on the east side
eastward	moving toward the east
eastwards	toward the east
easygoing	relaxed and untroubled
eater	one who eats
eatery	a casual restaurant
eats	food
eaves	a roof's overhanging edge
eavesdrop	to secretly listen to others
ebb	the tide flowing back
ebbing	gradually fading away
ebon	black in color
ebony	deep black in color
ebullient	full of energy and excitement
eccentric	unusual and slightly odd
eccentricity	an odd habit or trait
ecclesiastic	relating to the church
ecclesiastical	relating to the church
ecclesiology	the study of church structure
echelon	a rank or status level
echidna	a spiny egg-laying mammal
echo	a repeated sound bouncing back
echocardiogram	a heart ultrasound image
echocardiography	imaging the heart with sound
echoing	repeating or reflecting sound
echolocation	finding objects using sound waves
eclair	a long cream-filled pastry
eclampsia	a dangerous pregnancy condition
eclectic	made up of varied styles
eclecticism	mixing ideas from many sources
eclipse	one body blocking another's light
ecliptic	the sun's apparent yearly path
ecological	relating to the environment
ecologically	relating to the environment
ecologist	a scientist who studies ecosystems
ecology	the study of living things and environment
econometric	relating to economic measurement
econometrics	statistics used in economics
economical	careful with money or resources
economically	in a cost-effective way
economist	an expert in economics
economize	to use less money
ecosystem	living things and their environment
ecotourism	travel to enjoy nature responsibly
ecstasy	a feeling of intense joy
ecstatic	extremely happy and excited
ecstatically	with intense joy
ectopic	occurring in an abnormal place
ectoplasm	a supposed ghostly substance
ecumenical	promoting unity among churches
ecumenism	uniting christian churches
eczema	an itchy skin condition
edda	an old norse poem collection
eddy	a small circular current
edelweiss	a small white alpine flower
edema	swelling from fluid buildup
edged	having a border or boundary
edgewise	sideways, with the edge forward
edginess	a feeling of nervous tension
edging	a border along an edge
edgy	tense or nervous
edible	safe and fit to eat
edict	an official order or command
edification	moral or intellectual improvement
edifice	a large, imposing building
edifying	improving the mind or morals
editing	preparing text or film for use
editorial	expressing opinion rather than fact
editorially	in an opinion-piece manner
editorship	the position of editor
educate	to teach someone
educated	having received good schooling
educationally	in terms of learning
educative	helping people learn
educator	a teacher
eel	a long, snake-like fish
eerie	strange and frightening
eerily	in a strange, unsettling way
eff	to swear mildly
effected	brought about or caused
effectiveness	how well something works
effector	a response-producing part
effectual	successful in producing a result
effectually	in a way that works
effeminate	having qualities seen as feminine
effendi	a respectful title
efferent	carrying signals outward
effervescence	lively bubbling excitement
effervescent	bubbly and full of energy
effete	weak and lacking vigor
efficacious	effective at producing results
efficacy	the ability to work well
efficiently	without wasting effort
effigy	a model of a person, often burned
effluent	flowing out as waste
efflux	a flowing out of something
effortless	done without difficulty
effortlessly	without any noticeable difficulty
effusion	an unrestrained outburst of feeling
effusive	expressing feelings very openly
eft	a young newt
egalitarian	believing everyone deserves equal rights
egalitarianism	belief in equal rights
egger	someone who collects eggs
egghead	an intellectual person
eggnog	a creamy egg holiday drink
eggplant	a purple vegetable
eggshell	an egg's hard covering
ego	a person's sense of self-importance
egocentric	focused only on oneself
egoism	excessive concern with oneself
egoist	a self-focused person
egoistic	overly focused on oneself
egomaniac	someone obsessed with themselves
egotism	excessive pride in oneself
egotistical	excessively proud of oneself
egregious	shockingly bad or obvious
egress	a way out
egret	a white wading bird
eider	a large northern sea duck
eigenvalue	a special number in linear algebra
eighteen	the number after seventeen
eighteenth	next after the seventeenth
eightfold	eight times as much
eighth	next after the seventh
eighties	the years eighty to ninety
eighty	the number after seventy-nine
eisteddfod	a welsh music and poetry festival
ejaculate	fluid released during climax
ejaculation	the release of semen
eject	to forcefully throw something out
ejection	a forcing out
ejector	a device that throws something out
elaborate	detailed and complicated
elaborated	explained in greater detail
elaborately	in a highly detailed way
elaboration	an addition of further detail
elan	stylish confidence and energy
eland	a large african antelope
elapse	to pass gradually, as time
elapsed	having passed by, as time
elastic	stretchable and springy
elasticity	the ability to spring back
elastin	a stretchy skin protein
elastomer	a rubber-like stretchy material
elated	extremely happy and excited
elation	great happiness and excitement
elbow	the joint between arm bones
elbowing	pushing with the elbow
eld	old age, in old writing
elder	older, especially of siblings
elderberry	a small dark purple berry
elderly	old in age
eldest	the oldest of a group
eldorado	a place of great riches
eldritch	strange and eerie
elect	chosen for office
electioneering	campaigning for votes
elective	optional, not required
elector	a person who votes
electoral	relating to elections
electorate	all the voters in an area
electrically	by means of electricity
electrician	someone who fixes wiring
electrification	supplying with electric power
electrify	to excite greatly
electrifying	thrilling and exciting
electrocardiogram	a heart activity chart
electrochemical	relating to electricity and chemistry
electrochemistry	study of electricity and chemical change
electrocute	to kill with electric shock
electrocution	death by electric shock
electrode	a conductor carrying current
electrolysis	splitting chemicals using electricity
electrolyte	a fluid-conducting mineral
electrolytic	relating to electrolysis
electromagnet	a magnet powered by electricity
electromagnetic	relating to electricity and magnetism
electromagnetism	force from electricity and magnetism
electromechanical	using electrical and moving parts
electron	a tiny negatively charged particle
electronically	using electronic devices
electronics	devices using small electrical parts
electrophoresis	sorting molecules using electric current
electrophoretic	relating to electrophoresis
electroshock	an electric jolt treatment
electrostatic	relating to still electric charge
elegance	graceful, stylish beauty
elegant	graceful and stylish
elegantly	in a graceful, stylish way
elegiac	sadly mournful
elegy	a sad poem for the dead
elemental	basic and essential
elephant	a huge trunked animal
elevate	to raise higher
elevated	raised up high
elevation	height above ground
elevator	a lift between floors
eleven	one more than ten
eleventh	next after tenth
elf	a small magical being
elfin	small and delicate
elicit	to draw out a response
elicited	brought out or provoked
eligibility	being qualified for something
eligible	qualified to take part
eliminate	to get rid of
elimination	removal or getting rid of
eliminator	something that removes or destroys
elitism	belief some deserve special status
elitist	someone who favors a select few
elixir	a magical healing potion
elk	a large wild deer
ell	an old unit of length
ellipse	an oval shape
ellipsis	dots showing missing words
ellipsoid	an oval, egg-like shape
ellipsoidal	shaped like an oval
elliptic	shaped like an oval
elliptical	oval-shaped
elm	a tall shade tree
elmwood	wood from an elm tree
elocution	skill in clear public speaking
elongate	stretched out and long
elongated	stretched out longer than usual
elongation	the act of stretching longer
elope	to run off and marry secretly
elopement	a secret marriage escape
eloquence	skillful, persuasive speaking
eloquent	fluent and persuasive in speech
eloquently	in a fluent, persuasive way
elucidate	to make clear
elucidation	a clear explanation
elude	to cleverly escape from
eluding	cleverly escaping
elusive	hard to catch or find
elution	washing out with liquid
elves	small magical beings
elvish	relating to elves
elysian	perfectly blissful
emaciated	extremely thin from starvation
emanate	to come from a source
emanation	something given off
emancipate	to set free
emancipated	set free from control
emancipation	the act of setting free
emasculated	stripped of strength or power
embankment	a raised bank of earth
embargo	an official trade ban
embark	to begin a journey
embarkation	boarding a ship or plane
embarrass	to make someone feel awkward
embarrassed	feeling awkward or ashamed
embarrassing	causing awkward discomfort
embarrassingly	in an awkwardly shameful way
embarrassment	a feeling of awkward shame
embassy	an official diplomatic office abroad
embattled	facing constant difficulties
embed	to fix firmly inside something
embedded	fixed firmly inside
embellish	to add extra decorative details
embellishment	an added decorative detail
ember	a glowing piece of coal
embezzle	to steal entrusted money
embezzled	stolen from one's employer
embezzlement	stealing entrusted money
emblem	a symbol representing something
emblematic	serving as a typical symbol
embodied	given clear physical form
embodiment	a perfect example of something
embody	to represent an idea clearly
embolden	to give courage
emboldened	made more courageous
embolism	a blood vessel blockage
embossed	raised in a decorative pattern
embrace	a hug
embracing	hugging someone
embroider	to sew decorative patterns
embroidery	decorative needlework
embroiled	deeply involved in trouble
embryo	an early unborn stage
embryology	study of developing embryos
embryonic	in an early stage
emcee	a show's host
emerald	a bright green gemstone
emerge	to come out into view
emergence	coming into being
emergent	newly coming into existence
emerging	coming into existence now
emeritus	retired but honorary
emery	a rough grinding material
emetic	a substance causing vomiting
emf	electrical driving force
emigrant	someone who leaves their country
emigrate	to leave one's country
emigration	leaving one's country permanently
emigre	a person who has emigrated
eminence	high rank or fame
eminent	famous and respected
eminently	very clearly and notably
emir	a Muslim ruler or prince
emirate	a territory ruled by an emir
emissary	a sent messenger
emission	something given off, like gas
emit	to give off or release
emitter	something that releases energy or light
emmer	an ancient type of wheat
emmet	an old word for ant
emoji	a small digital picture symbol
emollient	a substance that softens skin
emote	to show feeling dramatically
emoticon	a typed symbol showing emotion
emotion	a strong inner feeling
emotionality	tendency to show strong feelings
emotionally	in a way involving feelings
emotionless	showing no feeling
emotive	causing strong feelings
empathetic	able to share others' feelings
empathic	showing understanding of feelings
empathise	to share another's feelings
empathize	to share another's feelings
empathy	understanding another's feelings
emperor	an empire's male ruler
emphasis	special importance given to something
emphasise	to give special importance to
emphasised	given special importance
emphasize	to give special importance to
emphasized	given special importance
emphasizing	giving special importance
emphatic	forceful and definite
emphatically	in a forceful, definite way
emphysema	a lung disease causing breathlessness
empirical	based on observation or experience
empirically	through observation or testing
empiricism	belief knowledge comes from experience
emplacement	a prepared position for equipment
employ	work given by an employer
employable	suitable to be hired
employer	a hirer of workers
emporium	a large store
empower	to give power or confidence
empowered	given power or confidence
empowerment	giving someone power or confidence
empress	a female emperor
emptiness	a feeling of being empty
emptor	a buyer, in legal terms
emptying	making something empty
emu	a large flightless bird
emulate	to copy someone's success
emulation	an attempt to copy something
emulator	a device that imitates another
emulsifier	a substance that blends liquids
emulsion	a mixture of blended liquids
enabling	making something possible
enact	to pass into law
enactment	the passing of a law
enamel	a hard glossy coating
enamored	deeply in love with
encampment	a temporary group of tents
encapsulate	to sum up briefly
encapsulation	summing something up briefly
encase	to enclose completely
encased	enclosed completely
encephalitis	inflammation of the brain
encephalopathy	a disease affecting the brain
enchant	to fill with delight
enchanted	placed under a magic spell
enchanter	someone who casts magic spells
enchanting	delightfully charming
enchantment	a magic spell
enchantress	a magical spellcasting woman
enchilada	a rolled, filled tortilla dish
encircle	to form a circle around
encircled	surrounded in a circle
encirclement	surrounding something completely
encircling	surrounding in a circle
enclave	a small area within another
enclose	to surround or shut in
enclosed	shut in on all sides
enclosing	shutting in on all sides
enclosure	a fenced or walled area
encode	to convert into code
encoding	converting information into code
encompass	to include completely
encompassing	including everything within it
encore	an extra performance
encounter	an unexpected meeting
encouragement	support that inspires confidence
encouraging	giving hope or confidence
encouragingly	in a hopeful way
encroach	to gradually intrude on something
encroaching	gradually intruding
encroachment	a gradual intrusion
encrusted	covered with a hard layer
encrypt	to convert into secret code
encryption	converting data into secret code
encumbered	burdened or weighed down
encumbrance	a burden that hinders
encyclical	a letter from the pope
encyclopaedia	a book of general knowledge
encyclopaedic	covering all areas of knowledge
encyclopedia	a book of general knowledge
encyclopedic	covering all areas of knowledge
endanger	to put at risk
endangered	at risk of dying out
endangerment	putting something at risk
endear	to make someone loved
endearing	inspiring warm affection
endearment	a word expressing affection
endeavor	a serious attempt
endeavour	a serious attempt
endemic	common in a particular area
endgame	the final stage of something
endive	a leafy salad vegetable
endless	having no end
endlessly	without ever stopping
endocarditis	inflammation of the heart lining
endocrine	relating to hormone-producing glands
endocrinologist	a doctor treating hormone disorders
endocrinology	the study of hormones
endogenous	coming from within the body
endometrial	relating to the womb lining
endometriosis	a painful womb-lining disease
endometrium	the lining of the womb
endorphin	a natural pain-relieving hormone
endorse	to publicly support or approve
endorsement	a public statement of support
endorser	someone who officially approves something
endoscope	a body-viewing tube
endoscopic	using a body-viewing tube
endoscopy	an internal scope exam
endothelial	relating to blood vessel lining
endothelium	the lining of blood vessels
endothermic	absorbing heat during a reaction
endow	to give money or a trait
endowed	given money or a quality
endowment	money given to support something
endpoint	the final point of something
endurance	the ability to keep going
endure	to bear something difficult
enduring	lasting for a long time
enema	a bowel-flushing liquid
energetic	full of active energy
energetically	with much energy
energise	to fill with energy
energising	giving a burst of energy
energize	to fill with energy
energizer	something that gives energy
energizing	giving a burst of energy
enforce	to make people obey
enforceable	able to be legally enforced
enforced	forced to happen
enforcer	a rule-follower enforcer
enfranchised	given the right to vote
enfranchisement	granting the right to vote
engaging	interesting and likable
engender	to cause or bring about
engorged	swollen with fluid
engram	a brain memory trace
engrave	to carve a design into
engraved	cut with a design
engraver	a design carver
engraving	a carved design
engrossed	completely absorbed in something
engrossing	holding one's full attention
engulf	to completely swallow up
enhance	to improve in quality
enhanced	improved in quality
enhancement	an improvement
enhancer	something that improves or boosts
enigma	a puzzling mystery
enigmatic	mysterious and hard to understand
enjoin	to officially order someone
enjoyable	pleasant and fun
enjoyment	pleasure and fun
enlarge	to make bigger
enlarged	made bigger
enlargement	a bigger version of something
enlighten	to give someone understanding
enlightened	having deep understanding
enlightening	giving new understanding
enlightenment	gaining deep understanding
enlist	to join the armed forces
enlisting	joining the armed forces
enlistment	joining the armed forces
enliven	to make more lively
enlivened	made more lively
enmeshed	tangled up in something
enmity	deep hostility
ennui	a feeling of boredom
enormity	the great scale of something bad
enormous	very large
enormously	to a very great extent
enquire	to ask for information
enquirer	someone who asks for information
enquiry	a request for information
enrage	to make furiously angry
enraged	extremely angry
enraptured	filled with delight
enrich	to improve the quality of
enrichment	improving the quality of something
enrol	to officially join a group
enroll	to officially join a group
enrollment	the act of officially joining
enrolment	the act of officially joining
ensemble	a group performing together
enshrine	to preserve as sacred
ensign	a naval flag or officer
enslave	to force someone into servitude
enslavement	forced servitude
ensnare	to trap cleverly
ensue	to happen as a result
ensuing	happening right afterward
entail	something necessarily involved
entangle	to catch and tangle up
entangled	caught and tangled up
entanglement	a complicated tangled involvement
entente	a friendly understanding between nations
enteral	relating to the intestines
enteric	relating to the intestines
enterprising	bold and resourceful
entertain	to amuse or host guests
entertained	amused or kept occupied
entertainer	a performer who amuses
entertaining	amusing and enjoyable
entertainingly	in an amusing, enjoyable way
enthalpy	a heat energy measure
enthralled	completely captivated
enthralling	completely captivating
enthronement	a ruler's crowning ceremony
enthusiasm	strong excitement and interest
enthusiast	someone very keen on something
enthusiastic	full of eager interest
enthusiastically	with eager excitement
entice	to tempt with something appealing
enticement	something used to tempt someone
enticing	temptingly attractive
entirety	the whole of something
entitle	to give someone a right
entitlement	a right to something
entity	a distinct, separate thing
entomological	relating to insect study
entomologist	a scientist who studies insects
entomology	the study of insects
entourage	a group accompanying someone
entrails	a body's internal organs
entranced	filled with wonder and delight
entranceway	a passage leading inside
entrancing	captivating and delightful
entrant	someone who enters a competition
entrap	to trick into trouble
entrapment	tricking someone into wrongdoing
entreat	to beg earnestly
entree	a meal's main dish
entrench	to fix firmly in place
entrenched	firmly fixed and unchangeable
entrenchment	a fixed position or habit
entrepreneur	a person who starts businesses
entrepreneurial	willing to start businesses
entropy	a gradual decline into disorder
entrust	to give someone responsibility
entryway	a building's entrance passage
enumerate	to list one by one
enumeration	a numbered list of items
enunciate	to pronounce words clearly
enunciation	clear pronunciation of words
envelop	to wrap or surround completely
envelope	a letter's paper cover
enveloping	surrounding completely
enviable	so good others want it
envious	wanting what someone else has
environ	to surround on all sides
environmentalism	concern for protecting nature
environmentalist	a nature protector
environmentally	regarding nature and pollution
environs	the surrounding area
envisage	to imagine a future possibility
envision	to imagine ahead
envisioned	imagined for the future
envisioning	imagining a future plan
envoy	a representative messenger
envy	wanting what others have
enzymatic	relating to reaction-speeding chemicals
enzyme	a reaction-speeding substance
enzymology	the study of enzymes
eon	a very long time span
eonni	an older sister figure
eosinophilic	relating to a blood cell type
ephedrine	a plant-based stimulant
ephemera	briefly lasting items
ephemeral	lasting a short time
ephemeris	a star position table
epicenter	an event's central point
epicentre	an event's central point
epicurean	devoted to fine pleasures
epidemic	spreading quickly among many people
epidemiologic	relating to disease spread study
epidemiological	relating to disease spread study
epidemiologist	a disease spread scientist
epidemiology	the study of disease spread
epidermal	relating to outer skin
epidermis	the outer layer of skin
epidural	relating to spine injections
epigram	a short, clever, witty saying
epigraph	a book-opening quotation
epilepsy	a disorder causing sudden seizures
epileptic	relating to seizure disorders
epilogue	a book's closing section
epinephrine	a heart-speeding hormone
epiphany	a sudden moment of understanding
episcopacy	church government led by bishops
episcopal	relating to bishops
episcopate	a group of bishops
episodic	happening in separate, occasional parts
epistemic	relating to knowledge
epistemological	relating to knowledge study
epistemology	the study of knowledge
epistle	a formal letter
epistolary	written as letters
epitaph	words inscribed on a gravestone
epithelial	relating to surface body tissue
epithelium	tissue lining body surfaces
epithet	a descriptive nickname or insult
epitome	a perfect example of something
epitomize	to perfectly exemplify
epitope	an immune-recognized molecule part
epoch	a distinct long era
epochal	extremely important and history-making
eponymous	named after someone
epos	a long heroic poem
epoxy	a strong adhesive resin
epsilon	a Greek letter
equalisation	the act of equalizing
equalise	to make things equal
equaliser	a sound-balancing device
equality	the state of being equal
equalization	the act of equalizing
equalize	to make things equal
equalizer	a sound-balancing device
equanimity	calmness under pressure
equate	to treat as the same
equating	treating things as equal
equation	a mathematical statement of equality
equator	earth's middle line
equatorial	near the earth's middle line
equestrian	relating to horse riding
equidistant	equally distant from points
equilateral	having equal sides
equilibrium	a state of balance
equine	relating to horses
equinox	when day and night equal
equip	to supply with needed items
equipped	supplied with needed items
equipping	supplying with needed items
equitable	fair and impartial
equitably	in a fair, impartial way
equivalence	being equal in value
equivocal	open to multiple meanings
equivocation	vague, unclear language
eradicate	to destroy completely
eradication	complete destruction of something
erase	to rub out completely
eraser	a mark-removing tool
erasure	complete removal of something
erect	standing straight up
erectile	able to stiffen upright
erecting	building something upright
erection	building something upright
erg	a small unit of energy
ergo	therefore
ergodic	evening out over time
ergonomic	designed for comfort and efficiency
ergonomics	the study of comfortable design
ergot	a grain-growing fungus
erica	a type of flowering shrub
ermine	a weasel with white fur
ern	a large sea eagle
erne	a large sea eagle
erode	to wear away gradually
eroded	worn away gradually
eroding	wearing away gradually
erogenous	sensitive to sexual stimulation
eros	romantic or sexual love
erosion	gradual wearing away
erosive	tending to wear things away
erotic	relating to sexual desire
erotica	sexual-desire art or writing
erotically	in a sexually arousing way
eroticism	sexual quality or desire
err	to make a mistake
errand	a short task trip
errant	wandering off course
erratic	unpredictable and irregular
erratically	in an unpredictable, irregular way
erring	making a mistake
erroneous	incorrect or mistaken
erroneously	incorrectly or mistakenly
ersatz	an inferior substitute
erstwhile	former
erudite	having great knowledge from study
erudition	deep knowledge gained from study
erupt	to burst out suddenly
eruption	a sudden bursting out
eruptive	tending to burst out suddenly
erythema	redness of the skin
erythrocyte	a red blood cell
erythromycin	an antibiotic medicine
erythropoietin	a red-blood-cell hormone
escalade	a wall-climbing attack
escalate	to increase in intensity
escalation	an increase in intensity
escalator	a moving staircase
escapade	a reckless, adventurous act
escaped	got away from confinement
escapee	someone who has escaped
escapement	a clock-controlling mechanism
escapism	avoiding reality through fantasy
escapist	someone avoiding reality
escargot	cooked snails eaten as food
escarpment	a steep slope or cliff
eschatological	relating to the world's end
eschatology	beliefs about the world's end
escherichia	a type of bacteria
eschew	to deliberately avoid something
escort	a protective companion
escrow	third-party held funds
escutcheon	a coat-of-arms shield
esophageal	relating to the esophagus
esophagus	the throat-to-stomach tube
esoteric	understood by few specialists
especial	special or particular
espionage	the practice of spying
esplanade	a long seaside walkway
esports	competitive video gaming
espouse	to publicly support a belief
espresso	strong coffee brewed under pressure
esprit	lively spirit or wit
espy	to catch sight of
esquire	a respectful male title
essay	a short topical writing
essayist	a writer of essays
essence	the most basic quality
esteem	respect and admiration
esteemed	respected and admired
ester	an acid-alcohol compound
esthetic	relating to beauty and taste
esthetics	the study of beauty
estimable	worthy of respect
estimate	an approximate calculation
estimation	an approximate judgment or calculation
estimator	an estimate-making tool
estoppel	a contradiction-blocking legal rule
estradiol	a natural form of estrogen
estrange	to make distant
estranged	no longer close or friendly
estrangement	a distant, unfriendly state
estrogen	a female-development hormone
estrogenic	acting like estrogen
estrus	an animal mating period
estuarine	relating to river-sea meeting
estuary	where a river meets the sea
eta	a Greek letter
etcetera	and other similar things
etch	to carve into a surface
etched	carved into a surface
etching	a carved-surface print
eternal	lasting forever
eternally	forever
eternity	endless time
ethane	a simple flammable gas
ethanol	a type of alcohol
ether	an anesthetic chemical
ethereal	delicate and heavenly
ethernet	a cable computer network
ethic	a moral principle
ethical	morally right and good
ethically	in a morally right way
ethicist	a morals scholar
ethics	principles of right and wrong
ethnically	in terms of ethnic background
ethnicity	cultural or racial background
ethnocentric	judging others by one's culture
ethnocentrism	judging others by one's culture
ethnographer	a culture-studying researcher
ethnographic	relating to firsthand culture study
ethnography	the firsthand study of cultures
ethnological	relating to culture comparison
ethnology	the comparative study of cultures
ethology	the study of animal behavior
ethos	a group's characteristic spirit
ethyl	an alcohol chemical group
ethylene	a plastic-making gas
etiology	the study of disease causes
etiquette	polite, accepted social behavior
etna	a small heating stove
etude	a practice musical piece
etymological	relating to word origins
etymology	the study of word origins
eucalyptus	a tall aromatic tree
euclidean	relating to standard flat-space geometry
eugenic	relating to controlled human breeding
eugenics	discredited controlled-breeding beliefs
eukaryotic	having cells with a nucleus
eulogy	a speech praising someone who died
eunuch	a castrated man
euphemism	a mild substitute word
euphemistic	using mild substitute words
euphemistically	using mild substitute words
euphonium	a large brass musical instrument
euphoria	a feeling of intense happiness
euphoric	feeling intense happiness
euro	europe's shared currency
eurythmics	rhythmic exercise set to music
euthanasia	ending life to stop suffering
euthanize	to painlessly end an animal's life
eutrophication	excess-nutrient water overgrowth
evacuate	to leave a dangerous place
evacuation	leaving a dangerous place
evade	to avoid or escape cleverly
evaluate	to judge the value of
evaluation	a value judgment
evaluative	involving judging value or quality
evaluator	a value judge
evanescence	a quick fading away
evanescent	quickly fading away
evangelical	relating to enthusiastic religious teaching
evangelicalism	an enthusiastic religious movement
evangelism	the spreading of religious faith
evangelist	a faith-spreading person
evangelistic	relating to spreading religious faith
evangelize	to spread religious faith
evaporate	to turn into vapor
evaporated	turned from liquid into vapor
evaporation	turning into vapor
evaporative	causing vapor formation
evasion	the act of avoiding something
evasive	dodging or avoiding something
evenly	in equal or uniform amounts
evensong	an evening church service
eventful	full of important happenings
eventide	the evening
eventual	happening at some later time
eventuality	a possible future event
eventuate	to happen eventually
evergreen	keeping green leaves all year
everlasting	lasting forever
evermore	forever
evert	to turn inside out
everyman	an ordinary person
evict	to force out of a home
eviction	forcing someone from home
evidenced	shown or proven by evidence
evident	clearly seen or understood
evidential	serving as proof
evidentiary	relating to evidence
evidently	clearly or obviously
evilly	in a wicked way
evilness	wickedness
eviscerate	having had the insides removed
evisceration	the removal of internal organs
evocation	bringing a feeling to mind
evocative	bringing strong feelings to mind
evoke	to bring to mind
evoked	brought to mind
evolutionarily	in terms of gradual change
evolutionary	relating to gradual development
evolve	to develop gradually over time
ewe	a female sheep
exacerbate	to make a problem worse
exacerbating	making a problem worse
exacerbation	a worsening of a problem
exacting	demanding great care and precision
exaggerate	to overstate something
exaggerated	overstated beyond truth
exaggeration	an overstated claim
exalt	to praise highly
exaltation	great joy or praise
exalted	held in very high honor
exalting	praising highly
exam	a test of knowledge
examination	a careful inspection or test
examine	to look at closely
examiner	a tester or inspector
exasperated	very annoyed and frustrated
exasperating	very annoying and frustrating
exasperation	a feeling of great annoyance
excavate	to dig from the ground
excavation	digging from the ground
excavator	a machine used to dig
exceed	to go beyond a limit
exceeding	going beyond a limit
exceedingly	extremely
excel	to do something extremely well
excellence	extreme high quality
excellency	a respectful official title
excellently	extremely well
excelsior	fine packing wood shavings
exceptional	unusually good
exceptionally	unusually well
excerpt	a short text extract
excess	more than needed
excessive	too much
excessively	to too great a degree
exchangeable	able to be swapped
exchanged	swapped for something else
exchanger	a transfer device
exchequer	a country's treasury
excise	a tax on certain goods
excision	the surgical removal of something
excitability	tendency to become excited easily
excitable	easily excited
excitation	the act of exciting
excitatory	causing excitement or stimulation
excite	to make eager and thrilled
excitedly	in an eager, thrilled way
excitement	a feeling of eager enthusiasm
exclaim	to say suddenly and loudly
exclaiming	saying suddenly and loudly
exclamation	a sudden loud statement
exclude	to leave out
exclusion	leaving something out
exclusively	only, and nothing else
excommunicate	to expel from a church
excommunication	official expulsion from a church
excrement	solid waste from the body
excreta	bodily waste matter
excrete	to expel bodily waste
excretion	expelling bodily waste
excruciating	extremely painful
excruciatingly	extremely painfully
exculpatory	showing someone is not guilty
excursion	a short trip for pleasure
excusable	able to be forgiven
excused	forgiven or let off
executable	able to be carried out
execute	to carry out or perform
executed	carried out or performed
executing	carrying out or performing
execution	carrying something out
executioner	a death-sentence carrier
executor	an estate manager after death
exegesis	a detailed text explanation
exegetical	relating to detailed text interpretation
exemplar	a typical, ideal example
exemplary	deserving to be copied, excellent
exemplify	to be a typical example
exemplifying	being a typical example of
exempt	freed from an obligation
exemption	freedom from an obligation
exercising	performing physical activity
exert	to apply effort or force
exertion	physical or mental effort
exfoliate	to remove dead skin cells
exfoliation	dead skin cell removal
exhalation	a breath let out
exhale	to breathe out
exhaust	waste gas from an engine
exhausted	very tired
exhausting	very tiring
exhaustion	extreme tiredness
exhaustive	very thorough
exhaustively	in great detail
exhibit	a display of items
exhibitionism	showing off to get attention
exhibitionist	someone who shows off
exhibitor	one who displays something
exhilarated	very excited and happy
exhilarating	thrilling and exciting
exhilaration	a feeling of great excitement
exhort	to urge strongly
exhortation	a strong urging
exhumation	digging up a buried body
exhume	to dig up a body
exigent	urgent and pressing
exile	a person forced from home
existent	actually existing
existential	about human existence
existentialism	a philosophy about human freedom
existentialist	relating to human existence
exodus	a mass departure
exogenous	coming from outside
exon	a gene's coding part
exonerate	to clear of blame
exonerated	cleared of blame
exoneration	clearing of blame
exoplanet	a planet outside our solar system
exorbitant	far too expensive
exorcise	to drive out an evil spirit
exorcism	driving out an evil spirit
exorcist	someone who drives out spirits
exoskeleton	a hard outer body covering
exothermic	releasing heat
exotic	unusual and foreign
exoticism	the quality of being foreign
expandable	able to be made bigger
expanded	made bigger
expander	something that stretches things out
expanse	a wide open area
expansionism	policy of growing territory
expansionist	favoring territorial growth
expansive	covering a large area
expat	a person living abroad
expatriate	a person living abroad
expectancy	a hopeful waiting
expectant	hopefully waiting
expectantly	with hopeful waiting
expectation	a strong belief something will happen
expediency	convenience over principle
expedient	convenient though improper
expedite	to speed up
expedition	a journey for a purpose
expeditionary	relating to a military journey
expeditious	done quickly
expeditiously	quickly and efficiently
expel	to force out
expelling	the act of forcing out
expend	to use up
expendable	not essential, replaceable
expending	using up
expenditure	money spent
expense	cost of something
expensively	at great cost
experiential	based on direct experience
experimental	testing new ideas
experimentally	as a test
experimentation	the act of testing ideas
experimenter	one who tests ideas
expertise	great skill or knowledge
expertly	with great skill
expiation	making amends for wrong
expiration	the ending of validity
expire	to come to an end
expired	no longer valid
expiry	the date something ends
explainable	able to be explained
explanatory	giving an explanation
expletive	a swear word
explication	a detailed explanation
explicit	clearly stated
explicitly	in clear, direct terms
explode	to burst violently
exploded	burst violently
exploit	a daring deed
exploitation	unfair use of someone
exploitative	unfairly taking advantage
exploited	unfairly taken advantage of
exploration	the act of exploring
exploratory	for the purpose of investigating
explorer	a place-discovering traveler
explosion	a sudden violent burst
explosive	likely to explode
explosively	in a sudden violent way
expo	a large public exhibition
exponent	a supporter of an idea
exponential	growing very rapidly
exponentially	at a rapidly increasing rate
export	a good sold abroad
exportation	sending goods abroad
exporter	one who sells goods abroad
exporting	sending goods to another country
expose	a report revealing wrongdoing
exposition	a detailed explanation
expository	explaining or describing
expound	to explain in detail
expounding	explaining in detail
expressionism	art showing inner feelings
expressionist	relating to emotional art
expressionless	showing no emotion
expressive	showing feeling clearly
expressiveness	the quality of showing feeling
expressly	specifically stated
expressway	a fast major road
expropriate	to take property officially
expropriation	official taking of property
expulsion	forced removal
expunge	to erase completely
exquisite	extremely beautiful
exquisitely	in an extremely beautiful way
extant	still existing
extemporaneous	done without preparation
extendable	able to be stretched longer
extensible	able to be extended
extensional	relating to extending
extensively	over a wide range
extensor	a limb-straightening muscle
extenuating	making a fault seem lesser
exterior	on the outside
exterminate	to destroy completely
exterminated	completely destroyed
extermination	complete destruction
exterminator	one who kills pests
externality	an outside effect
externally	from the outside
extinct	no longer existing
extinction	dying out completely
extinguish	to put out
extinguished	put out
extinguisher	a fire-stopping device
extinguishing	putting out a fire
extol	to praise highly
extort	to obtain by threat
extortion	getting something by threat
extortionate	unfairly and excessively priced
extracellular	outside a cell
extract	a small taken portion
extraction	the act of pulling out
extractive	relating to removing resources
extractor	a device that removes something
extracurricular	outside regular schoolwork
extradite	to hand over for trial
extradition	handing over for trial
extrajudicial	outside the legal system
extramarital	outside of marriage
extraneous	not relevant
extraordinaire	outstandingly skilled
extraordinarily	remarkably
extrapolate	to estimate beyond known data
extrapolation	an estimate beyond known data
extraterrestrial	from outside earth
extraterritorial	outside a country's legal reach
extravagance	excessive spending
extravagant	spending too much
extravagantly	in a wastefully lavish way
extravaganza	a lavish spectacular show
extraversion	an outgoing personality trait
extremism	holding extreme views
extremist	holding extreme views
extremity	the farthest point
extricate	to free from difficulty
extrinsic	coming from outside
extrovert	outgoing and sociable
extroverted	outgoing and sociable
extrusion	something pushed out through a shape
exuberance	high spirited enthusiasm
exuberant	full of energy and excitement
exuberantly	with high spirited energy
exude	to give off strongly
exultant	joyfully triumphant
eyeball	the round eye part
eyebrow	hair above the eye
eyed	having eyes of a certain kind
eyeglass	a lens for the eye
eyeglasses	glasses for seeing better
eyelash	hair on the eyelid edge
eyeless	without eyes
eyelet	a small reinforced hole
eyelid	the skin covering the eye
eyeliner	makeup outlining the eyes
eyepatch	a cover for one eye
eyepiece	the lens you look through
eyeshadow	makeup on the eyelids
eyesight	the ability to see
eyesore	something ugly to look at
eyewitness	someone who saw an event
eyrie	an eagle's nest
fab	excellent
fabian	favoring gradual change
fable	a short moral story
fabled	famous through stories
fabric	cloth material
fabricate	to make up falsely
fabricated	made up falsely
fabrication	a made-up lie
fabricator	one who makes things up
fabulous	wonderful
fabulously	wonderfully
facade	the front of a building
faceless	without individual identity
facelift	a face-smoothing surgery
facepalm	a gesture of embarrassment
faceplate	a protective front cover
facet	one aspect of something
faceted	having many sides
facetious	joking in a silly way
facial	relating to the face
facially	in terms of the face
facile	too simple and shallow
facilitate	to make easier
facilitation	the act of making easier
facilitator	a process helper
facsimile	an exact copy
faction	a small group within a larger
factoid	a small piece of trivia
factorial	relating to a number product
factoring	breaking into simpler parts
factorization	breaking a number into factors
factual	based on facts
factually	in terms of facts
facultative	optional, not required
fad	a brief popular trend
fade	a gradual disappearance
faded	lost color or strength
fading	gradually disappearing
fado	a mournful Portuguese song
faecal	relating to bodily waste
faeces	solid bodily waste
faerie	a fairy
faery	a fairy
fag	a cigarette
faggot	a bundle of sticks
faience	glazed decorative pottery
fain	gladly, willingly
faint	weak and about to collapse
faintly	weakly, barely
fairground	an area for fairs
fairness	just and equal treatment
fairway	a golf course's mowed path
fairy	a small magical being
fairyland	a magical imaginary place
fairytale	a children's magic story
faithful	loyal and true
faithfully	in a loyal way
faithfulness	loyalty and devotion
faithless	disloyal
faker	someone who pretends
fakery	deceptive pretending
fakir	a wandering religious beggar
falafel	a fried chickpea patty
falchion	a curved medieval sword
falcon	a fast hunting bird
falconer	one who trains hunting birds
falconry	hunting with trained birds
fallacious	based on a mistaken belief
fallacy	a mistaken belief
fallback	a backup option
faller	something that falls
fallibility	the tendency to make mistakes
fallible	capable of making mistakes
fallout	harmful aftereffects
fallow	unused and left idle
falsehood	an untrue statement
falsely	in an untrue way
falsetto	an artificially high singing voice
falsification	the act of faking records
falsify	to alter dishonestly
falsifying	altering dishonestly
falsity	the state of being untrue
falter	an unsteady pause
faltering	weak and hesitant
famed	well known
familial	relating to family
familiarise	to make familiar
familiarity	close knowledge of something
familiarization	the process of becoming familiar
familiarize	to make familiar
familiarized	made familiar
familiarizing	making familiar
familiarly	in a friendly, informal way
famine	severe food shortage
famished	extremely hungry
famously	in a well-known way
fanatic	an extremely enthusiastic person
fanatical	excessively enthusiastic
fanatically	with extreme enthusiasm
fanaticism	excessive enthusiasm
fanbase	a group of devoted fans
fanboy	an overly enthusiastic fan
fancied	imagined or desired
fancier	a breeder or enthusiast
fanciful	imaginative and unrealistic
fandango	a lively Spanish dance
fandom	a community of fans
fanfare	a showy trumpet celebration
fang	a long sharp tooth
fanged	having long sharp teeth
fangirl	an enthusiastic female fan
fanned	spread out widely
fanny	the buttocks
fantasia	a free-form musical piece
fantasist	someone who imagines fanciful things
fantasize	to imagine pleasant scenarios
fantastical	strange and imaginative
fantastically	in an amazing way
faraway	distant
farce	a ridiculous, absurd situation
farcical	absurdly ridiculous
fare	the cost of a trip
farewell	a goodbye
farfetched	hard to believe
farina	a fine grain meal
farmer	one who works the land
farmhand	a farm worker
farmhouse	a house on a farm
farming	related to growing crops
farmland	land used for farming
farmstead	a farm and its buildings
farmyard	the area around farm buildings
faro	an old card gambling game
farrier	one who shoes horses
farrow	a litter of piglets
farsighted	seeing distant things clearly
fart	an escape of intestinal gas
farther	at a greater distance
farthest	at the greatest distance
farthing	an old small coin
farting	releasing intestinal gas
fascia	a flat surface panel
fascinate	to greatly interest
fascinated	greatly interested
fascinating	extremely interesting
fascination	a strong interest
fascism	a dictatorial nationalist system
fascist	relating to dictatorial rule
fascistic	resembling dictatorial rule
fashionable	stylish and popular
fashionably	in a stylish way
fashioned	shaped or made
fashioning	the act of shaping something
fastball	a fast pitched baseball
fasten	to attach firmly
fastened	attached firmly
fastener	a joining device
fastening	a shut-holding device
fastest	most quickly
fastidious	very careful about details
fasting	going without food
fastness	a secure stronghold
fatal	causing death
fatalism	belief that events are unavoidable
fatalistic	believing events cannot be changed
fatality	a death from an accident
fatally	in a deadly way
fated	destined to happen
fateful	having important, often bad, consequences
fathead	a stupid person
fatherhood	being a father
fatherland	one's native country
fatherless	without a father
fatherly	kind like a father
fathom	a unit of water depth
fatigue	extreme tiredness
fatigued	very tired
fatigues	military work clothes
fatness	the state of being fat
fatso	an insult for a fat person
fatten	to make fatter
fattened	made fatter
fattening	likely to cause weight gain
fatty	containing a lot of fat
fatuous	silly and pointless
fatwa	a religious ruling
faubourg	a suburb of a city
faucet	a tap for water
faulting	blaming
faultless	without any mistakes
faulty	not working correctly
faun	a mythical goat-legged man
fauna	animal life of a region
faux	fake, imitation
favorable	showing approval
favorably	in an approving way
favored	preferred over others
favoritism	unfair preference for someone
favourable	showing approval
favourably	in a positive way
favoured	liked more than others
favouritism	unfair preference for someone
fawn	a young deer
fawning	overly flattering and eager
fax	a phone-line document copy
fay	a fairy or elf
faze	to disturb or unsettle
fazed	upset or disturbed
fealty	loyalty to a leader
fearful	feeling afraid
fearfully	in a frightened way
fearless	having no fear
fearlessly	without any fear
fearlessness	having no fear
fearsome	causing fear
feasibility	whether something can be done
feasible	possible to do
feasibly	in a possible way
feast	a large, special meal
feasting	eating a large, special meal
feat	an impressive achievement
feather	a bird's light covering
feathered	covered with feathers
feathering	a light, feather-like texture
featherweight	a very light boxing class
feathery	light and soft like feathers
featureless	having no distinct features
febrile	having a fever
fecal	relating to bodily waste
feces	solid bodily waste
feckless	careless and irresponsible
fecundity	the ability to produce offspring
federalism	shared central and regional power
federalist	a supporter of federal union
federally	by the national government
federated	joined into one union
federation	a union of states
fedora	a soft felt hat
feeble	weak and lacking strength
feebly	in a weak way
feeder	something that supplies or feeds
feeding	giving food to
feedlot	a livestock fattening place
feedstock	raw material for a process
feeler	a sensing body part
feign	to pretend
feigned	pretended, not real
feigning	pretending
feint	a pretend attacking move
feist	a small energetic dog
feisty	spirited and full of energy
feldspar	a common rock-forming mineral
felicity	great happiness
feline	relating to cats
fella	a man or fellow
fellatio	oral sex on a man
feller	a man or fellow
fellowship	a friendly association among people
felon	a serious crime committer
felonious	relating to a serious crime
felony	a serious crime
felted	made into thick matted fabric
feminine	having qualities associated with women
femininity	woman-associated qualities
feminism	belief in women's equal rights
feminist	supporting equal rights for women
feminization	becoming more female
femoral	relating to the thigh
femtosecond	a tiny time unit
femur	the thigh bone
fen	a low, marshy area
fence	a barrier enclosing an area
fencer	a sword-fighting athlete
fencing	the sport of sword fighting
fend	to ward off
fender	a cover over a vehicle's wheel
fennel	an aromatic herb plant
fenugreek	a bitter-seeded spice plant
feral	wild and untamed
feria	an ordinary weekday
ferment	a state of unrest
fermentation	the chemical breakdown by microbes
fermenting	undergoing chemical breakdown by microbes
fermi	a unit of tiny length
fermion	a type of subatomic particle
fern	a leafy plant without flowers
ferocious	extremely fierce and violent
ferociously	in a fierce, violent way
ferocity	fierce and violent behavior
ferret	a small weasel-like animal
ferric	containing iron
ferrite	a magnetic iron compound
ferritin	a protein that stores iron
ferromagnetic	strongly attracted to magnets
ferrous	containing or relating to iron
ferry	a water-crossing passenger boat
ferryboat	a water-crossing passenger boat
ferrying	transporting people or goods
ferryman	a ferry operator
fertile	able to produce crops or offspring
fertilisation	egg and sperm joining
fertiliser	a plant-growth substance
fertility	the ability to produce offspring
fertilization	egg and sperm joining
fertilize	to make fertile
fertilizer	a plant-growth substance
fervent	showing intense feeling
fervently	with intense feeling
fervor	intense passion or feeling
fervour	intense passion or feeling
fescue	a type of grass
fess	to confess
fester	an infected sore
festering	becoming infected and worse
festive	cheerful and celebratory
festivity	a celebration
festschrift	a book honoring a scholar
fetal	relating to an unborn baby
fetch	the act of retrieving something
fetching	attractive
fete	an outdoor festival
fetid	smelling very bad
fetish	an object of obsessive devotion
fetishism	obsessive devotion to something
fetishist	an obsessively devoted person
fetter	a chain that restrains movement
fettuccine	flat ribbon pasta
fetus	an unborn developing baby
feud	a long, bitter quarrel
feudal	relating to lords and vassals
feudalism	a medieval lord-vassal system
fever	an abnormally high body temperature
fevered	having a high temperature
feverish	having a fever
feverishly	in an excited, frantic way
fewest	the smallest number of
fey	strangely otherworldly
fez	a flat-topped brimless hat
fiance	a man engaged to marry
fiancee	a woman engaged to marry
fiasco	a complete failure
fiat	an official order
fib	a small lie
fiber	a thread-like strand
fiberboard	a pressed-fiber board
fiberglass	fine glass fiber material
fibre	a thread-like strand
fibreglass	fine glass fiber material
fibrillation	rapid, irregular heartbeat
fibrin	a blood-clotting protein
fibrinogen	a clot-forming protein
fibroblast	a connective-tissue cell
fibroid	a uterine noncancerous growth
fibrosis	thickening and scarring of tissue
fibrous	made of thread-like strands
fibula	the lower leg's outer bone
fickle	changing loyalty or opinion often
fictional	invented, not real
fictitious	invented, not real
fictive	imaginary or invented
fiddle	a violin
fiddler	a violin player
fiddling	trivial and unimportant
fidelity	faithfulness or accuracy
fidget	a restless small movement
fidgety	unable to stay still
fiduciary	responsible for handling others' money
fief	feudal-lord-held land
fiefdom	an area under one's control
fielder	a ball-catching player
fielding	catching or stopping a ball
fieldstone	stone from open fields
fieldwork	practical outdoor work
fiend	an evil or wicked person
fiendish	extremely cruel or clever
fiendishly	extremely cleverly or cruelly
fierce	violent and intense
fiercely	in a violent, intense way
fierceness	violent, intense quality
fiery	full of fire or passion
fiesta	a festive celebration
fife	a small high-pitched flute
fifteen	the number after fourteen
fifteenth	next after fourteenth
fifties	ages fifty to fifty-nine
fiftieth	next after forty-ninth
fifty	the number after forty-nine
fig	a sweet, soft fruit
figment	something imagined, not real
figural	relating to human or animal shapes
figuration	the shaping of a form
figurative	using symbolic, not literal, language
figuratively	in a symbolic way
figurehead	a powerless leader
figurine	a small decorative statue
figuring	calculating or working out
filament	a thin thread or wire
filamentous	made of thin threads
filbert	a hazelnut
filename	a computer file's name
filer	a document submitter
filet	a boneless meat or fish piece
filial	relating to a son or daughter
filibuster	a delaying long speech
filigree	delicate ornamental metalwork
filing	the act of submitting documents
fille	a girl or daughter
filler	something used to fill space
fillet	a boneless meat or fish piece
filling	a substance placed inside something
filly	a young female horse
filmed	recorded on camera
filming	recording on camera
filmmaker	a person who makes movies
filmy	thin and see-through
fils	a small unit of currency
filter	an impurity-removing device
filth	dirt or disgusting matter
filthy	extremely dirty
filtration	removing unwanted matter
fin	a fish's swimming part
finale	a performance's last part
finalise	to complete or settle fully
finalist	a last-round competitor
finality	the quality of being final
finalization	the act of completing something
finalize	to complete or settle fully
finances	the money resources of someone
financially	in terms of money
financier	a large-money manager
financing	providing money for a project
finch	a small seed-eating bird
finder	a locating person or device
finely	in small, precise pieces
fineness	delicate purity
finer	of higher quality
finery	elaborate, showy clothing
finesse	skillful, subtle handling
fingerboard	a stringed instrument's neck part
fingered	touched with the fingers
fingering	touching or handling with fingers
fingerless	without covering for the fingers
fingernail	a fingertip's hard covering
fingerprint	a unique finger mark
fingerprinting	recording someone's finger patterns
fingertip	a finger's very end
finial	an ornamental top piece
finicky	overly particular about details
finis	the end
finisher	a person who completes something
finite	having limits or an end
finitely	within limited bounds
fink	a person who betrays others
fir	an evergreen tree
firearm	a gun
fireball	a ball of fire
firebase	a military outpost
firebird	a mythical bird of fire
firebomb	a bomb that starts fires
firebox	the chamber where fuel burns
firebrand	a strong-feeling stirrer
firebug	a deliberate fire-setter
firecracker	a small noisy explosive
firefighter	a fire-extinguishing person
firefly	a glowing insect
firehouse	a building for fire engines
firelight	light from a fire
fireman	a fire-extinguishing person
fireplace	an indoor wood-burning area
firepower	the destructive capacity of weapons
fireproof	unable to be fire-damaged
fireside	the area near a fireplace
firestone	a stone that produces sparks
firestorm	an intense, widespread fire
firewall	a fire or intrusion barrier
firewood	wood burned for fuel
firework	an explosive device for displays
firing	shooting or dismissing
firmament	the sky or heavens
firmly	in a steady, solid way
firmness	solid steadiness
firmware	software built into a device
firstborn	the first child born
firsthand	direct, from personal experience
firstly	as the first point
firth	a narrow sea inlet
fisc	a government treasury
fiscal	relating to money and finances
fiscally	in terms of finances
fishbone	a bone from a fish
fishbowl	a round pet fish container
fisher	a person who catches fish
fisherman	a person who catches fish
fishery	a fish-catching place
fisheye	a very wide camera lens
fishmonger	a person who sells fish
fishnet	a mesh material like netting
fishtail	to swing side to side
fishy	suspicious or questionable
fissile	capable of nuclear splitting
fission	splitting an atomic nucleus
fissure	a narrow crack or gap
fist	a tightly closed hand
fistfight	a fight using bare fists
fistful	a handful of something
fisticuffs	fighting with fists
fistula	an abnormal body passage
fitch	a small weasel-like animal
fitful	occurring in irregular bursts
fitment	a fixture or accessory
fitted	made to match closely
fitter	more suitable or healthier
fitting	appropriate or suitable
fittingly	in a suitable way
fivefold	five times as much
fiver	a five-dollar or five-pound bill
fives	a hand-played ball game
fixate	to focus intensely on
fixation	an intense single focus
fixer	a person who resolves problems
fixing	repairing or arranging something
fixings	extra meal add-ons
fixture	a permanently attached item
fizz	bubbly, fizzing sound
fizzing	making a hissing, bubbly sound
fizzle	a weak, disappointing end
fizzy	full of bubbles
fjord	a narrow cliff-lined sea inlet
flab	loose, soft body fat
flabbergasted	utterly astonished
flabby	soft and loose, not firm
flaccid	limp and lacking firmness
flack	a public relations person
flagellation	whipping as punishment
flagellum	a whip-like movement part
flagging	losing strength or energy
flagon	a large container for liquid
flagpole	a flag-flying pole
flagrant	obviously and shamefully wrong
flagrantly	in an obviously shameful way
flagship	the best or leading example
flagstaff	a flag-flying pole
flagstone	a flat paving stone
flail	a grain-threshing tool
flair	a natural talent or style
flak	strong criticism
flake	a small, thin piece
flakey	crumbly and light
flaky	crumbly and light
flambeau	a lit torch
flamboyance	showy, bold style
flamboyant	showy and bold
flame	a burning tongue of fire
flamenco	a passionate Spanish dance
flamethrower	a weapon that shoots fire
flaming	burning brightly
flamingo	a tall pink wading bird
flammability	how easily something catches fire
flammable	easily set on fire
flan	a baked custard dessert
flange	a projecting rim or edge
flank	an animal or army's side
flanker	a side-positioned player
flannel	a soft woven fabric
flap	a hanging, movable piece
flapjack	a thick pancake
flapper	a fashionable 1920s young woman
flapping	moving up and down noisily
flappy	loose and moving about
flaps	moving aircraft wing parts
flare	a sudden burst of light
flaring	burning or spreading suddenly
flashback	a sudden past memory
flashcard	a quick-learning card
flasher	an indecent exposer
flashing	metal sealing used in roofing
flashlight	a small portable light
flashpoint	a sudden trouble point
flashy	showy and attention-grabbing
flask	a small container for liquid
flatbed	a flat open-back truck
flatbread	a thin, unleavened bread
flathead	a flat-tipped screwdriver
flatiron	a device for pressing clothes
flatly	in a plain, definite way
flatmate	a person sharing a home
flatness	having no bumps
flats	a set of connected apartments
flatten	to make level or smooth
flattened	made level or smooth
flatter	to praise insincerely
flattering	making someone look good
flattery	insincere praise
flatulence	gas released from the body
flatware	knives, forks, and spoons
flaunt	to show off proudly
flavin	a yellow pigment compound
flavonoid	a healthful plant compound
flavor	the taste of something
flavorful	having a strong pleasant taste
flavoring	a substance added for taste
flavorless	having no taste
flavour	the taste of something
flavouring	a substance added for taste
flaw	a small defect or fault
flawed	having a defect
flawless	perfect, without any fault
flawlessly	perfectly, without mistakes
flax	a fiber and oil plant
flaxseed	the flax plant's seed
flay	to strip off skin
flea	a tiny biting jumping insect
fleck	a small spot or mark
flecked	marked with small spots
fledged	fully grown and flight-ready
fledgling	new and inexperienced
flee	to run away from danger
fleece	a sheep's woolly coat
fleeting	lasting only a short time
flesh	a body's soft part
fleshy	thick and soft like flesh
flex	a bending or stretching action
flexibility	the ability to bend easily
flexible	easy to bend or adapt
flexibly	in an adaptable way
flexion	the act of bending
flexor	a joint-bending muscle
flick	a quick light movement
flicker	an unsteady, wavering light
flickering	shining unsteadily
flier	a printed advertisement sheet
flies	small flying insects
flightless	unable to fly
flighty	unreliable and easily distracted
flimsy	thin and easily broken
flinch	a sudden fearful movement
flinders	small broken pieces
fling	a brief carefree period
flint	a hard type of stone
flintlock	an old type of gun
flintstone	a hard flint-like stone
flinty	hard and unyielding
flip	casual and disrespectful
flippant	not showing proper seriousness
flippantly	in a disrespectful, casual way
flipper	a swimming limb
flirt	a playful romance-teaser
flirtation	playful romantic behavior
flirtatious	playfully romantic
flirting	playful romantic behavior
flit	a quick light movement
float	a water-floating object
floatation	the act of floating
floater	something that floats
floating	resting atop a liquid
floaty	light and airy
flock	a group of birds or sheep
floe	a sheet of floating ice
flog	to whip someone
flogging	a severe beating
flooded	covered with water
floodgate	a water-flow-controlling gate
flooding	water overflowing onto land
floodlight	a strong outdoor lamp
floodlit	lit by strong outdoor lamps
floodplain	flat land beside a river
floorboard	a wooden floor plank
floored	shocked or surprised greatly
flooring	floor-covering material
flop	a complete failure
floppy	soft and hanging loosely
flora	the plants of an area
floral	relating to flowers
florid	overly fancy or elaborate
florin	an old type of coin
florist	someone who sells flowers
floss	thin thread for cleaning teeth
flotation	the act of floating
flotilla	a small fleet of ships
flotsam	floating wreckage from a ship
flounder	to struggle clumsily
flour	fine powder made from grain
flourish	a decorative gesture or detail
flourishing	growing or developing very well
flout	to openly disobey a rule
flowchart	a process-step diagram
flowered	decorated with a flower pattern
flowering	producing flowers
flowery	full of fancy language
flowing	moving smoothly like water
flu	a contagious illness with fever
flub	a clumsy mistake
fluctuate	to change back and forth
fluctuating	changing back and forth
fluctuation	a change back and forth
flue	a smoke or air pipe
fluency	the ability to speak smoothly
fluent	able to speak smoothly
fluently	smoothly and easily
fluff	soft light material
fluffy	soft and light
fluid	able to flow easily
fluidity	the quality of flowing smoothly
fluke	a lucky accident
flume	a narrow channel for water
flunk	a failing grade
fluor	a mineral containing fluorine
fluorescein	a bright yellow-green dye
fluorescence	light from a glowing substance
fluorescent	brightly glowing
fluoridation	adding fluoride to water
fluoride	a teeth-protecting chemical
fluorine	a pale yellow chemical gas
fluorite	a colorful crystal mineral
fluoxetine	a common antidepressant medicine
flurry	a brief burst of activity
flush	level with a surface
flushed	red-faced from heat or emotion
flustered	confused and nervous
flute	a thin musical wind instrument
flutist	a flute player
flutter	a quick light fluttering motion
fluttering	moving quickly and lightly
fluvial	relating to a river
flux	constant change or flow
flycatcher	an insect-catching small bird
flyer	a printed advertisement sheet
flyover	a raised road crossing another
flytrap	a plant that traps insects
flyweight	a very light boxing class
flywheel	an energy-storing spinning wheel
foal	a baby horse
foam	a mass of tiny bubbles
foaming	producing lots of bubbles
foamy	full of bubbles
fob	a small keychain ornament
focal	central or most important
focusing	directing attention on something
focussed	giving full attention to something
focussing	directing attention on something
fodder	food for farm animals
foe	an enemy
foetal	relating to an unborn baby
foetus	an unborn developing baby
fog	a ground-level thick cloud
fogged	covered with mist or condensation
foggy	filled with thick mist
foghorn	a ship-warning loud horn
foil	thin sheet of metal
foiled	prevented from succeeding
foiling	preventing something from succeeding
foist	to force something unwanted on
folate	a leafy-green vitamin
fold	a bend or crease
foldable	able to be folded
folder	a case for holding papers
folding	able to be folded flat
foliage	the leaves of plants
folie	a shared false belief
folio	a once-folded large sheet
folk	ordinary people
folklore	traditional stories and beliefs
folksy	simple and friendly
folktale	a traditional story passed down
follicle	a small skin gland
follicular	relating to a skin gland
follies	foolish acts or ideas
follower	a supporter of another
followers	people who support someone
followup	a second later action
folly	a foolish act or idea
foment	to stir up trouble
fond	feeling affection for something
fondant	a sweet sugary icing
fondle	to touch gently and lovingly
fondling	gentle affectionate touching
fondly	with affection
fondness	a feeling of affection
fondue	a dish of melted cheese
font	a style of printed letters
foodie	a person who loves food
foodstuff	an item used as food
fool	a silly or foolish person
foolhardy	recklessly bold
fooling	acting silly or joking
foolish	lacking good sense
foolishly	in a silly, unwise way
foolishness	silly or unwise behavior
foolproof	certain to work every time
footballer	a person who plays football
footbridge	a bridge for walkers
footed	having a certain foot type
footer	a page's bottom text
footfall	the sound of footsteps
foothill	a mountain-base low hill
foothold	a safe foot-placement spot
footing	a secure position or grip
footlights	stage front lights
footlocker	a sturdy storage trunk
footloose	free to roam
footman	a male servant
footnote	a page bottom note
footpath	a path for walking
footprint	a foot-shaped mark
footstep	sound of a step
footstool	a foot-resting stool
footwear	shoes and boots
footwork	foot movement skill
fop	a vain dandy
forage	food for grazing animals
forager	one who searches for food
foraging	hunting for wild food
foramen	a small bone opening
foray	a brief venture
forbear	an ancestor
forbearance	patient self-control
forbid	to disallow
forbidden	not allowed
forbidding	looking unfriendly or threatening
forceful	strong and powerful
forcefully	in a strong, powerful way
forceps	a gripping tool
forcible	done using force
forcibly	using physical force
fore	at the front
forearm	lower arm part
foreboding	a sense of dread
forebrain	front brain part
forecast	a prediction of future events
forecaster	a predictor
forecasting	predicting future events
forecastle	a ship's front deck
foreclose	to seize a mortgage
foreclosure	seizing a mortgaged home
forecourt	a front open area
forefather	an ancestor
forefinger	the index finger
forefoot	front part of foot
forefront	the leading position
forego	to go without something
foregoing	mentioned just before
foregone	already decided in advance
foreground	the nearest scene part
forehand	using the palm side
forehead	upper face part
foreigner	a person from another country
foreknowledge	knowing in advance
foreland	a coastal point
foreman	a workers' supervisor
foremost	most important
forensic	relating to scientific crime investigation
forensics	crime-solving science
foreplay	activity before sexual intercourse
forerunner	something that comes before another
foresee	to predict beforehand
foreseeable	able to be predicted
foreshadow	to hint beforehand
foreshadowing	hinting at future events
foreshore	tidal shoreline strip
foresight	the ability to plan ahead
foreskin	penis tip skin
forestall	to prevent by acting first
forested	covered with trees
forester	a forest manager
forestry	the science of managing forests
foretaste	an early sample
foretell	to predict what will happen
foretelling	predicting future events
forethought	careful planning ahead of time
forevermore	forever, without end
forewarning	an advance warning
forewing	an insect's front wing
foreword	an introduction to a book
forfeit	given up as a penalty
forfeited	given up as a penalty
forfeiture	a penalty loss
forge	a furnace for shaping metal
forged	illegally copied or faked
forger	a person who makes fakes
forgery	an illegal copy of something
forgetful	tending to forget things
forgetfulness	a tendency to forget things
forgettable	easily forgotten
forging	metal shaping by heat
forgivable	able to be excused
forgive	to pardon
forgiveness	the act of pardoning someone
forgiving	willing to pardon others
forgo	to go without something
forgoing	choosing to go without something
fork	a pronged utensil
forked	split in two
forking	splitting apart
forklift	a load-lifting vehicle
forlorn	sad and lonely
formaldehyde	a strong-smelling preserving chemical
formalin	a tissue preservative
formalised	made official and structured
formalism	strict adherence to set rules
formalities	official procedures or requirements
formality	an official procedure or rule
formalization	making official
formalize	to make something official
formalized	made official
formally	in an official manner
formative	shaping future development
formatting	arranging in a style
formerly	at an earlier time
formic	relating to ants
formidable	impressively strong or difficult
formless	without a clear shape
formulaic	following a fixed, predictable pattern
formulary	official rule set
formulate	to create or develop carefully
formulated	carefully developed
formulation	a devised plan or mix
fornication	sex outside of marriage
forsake	to abandon someone or something
forsaking	abandoning someone or something
forte	a person's particular strength
forthcoming	about to happen soon
forthright	direct and honest
forthwith	immediately
forties	ages forty to forty-nine
fortieth	next after the thirty-ninth
fortification	a structure built for defense
fortified	strengthened for defense
fortify	to strengthen against attack
fortitude	courage in facing difficulty
fortnight	a period of two weeks
fortnightly	happening every two weeks
fortress	a strong defensive building
fortuitous	happening by lucky chance
fortuitously	by a lucky chance
fortunate	lucky
fortunately	by good luck
forty	the number after thirty-nine
forwarding	sending onward
forwards	toward the front
fossa	a hollow or depression
fosse	a long ditch or moat
fossil	preserved remains of ancient life
fossiliferous	containing fossils
fossilised	turned into fossil
fossilized	turned into fossil
fostering	encouraging the growth of something
foul	very unpleasant or dirty
fouled	made dirty or spoiled
foundering	failing or sinking
founding	the establishing of something
foundling	an abandoned found baby
foundry	a metal-casting place
fount	a source or origin
fountain	a water-spouting structure
fountainhead	the original source of something
fourfold	four times as much
foursome	a group of four people
foursquare	firm and direct
fourteen	the number after thirteen
fourteenth	next after the thirteenth
fourthly	as the fourth point
fovea	a retina pit
fowl	a bird, especially poultry
fowler	a person who hunts birds
foxglove	a bell-flowered plant
foxhole	a dug shelter pit
foxtrot	a ballroom dance
foxy	clever and cunning
foyer	an entrance hall
fracas	a noisy disturbance or fight
fracking	extracting gas by fracturing rock
fractal	a repeating geometric pattern
fraction	a small part
fractional	very small in amount
fractionation	separating into parts
fractious	easily irritated and quarrelsome
fracture	a break
fragile	easily broken or damaged
fragility	easily broken quality
fragment	a small broken piece
fragmentary	made of scattered pieces
fragmentation	the breaking into small pieces
fragmented	broken into small pieces
fragrance	a pleasant smell
fragrant	having a pleasant smell
frail	weak and delicate
frailty	physical or moral weakness
framed	set in a border
framer	a person who builds frames
framework	a basic supporting structure
framing	building a structure
franc	an old European currency unit
franchise	a sales license right
frankfurter	a type of sausage
frankincense	a fragrant burned resin
franking	marking mail as officially paid
franklin	a free landowner
frankly	speaking honestly and directly
frankness	honest and direct speech
frantic	wild with worry or fear
frantically	in a panicked, rushed way
frap	to bind tightly with rope
frat	a college social club
fraternal	like a brother
fraternity	a men's social club
fraudulent	dishonest and deceiving
fraudulently	in a cheating, dishonest way
fraught	full of problems or worry
fray	a noisy fight or struggle
frayed	worn at edges
freak	someone very unusual
freakish	very strange or abnormal
freakishly	in a bizarre, unusual way
freaky	strange and unsettling
freckle	a skin spot
freckled	covered in small brown spots
freebie	something given for free
freeborn	born free, not enslaved
freedman	a person freed from slavery
freehand	drawn without tools or aid
freehold	land owned outright
freeholder	an owner of land outright
freeing	the act of setting loose
freelance	working independently for clients
freelancer	someone who works independently
freeloader	one who lives off others
freely	without restriction
freeman	one with full rights
freemasonry	a shared bond between members
freestanding	standing alone, not attached
freestone	loose-pit fruit
freestyle	an unstructured style of performance
freeware	software available at no cost
freeway	a large fast highway
freewheeling	careless and unrestrained
freewill	done by personal choice
freeze	a sudden stop or halt
freezer	a food-freezing appliance
freezing	turning to ice
freight	goods transported in bulk
freighter	a ship that carries cargo
frenetic	fast and disorganized
frenzied	wildly excited or frantic
frenzy	a period of wild activity
frequent	happening often
fresco	wet-plaster painting
freshen	to make cleaner or newer
freshener	a scent adder
fresher	a first-year student
freshly	very recently
freshman	relating to a first-year student
freshness	the quality of being new
freshwater	water without salt
fret	a worried, uneasy feeling
fretted	marked with worry
friable	easily crumbled
friar	a religious brother
fricative	air-forced consonant sound
friction	resistance between rubbing surfaces
frictional	relating to rubbing resistance
frictionless	without any resistance
fridge	a food-cooling appliance
fried	cooked in hot oil
friendless	having no friends
friendliness	kindness and warmth toward others
friendzone	to keep as just friend
fries	strips of fried potato
frieze	a wall decoration band
frigate	a fast warship
fright	a sudden feeling of fear
frighten	to make someone afraid
frightened	feeling afraid
frightening	causing fear
frighteningly	in a scary way
frightful	very unpleasant or shocking
frightfully	very or extremely
frigid	extremely cold
frill	a decorative ruffled edge
frilled	having ruffled decorative edges
frilly	covered in delicate ruffles
fringe	an edge or border
fringed	bordered with hanging threads
frisk	a quick body search
frisky	full of playful energy
frisson	a sudden thrill of excitement
frittata	a baked egg dish
fritter	fried batter piece
frivolity	silly, lighthearted behavior
frivolous	not serious or sensible
frizz	tangled, fuzzy hair
frizzy	tightly curled and tangled
frock	a woman's or child's dress
frog	a small jumping amphibian
frolic	playful, carefree fun
frond	a large divided leaf
frontage	a building's front
frontal	relating to the front
frontier	the edge of settled land
frontiersman	settler of wild land
frontispiece	a book's title picture
frost	a thin layer of ice
frostbite	skin damage from extreme cold
frosted	iced over thinly
frosting	sweet cake coating
frosty	very cold, covered with frost
froth	a mass of small bubbles
frothing	producing a mass of bubbles
frothy	full of small bubbles
frown	an unhappy facial expression
frowning	showing displeasure or worry
fructose	a natural sugar in fruit
frugal	careful not to waste money
frugality	careful use of money
frugally	in a thrifty, careful way
fruitcake	dried-fruit dense cake
fruitful	producing good results
fruitfulness	the quality of being productive
fruiting	producing fruit
fruition	the point of being fulfilled
fruitless	producing no useful result
fruitlessly	without any useful result
fruity	tasting or smelling of fruit
frumpy	dull and old-fashioned in dress
frustrate	to prevent from succeeding
frustrated	annoyed at being blocked
frustrating	causing annoyance and disappointment
frustration	a feeling of being blocked
fry	a young fish
fryer	a pot for deep frying
frying	cooking in hot oil
fuchsia	a bright pinkish-purple color
fucker	a rude term of contempt
fuckhead	a rude insult
fuckup	a serious mistake
fudge	a soft sugary candy
fueled	powered or driven by something
fueling	the act of supplying fuel
fuelled	powered or driven by something
fuelling	the act of supplying fuel
fug	a stuffy, stale smell
fugitive	running away from capture
fugly	extremely unattractive
fugue	a piece with interweaving melodies
fuji	a variety of apple
fulcrum	a lever's pivot
fulfil	to carry out or complete
fulfill	to carry out or complete
fulfilled	satisfied and content
fulfillment	a feeling of satisfaction
fulfilment	a feeling of satisfaction
fullback	a defensive sports player
fuller	a worker who cleans cloth
fullness	the state of being complete
fulsome	excessive and insincere
fumble	a clumsy failed attempt
fumbling	clumsy and awkward
fume	harmful smoke or vapor
fumed	showed silent anger
fumes	strong, harmful vapors
fumigation	treating with chemical smoke
functional	working as intended
functionalism	a design idea favoring usefulness
functionalist	someone favoring practical design
functionality	range of capabilities
functionally	in a practical, working way
functionary	a low-level official
functioning	working properly
fundamentalism	strict adherence to basic beliefs
fundamentalist	strictly following basic beliefs
fundamentally	in a basic, essential way
fundamentals	the basic principles
funded	provided with money
fundraise	to collect donations
fundraiser	an event to collect money
fundus	the base of an organ
funerary	relating to funerals
funereal	gloomy, like a funeral
funfair	an outdoor amusement event
fungal	caused by fungus
fungible	interchangeable
fungicide	a substance that kills fungus
fungus	a mold or mushroom-like organism
funicular	operated by a cable railway
funk	a state of low spirits
funky	unconventional and stylish
funnel	a cone-shaped tool for pouring
funnies	the comic strips
funnily	in an odd way
fur	an animal's soft hairy coat
furious	extremely angry
furiously	in an extremely angry way
furlong	a unit of distance
furlough	temporary leave from work
furnace	a fuel-burning heater
furnish	to supply with furniture
furnished	equipped with furniture
furnishing	an item of furniture
furniture	movable items in a room
furor	a public outburst of anger
furore	a public outburst of anger
furosemide	a fluid-removing drug
furred	covered in fur
furrow	a long narrow groove
furrowed	marked with deep wrinkles
furry	covered in soft fur
fursuit	a furry animal costume
furtherance	the act of helping progress
furthermore	in addition
furthest	most distant
furtive	secretive and sly
furtively	in a sneaky, secretive way
fury	intense anger
furze	a spiny yellow-flowered shrub
fuscous	dark brownish gray
fuse	a current-stopping device
fused	joined together permanently
fuselage	an aircraft's main body
fusiform	tapered at both ends
fusilier	a light-gun soldier
fusion	joining into one
fuss	unnecessary excitement or worry
fussy	overly particular about details
futile	having no useful result
futility	uselessness of effort
futon	a padded floor mattress
futurism	a modern-speed art style
futurist	relating to future ideas
futuristic	looking very advanced or modern
futurity	time yet to come
fuze	an explosive trigger
fuzz	fine soft short hairs
fuzziness	the quality of being blurry
fuzzy	covered in soft fine hair
gab	casual chatting
gabapentin	a nerve pain medicine
gabby	talking a lot
gable	a wall's triangle top
gabled	having a triangular roof section
gad	a pointed metal tool
gadfly	an annoying troublesome person
gadget	a small clever device
gadgetry	small clever devices collectively
gadolinium	a rare metallic element
gaff	a hooked pole for fish
gaffe	an embarrassing social mistake
gaffer	a senior lighting technician
gag	a joke or funny trick
gaga	overly excited or infatuated
gage	a token given as security
gaggle	a noisy group of geese
gaiety	cheerful, lively fun
gaily	in a cheerful, colorful way
gainer	someone who gains something
gainful	profitable or paid
gainfully	in a paid, productive way
gait	a person's manner of walking
gal	an informal word for girl
gala	a festive public celebration
galactic	relating to a galaxy
galactose	a simple sugar
galaxy	a huge system of stars
gale	a very strong wind
galea	a helmet-shaped structure
galena	a lead ore mineral
gall	bold, disrespectful nerve
gallant	brave and polite
gallantly	in a brave, chivalrous way
gallantry	brave and honorable conduct
gallbladder	an organ storing bile
galleon	a large old sailing ship
galley	a ship's kitchen
galling	very annoying
gallium	a soft metallic element
gallon	a unit of liquid measure
gallop	a horse's fastest pace
gallows	a frame for hanging people
gallus	a suspender strap
galore	in great abundance
galvanic	relating to electric currents
galvanize	to shock into sudden action
galvanizing	inspiring sudden energetic action
gam	a school of whales
gamba	an old stringed instrument
gambit	a calculated opening move
gamble	a risky bet or venture
gambler	someone who bets money
gambling	relating to betting money
gamedev	video game development
gamekeeper	someone who manages wildlife land
gamelan	an Indonesian percussion ensemble
gamely	bravely despite difficulty
gamesmanship	using clever tricks to win
gamey	having a strong wild flavor
gamification	adding game elements to tasks
gamma	a Greek letter
gammon	cured pork like ham
gammy	painful and weak
gamut	the full range of something
gander	a male goose
gangland	the world of organized crime
ganglion	a cluster of nerve cells
gangly	tall, thin, and awkward
gangplank	a ship-boarding board
gangrene	tissue death from blood loss
gangsta	a gang member
gangster	a member of organized crime
gangway	a ship-boarding passage
ganja	marijuana
gannet	a large diving seabird
gantry	a raised framework structure
gaol	a prison
gape	a wide open stare
gaping	wide open
gar	a long thin fish
garage	a building for parking cars
garb	clothing or dress
garbage	waste to discard
garbled	confused and hard to understand
gardener	a garden tender
gardenia	a fragrant white flower
gardening	the activity of tending plants
gargantuan	enormous in size
gargle	a throat rinse
gargoyle	a carved grotesque stone figure
gari	pickled ginger
garibaldi	a type of plain biscuit
garish	unpleasantly bright and showy
garland	a flower wreath
garlic	a flavorful cooking bulb
garlicky	tasting strongly of garlic
garment	a piece of clothing
garner	something stored for later use
garnet	a deep red gemstone
garnish	a decoration added to food
garnishment	a legal deduction from wages
garret	a top-floor room
garrison	troops stationed in a place
garrulous	talking too much
garter	a stocking-holding band
gaseous	existing as a gas
gash	a deep, long cut
gasification	converting a substance into gas
gasket	a seal between joined surfaces
gaskin	horse leg part
gaslight	to distort someone's reality
gasoline	fuel for engines
gasp	a sharp breath intake
gassing	filling with gas
gassy	full of trapped gas
gastrectomy	surgical removal of the stomach
gastric	relating to the stomach
gastritis	inflammation of the stomach lining
gastroenteritis	inflammation of stomach and intestines
gastroenterologist	a doctor for digestive diseases
gastroenterology	the study of digestive diseases
gastroesophageal	relating to stomach and esophagus
gastrointestinal	relating to stomach and intestines
gastronomic	relating to fine food
gastronomy	the art of good eating
gastropod	a snail-like creature
gasworks	a gas-making plant
gat	slang for a gun
gatefold	a folded extra page
gatehouse	a building at a gate
gatekeeper	someone who controls access
gateway	an entrance or passage
gather	the act of collecting together
gathered	brought together in one place
gatherer	someone who collects things
gathering	a meeting of people
gator	an alligator
gauche	socially awkward and tactless
gaucho	a South American cowboy
gaudy	too bright and showy
gauge	a device that measures something
gaunt	thin and bony from illness
gauntlet	a heavy protective glove
gaur	a large wild ox
gauss	a unit of magnetism
gauze	a thin transparent fabric
gauzy	thin and see-through
gavel	a judge's small hammer
gawk	a stupid, staring look
gawker	someone who stares rudely
gayness	the state of being homosexual
gaze	a long, steady look
gazebo	an open garden shelter
gazelle	a small graceful antelope
gazette	an official newspaper or journal
gazetteer	a geographical dictionary
gazillion	an enormous, uncountable number
gazpacho	a cold Spanish soup
gearbox	a gear-changing car part
geared	adjusted or aimed toward something
gearing	a set of connected gears
gearshift	a lever for changing gears
gecko	a small climbing lizard
gee	an exclamation of surprise
geek	a hobby enthusiast
geezer	an old man
geisha	a japanese hostess entertainer
gel	a thick jelly-like substance
gelatin	a clear jelly-like protein substance
gelatine	a clear jelly-like protein substance
gelatinous	jelly-like in texture
geld	to remove an animal's testicles
gelding	a castrated male horse
gem	a precious stone
gemma	a growth-forming bud
gemstone	a precious stone
gendarme	a french police officer
gendarmerie	a french police force
genealogical	relating to family history
genealogist	someone who studies family history
genealogy	the study of family history
generalisation	a broad unproven claim
generalise	to broadly state from little
generalised	made broad and not specific
generalissimo	a supreme military commander
generalist	one with broad knowledge
generality	a vague, broad statement
generalization	a broad unproven claim
generalize	to broadly state from little
generalized	made broad and not specific
generate	to produce or create
generational	relating to an age group
generative	able to create things
generator	a machine that makes electricity
generic	not brand specific
generically	in a general, non-specific way
generosity	willingness to give freely
generous	willing to give freely
generously	in a giving, unselfish way
genesis	the origin of something
genet	a small cat-like animal
genetically	relating to genes
geneticist	a scientist who studies genes
genetics	the study of heredity
geneva	a city in switzerland
genial	friendly and warm-hearted
genie	a magical wish-granting spirit
genital	relating to sexual organs
genitalia	the sexual organs
genitals	the sexual organs
genitive	showing possession in grammar
genitourinary	relating to sexual and urinary organs
genocide	mass killing of a people
genome	an organism's full gene set
genomics	study of full gene sets
genotype	an organism's genetic makeup
genre	an art category
gens	an ancient roman family clan
gent	a man
gentamicin	an antibiotic medicine
genteel	polite and refined in manner
gentian	a plant with blue flowers
gentile	not jewish
gentility	polished, refined manners
gentle	mild and kind
gentleman	a polite, well-mannered man
gentlemanly	polite and well-mannered
gentleness	mildness and kindness
gentlewoman	a woman of good breeding
gently	in a mild, careful way
gentrification	richer people moving in
gentry	people of high social class
genuinely	really and sincerely
genuineness	the quality of being real
genus	a related species group
geocentric	centered on the earth
geochemistry	the study of earth's chemistry
geode	a crystal-filled rock
geodesic	relating to shortest curved paths
geodesy	study of earth's shape
geodetic	relating to measuring the earth
geographer	a person who studies geography
geographic	relating to geography
geographical	relating to geography
geographically	by location
geography	study of earth's places
geologic	relating to earth's rocks
geological	relating to earth's rocks
geologically	in rock-history terms
geologist	a scientist who studies rocks
geology	study of earth's rocks
geometric	relating to shapes and lines
geometrical	relating to shapes and lines
geometrically	in shape terms
geometry	study of shapes and space
geomorphology	the study of landform shapes
geophysical	relating to earth's physical processes
geophysicist	an earth-physics scientist
geophysics	study of earth's physical processes
geopolitical	relating to politics and geography
geopolitics	politics shaped by geography
geordie	a person from newcastle england
georgette	a thin silk-like fabric
geostationary	fixed above one point
geosynchronous	orbiting with earth's spin
geothermal	relating to earth's heat
geranium	a garden flower plant
gerbil	a small pet rodent
geriatric	relating to elderly care
geriatrics	medicine for elderly people
germ	a tiny disease-causing organism
germane	relevant to the topic
germanium	a chemical element metal
germinal	relating to early growth stage
germinate	to begin to sprout
germination	the sprouting of a seed
gerontology	the study of aging
gerrymander	unfair reshaping of voting districts
gerund	a noun-like verb form
gestalt	a unified perceived whole
gestation	the period of pregnancy
gestational	relating to pregnancy
gesticulating	waving hands while talking
gestural	relating to body movements
gesture	a movement expressing meaning
geta	traditional japanese wooden sandals
getaway	an escape or short vacation
getup	an unusual outfit
geyser	a hot-water spring
ghastly	horrifying and shocking
ghat	steps to a river
ghee	clarified butter used in cooking
gherkin	a small pickled cucumber
ghetto	a poor, crowded city area
ghostly	eerie, like a ghost
ghostwriter	an uncredited writer
ghoul	a corpse-eating spirit
ghoulish	gruesome and morbid
ghrelin	a hormone that triggers hunger
giantess	a very large woman
giardia	a parasite causing intestinal illness
gib	a small metal locking piece
gibberish	nonsense talk
gibbet	a gallows for hanging bodies
gibbon	a small tree-dwelling ape
giblets	poultry's edible organs
giddiness	a dizzy, unsteady feeling
giddy	dizzy and light-headed
gifted	having natural talent
gig	a live music performance
gigabit	a unit of digital data
gigabyte	a unit of digital storage
gigantic	extremely large
giggle	a light, silly laugh
gigolo	a man paid for companionship
gilbert	a unit of magnetic force
gild	a thin gold layer
gilded	coated with gold
gilder	a gold-leaf craftsman
gilding	a thin gold coating
gill	a fish's breathing organ
gillie	a scottish hunting guide
gilt	covered with gold
gimbal	a level-keeping pivot
gimlet	a hole-boring tool
gimmick	an attention-grabbing trick
gimp	a decorative trim or braid
gin	a clear alcoholic spirit
ginger	a light reddish-brown color
gingerbread	a spiced molasses treat
gingerly	very cautiously
gingham	a checkered cotton fabric
gingival	relating to the gums
gingivitis	inflammation of the gums
ginkgo	a tree with fan-shaped leaves
ginseng	a tonic root
gipsy	a traveling people member
giraffe	a tall long-necked african animal
gird	to prepare oneself for action
girder	a large steel support beam
girdle	a waist undergarment
girlhood	time as a young girl
girlish	typical of a young girl
giro	a bank payment transfer
girth	the measurement around something
gist	the main point of something
git	an annoying or contemptible person
giveaway	something given for free
giver	a person who gives
gizmo	a small gadget or device
gizzard	a bird's food-grinding stomach part
glabrous	smooth and hairless
glace	glazed with sugar
glacial	extremely cold or icy
glaciated	covered or shaped by glaciers
glaciation	land covered by glaciers
glacier	a slow-moving ice mass
gladden	to make happy
glade	a clearing in a forest
gladiator	an ancient roman fighter
gladiatorial	relating to combat fighters
gladiolus	a tall flowering plant
gladly	willingly and happily
gladness	a feeling of happiness
glamor	an attractive charm and elegance
glamorous	attractively elegant and exciting
glamour	an attractive charm and elegance
glamourous	attractively elegant and exciting
glamping	comfortable outdoor camping with amenities
glance	a quick look
gland	a substance-producing organ
glandular	relating to body glands
glans	tip of a sex organ
glare	a strong, angry stare
glaring	very obvious and shocking
glaringly	in a very obvious way
glasnost	openness in soviet government policy
glassed	fitted or covered with glass
glasshouse	a greenhouse for growing plants
glassware	drinking and serving glasses
glassy	smooth and shiny like glass
glaucoma	an eye disease damaging vision
glaucous	pale bluish-green in color
glaze	a shiny coating
glazed	covered with a shiny coating
glazer	a shiny-coating worker
glazier	a window-glass installer
gleam	a faint flash of light
gleaming	shining brightly
glean	to gather bit by bit
gleaner	one who gathers leftover crops
glebe	church-owned farmland
glee	great joy and delight
gleeful	full of joyful delight
gleefully	with great joyful delight
glen	a narrow, secluded valley
glia	nerve-supporting cells
glial	relating to nerve support cells
glib	speaking smoothly but insincerely
glide	a smooth, effortless movement
glider	an engineless soaring aircraft
gliding	moving smoothly through the air
glimmer	a faint, flickering light
glimmering	shining faintly and unsteadily
glimpse	a brief look
glint	a quick flash of light
glinting	flashing with brief light
glioblastoma	an aggressive brain tumor
glioma	a brain-support-cell tumor
glisten	a sparkling shine
glistening	shining with a wet sparkle
glitch	a small technical malfunction
glitter	tiny sparkling decorative particles
glittering	sparkling with light
glittery	covered in sparkling particles
glitz	showy, flashy glamour
gloat	a smug display of satisfaction
gloating	showing smug satisfaction
glob	a small soft lump
globalisation	worldwide trade spread
globalization	worldwide trade spread
globally	throughout the whole world
globe	a round earth model
globetrotter	a world traveler
globose	round like a ball
globular	shaped like a small ball
globulin	a type of blood protein
glomerular	relating to tiny kidney filters
gloom	deep sadness or darkness
gloomy	dark and depressing
glorification	the act of praising highly
glorified	made to seem grander
glorify	to praise highly
glorious	magnificent and deserving praise
gloriously	in a magnificent, splendid way
gloss	a shiny surface finish
glossary	a list of word definitions
glossy	smooth and shiny
glottal	relating to vocal cords
glove	a hand covering
gloved	wearing a hand covering
glow	a soft, steady light
glowering	staring angrily
glowing	shining with a soft light
glowy	giving off a soft light
glucagon	a sugar-raising hormone
glucocorticoid	an inflammation-reducing steroid
glucosamine	a joint-health compound
glucose	a simple energy sugar
glucoside	a sugar-containing plant compound
glue	a joining sticky substance
glued	stuck fast with adhesive
glug	to drink noisily
glum	sad and gloomy
gluon	a nucleus-binding particle
glut	an oversupply of something
glutamate	a flavor-enhancing amino acid
glutamine	an amino acid in proteins
glute	a buttock muscle
gluteal	relating to the buttocks
gluten	a protein found in wheat
gluteus	a large buttock muscle
glutinous	sticky like glue
glutton	an overeater
gluttonous	excessively greedy for food
gluttony	excessive eating and greed
glycerin	a sweet, syrupy liquid compound
glycerine	a sweet, syrupy liquid compound
glycerol	a sweet, syrupy liquid compound
glycine	a simple amino acid
glycogen	stored sugar in the body
glycol	a syrupy chemical compound
glycolysis	sugar breakdown for energy
glycoprotein	a protein bonded with sugar
glyph	a carved or written symbol
gnarled	twisted and knotted with age
gnarly	rough and twisted looking
gnash	to grind the teeth together
gnat	a tiny flying insect
gnaw	to bite and chew persistently
gneiss	a banded metamorphic rock
gnocchi	small italian potato dumplings
gnome	a small mythical earth spirit
gnosis	special spiritual knowledge
gnostic	relating to hidden spiritual knowledge
gnu	a large african antelope
goad	something that urges into action
goaded	provoked into taking action
goading	provoking someone into action
goalie	a team's goal-defending player
goalkeeper	a team's goal-defending player
goalless	ending without any scores
goalpost	a scoring-target upright
goaltender	a team's goal-defending player
goat	a horned farm animal
goatee	a small pointed chin beard
gob	a lump or mouthful
gobble	to eat greedily
gobbler	a male turkey
goblet	a stemmed drinking cup
goblin	a mischievous ugly creature
gobs	a large amount of something
gobsmacked	utterly astonished
goby	a small bottom-dwelling fish
goddam	an angry emphasis word
goddamn	an angry emphasis word
goddamned	an angry emphasis word
goddaughter	a female godchild
goddess	a female deity
godfather	a male religious sponsor
godforsaken	remote and depressing
godless	without belief in god
godlike	resembling a god in power
godliness	devout religious virtue
godly	devoutly religious
godmother	a female religious sponsor
godsend	an unexpected helpful blessing
godson	a male godchild
goer	someone who regularly attends something
goggle	to stare with wide eyes
goggles	protective eyewear
goiter	a swollen thyroid gland
goldeneye	a diving duck species
goldenrod	a tall yellow-flowered plant
goldfield	a gold-rich area
goldfields	areas rich in gold deposits
goldfinch	a small colorful songbird
goldfish	a small orange pet fish
goldilocks	just the right amount
goldmine	a highly profitable source
goldsmith	a gold craftsman
goldstone	a sparkly glass-like gemstone material
golem	a legendary clay giant
golfer	a person who plays golf
golfing	the sport of playing golf
goliath	something huge and powerful
gonadal	relating to reproductive organs
gonadotropin	a hormone controlling reproductive organs
gondola	a venetian canal boat
goner	someone or something doomed
gong	a struck metal disc
gonorrhea	a sexually transmitted infection
gonorrhoea	a sexually transmitted infection
gonzo	wild and unconventional
goo	a sticky, messy substance
goober	a foolish person
goodly	fairly large in size
goodness	moral virtue and kindness
goodwill	friendly, helpful intentions
goody	a treat or pleasing thing
gooey	sticky and soft
goof	a silly mistake
goofball	a silly, clownish person
goofy	silly and ridiculous
googly	a deceptive cricket bowling delivery
gook	a thick, sticky substance
goon	a thug hired for violence
goop	a thick, sticky substance
goose	a large web-footed bird
gooseberry	a small tart green berry
gopher	a small burrowing rodent
gore	blood from violence or injury
gorge	a deep narrow valley
gorgeously	in a beautifully attractive way
gorgonzola	a strong italian blue cheese
gorilla	a large powerful ape
gorse	a spiny yellow-flowered shrub
gory	full of blood and violence
goshawk	a large hunting hawk
gosling	a young goose
gospel	the christian teachings of jesus
gossamer	very light and delicate
gossip	casual talk about others
gossiping	talking about others' private lives
gossipy	fond of spreading rumors
gothic	medieval and dark in style
gouache	an opaque paint type
gouge	a deep groove or cut
goulash	a spicy meat stew
gourd	a hard-shelled squash fruit
gourmand	a person who loves eating
gourmet	a refined food lover
gout	a painful joint disease
govern	to rule or control
governance	the way something is controlled
governed	ruled or controlled
governess	a home children's teacher
governing	having control or authority
governmental	relating to a government
governorship	the position of governor
gown	a long formal dress
goy	a non-jewish person
grabber	someone who seizes things
grabby	eager to take things
graceful	smooth and elegant
gracefully	in an elegant, smooth way
graceless	clumsy and awkward
gracious	kind and polite
graciously	in a kind, polite way
graciousness	kindness and politeness
grad	a person who finished school
gradation	a gradual change in stages
graded	sorted by quality or level
grader	a machine that levels ground
gradient	a slope or rate of change
grading	scoring or sorting
gradual	happening slowly over time
gradually	slowly, little by little
graduated	finished a course
graduation	the ceremony of finishing school
graffiti	writing or drawings on walls
graft	a piece of tissue transplanted
grafting	joining plant pieces
grail	a long-sought precious goal
grain	a small cereal seed
grainy	rough with specks
gram	a small unit of weight
grama	a type of prairie grass
gramma	informal word for grandmother
grammar	the rules of a language
grammarian	an expert in grammar rules
grammatical	following language rules correctly
grammatically	following grammar rules
gramophone	an old record player
gramps	informal word for grandfather
gran	informal word for grandmother
granary	a building for storing grain
grandad	informal word for grandfather
grandchild	the child of one's child
granddad	informal word for grandfather
granddaddy	informal word for grandfather
granddaughter	the daughter of one's child
grandee	a person of high rank
grandeur	impressive size or beauty
grandfather	the father of one's parent
grandiose	overly grand or showy
grandiosity	an exaggerated sense of importance
grandly	in an impressive, showy way
grandma	informal word for grandmother
grandmaster	a top-ranked chess player
grandmother	the mother of one's parent
grandpa	informal word for grandfather
grandparent	a parent of one's parent
grandson	the son of one's child
grandstand	rows of seats for spectators
grange	a country farmhouse or estate
granger	a farmer
granite	a hard gray rock
granitic	made of or like granite
granny	informal word for grandmother
granola	an oat breakfast cereal
grantee	a person given something
grantor	a person who gives something
granular	made up of small grains
granularity	the level of fine detail
granulated	broken into small grains
granulation	the forming of small grains
granule	a tiny grain or particle
granuloma	a small inflamed tissue spot
grape	a small round juicy fruit
grapefruit	a large sour citrus fruit
grapevine	a plant that grows grapes
graph	a diagram showing data
graphic	shown in vivid, clear detail
graphical	shown using pictures or diagrams
graphically	in a vivid, detailed way
graphics	images or diagrams, often digital
graphite	a soft black carbon material
grappa	a strong italian brandy
grapple	a struggle or close fight
grappler	someone who wrestles or struggles
grappling	wrestling or struggling closely
grasp	a firm hold or grip
grasping	greedy for money or power
grasshopper	a long-legged jumping insect
grassland	a wide grass area
grassroots	coming from ordinary people
grassy	covered with grass
grate	a fireplace metal frame
gratefully	in a thankful way
gratefulness	a feeling of thankfulness
grater	a tool for shredding food
gratification	a satisfied pleasure
gratified	pleased and satisfied
gratify	to please or satisfy
gratifying	pleasing and satisfying
grating	harsh and irritating
gratis	free of charge
gratitude	a feeling of thankfulness
gratuitous	done without good reason
gratuitously	without good reason
gratuity	a tip given for service
gravedigger	a person who digs graves
gravel	small loose stones
gravelly	rough, like small stones
gravely	in a serious, solemn way
graven	carved or engraved
graver	a tool for engraving
gravestone	a stone marking a grave
graveyard	a burial place
gravimetric	measured by weight
gravitas	seriousness and dignity
gravitate	to be drawn toward something
gravitation	the pull of gravity
gravitational	relating to gravity
gravitationally	by the force of gravity
graviton	a tiny particle carrying gravity
gravity	the downward pull force
gravure	engraved-plate printing
gravy	a meat-juice sauce
grayish	somewhat gray in color
graze	a light skin scrape
grazed	scraped lightly on the skin
grazing	feeding on growing grass
grease	a thick oily substance
greased	coated with oil or fat
greaser	a mechanic or oily worker
greasy	covered in oil or fat
greatness	the quality of being great
greaves	armor for the lower legs
grebe	a diving water bird
greed	a strong desire for more
greedily	in a greedy, selfish way
greedy	wanting too much of something
greenback	a dollar bill
greenbelt	protected open land
greenbrier	a thorny climbing vine
greenery	green plants and leaves
greengrocer	a produce seller
greenhorn	an inexperienced newcomer
greenhouse	relating to a plant-growing building
greening	becoming more environmentally friendly
greenish	somewhat green in color
greenlight	to give approval to proceed
greenness	the quality of being green
greens	leafy green vegetables
greenway	a path lined with greenery
greenwood	a green forest
greet	to welcome someone
greeter	a person who welcomes visitors
greeting	a friendly welcome
gregarious	sociable and outgoing
gremlin	a mischievous imaginary creature
grenade	a small hand-thrown bomb
grenadier	a soldier who throws grenades
grenadine	a sweet red syrup
greyhound	a slender, fast-running dog
greyish	somewhat gray in color
grid	a pattern of crossing lines
griddle	a flat pan for cooking
gridiron	a football playing field
gridlock	a complete traffic standstill
grief	deep sorrow over a loss
grievance	a complaint about unfair treatment
grieve	to feel deep sorrow
grieving	feeling deep sorrow
grievous	very serious or severe
grievously	in a very serious way
griffin	an eagle-lion mythical beast
griffon	a small dog or mythical beast
grifter	a con artist
grill	a fire-cooking frame
grille	a covering metal grid
grilled	cooked over direct heat
grilling	cooking food over direct heat
grim	serious and gloomy
grimace	a pained facial twist
grime	built-up dirt
grimly	in a serious, gloomy way
grimoire	a book of magic spells
grimy	covered in dirt
grin	a wide smile
grind	hard, tedious work
grinder	a crushing or sharpening machine
grinding	crushing into small pieces
grindstone	a tool-sharpening wheel
gringo	a foreigner, especially american
grinning	smiling widely
grip	a firm hold
gripe	a complaint
gripes	complaints
griping	complaining
gripping	holding one's attention strongly
grisly	horrifying and gruesome
grist	grain to be ground
gristle	tough chewy tissue in meat
grit	small loose particles of stone
grits	a corn cereal dish
gritty	full of small rough particles
grizzled	streaked with gray hair
grizzly	a large brown bear
groan	a low sound of pain
groat	an old small coin
groats	hulled grain kernels
grocer	a person who sells food
grocery	a store that sells food
grog	a diluted alcoholic drink
groggy	dazed and unsteady
groin	area between belly and thigh
grommet	a hole-reinforcing ring
groom	a man about to marry
groomed	neatly cared for
grooming	the care of one's appearance
groove	a narrow cut track
grooved	having a narrow track
grooving	cutting a narrow track
groovy	fashionable and enjoyable
grope	a clumsy feeling around
groping	feeling around clumsily
grossly	in an extreme, obvious way
grossness	extreme crudeness
grosz	a small polish coin
grotesque	strange and ugly
grotesquely	in a strange, ugly way
grotto	a small picturesque cave
grotty	dirty and unpleasant
grouch	a constantly complaining person
grouchy	irritable and complaining
groundbreaking	new and innovative
grounder	a rolling batted ball
groundhog	a burrowing rodent
grounding	basic knowledge or training
groundless	without any real basis
groundnut	another name for peanut
groundskeeper	a person who maintains grounds
groundwork	basic preparatory work
grouped	put together in a set
grouper	a large ocean fish
groupie	an enthusiastic band fan
grouping	a set put together
groupthink	conformist thinking in a group
grouse	a plump game bird
grout	a paste filling tile gaps
grove	a small group of trees
grovel	to beg humbly and abjectly
groveling	begging humbly and abjectly
grovelling	begging humbly and abjectly
grower	a person who grows crops
growl	a low, rough animal sound
growler	something that growls
growling	making a low rough sound
grownup	relating to an adult
grub	a soft, wormlike larva
grubby	dirty and untidy
grudge	a lasting feeling of resentment
grudging	given reluctantly
grudgingly	reluctantly and unwillingly
gruel	a thin, watery porridge
grueling	extremely tiring and demanding
gruelling	extremely tiring and demanding
gruesome	horrifying and disturbing
gruff	rough and unfriendly in manner
grumble	a low complaint
grumbling	complaining in a low voice
grump	a bad-tempered person
grumpy	easily irritated and complaining
grunge	a messy, dirty style
grungy	dirty and shabby
grunt	a low guttural sound
gryphon	an eagle-lion mythical beast
guacamole	a mashed avocado dip
guan	a large tropical game bird
guanine	a chemical base in dna
guano	fertilizer bird droppings
guar	a thickening bean
guarani	the currency of paraguay
guarantor	one who backs a debt
guaranty	a debt-payment promise
guarded	cautious and careful
guardhouse	a building for military guards
guardian	a person who protects someone
guardianship	the role of protecting someone
guardrail	a fall-preventing barrier
guardsman	a guard unit member
guava	a tropical fruit
gubernatorial	relating to a governor
guerilla	a fighter using irregular tactics
guerrilla	a fighter using irregular tactics
guessing	trying to figure something out
guesstimate	a rough estimate
guesswork	reasoning based on guesses
guesthouse	a small house for visitors
guff	nonsense talk
guffaw	a loud burst of laughter
guidebook	a book giving travel information
guided	led or directed
guideline	a rule to follow
guiding	directing or leading
guild	an association of craftsmen
guilder	an old dutch coin
guildhall	a guild meeting hall
guile	clever deceit
guillotine	a device for beheading people
guilt	a wrongdoing feeling
guiltless	free of any wrongdoing
guinea	an old british gold coin
guise	a false outward appearance
guitarist	a person who plays guitar
gulag	a soviet forced labor camp
gulch	a narrow, steep ravine
gulden	an old dutch coin
gulf	a sea area enclosed by land
gull	a common seabird
gullet	the throat or food pipe
gullibility	being easily fooled
gullible	easily fooled or tricked
gully	a small narrow ditch
gulp	a large swallow
gulping	swallowing quickly
gum	sticky candy or resin
gumbo	a thick spicy stew
gummed	sealed with sticky glue
gummy	soft and sticky
gumption	initiative and common sense
gumshoe	a detective
gunboat	a small armed warship
gunfight	a fight using guns
gunfire	the firing of guns
gunk	sticky, dirty substance
gunman	a man with a gun
gunmetal	a dark gray color
gunner	a soldier who operates guns
gunnery	the use of large guns
gunny	a coarse sacking material
gunplay	fighting with guns
gunpoint	the threat of being shot
gunpowder	an explosive powder
gunshot	the firing of a gun
gunslinger	a skilled gunman
gunsmith	a gun maker or fixer
guppy	a small colorful fish
gurgle	a bubbling water sound
gurney	a wheeled hospital bed
guru	a spiritual teacher or expert
gush	a sudden strong flow
gusher	something that flows out suddenly
gushing	flowing out suddenly and strongly
gusset	an added fitting fabric
gust	a sudden rush of wind
gusto	great enthusiasm and energy
gusty	windy in strong bursts
gut	the stomach or intestines
gutless	lacking courage
guts	courage and determination
gutsy	brave and determined
gutter	a channel for draining water
guttural	produced deep in the throat
guyot	a flat-topped underwater mountain
guzzle	to drink greedily
guzzler	something that consumes a lot
guzzling	drinking greedily and quickly
gymkhana	a competitive horse-riding event
gymnasium	an exercise room
gymnast	a person who does gymnastics
gymnastic	relating to gymnastics
gymnastics	a sport of physical exercises
gynaecological	relating to women's reproductive health
gynaecologist	a doctor for women's health
gynaecology	the medicine of women's health
gynecologic	relating to women's reproductive health
gynecological	relating to women's reproductive health
gynecologist	a doctor for women's health
gynecology	the medicine of women's health
gynecomastia	enlarged breast tissue in men
gyp	a swindle or cheat
gypsum	a soft white mineral
gypsy	a traveling nomadic person
gyre	a circular swirling motion
gyro	a roasted-meat wrap
gyroscope	a spinning balance device
gyroscopic	relating to spinning balance
gyrus	a ridge on the brain
haberdashery	a shop selling sewing goods
habit	something done regularly
habitability	how livable a place is
habitable	suitable to live in
habitat	a natural home for animals
habitation	a place where people live
habitual	done regularly as a habit
habitually	as a usual habit
habituation	getting used to something
hacienda	a large estate house
hack	a clever shortcut
hackathon	an intense group coding event
hacker	someone who breaks into computers
hackles	raised hairs showing anger
hackney	a horse-drawn carriage
hackneyed	overused and unoriginal
hacksaw	a saw for cutting metal
haddock	a type of edible fish
hadith	sayings of the prophet muhammad
hadji	a muslim pilgrim to mecca
hadron	a subatomic particle
haematology	study of blood diseases
haematoma	a bruise-like blood swelling
haemoglobin	the protein carrying blood oxygen
haemophilia	a bleeding disorder
haemorrhage	heavy internal bleeding
haemorrhagic	causing heavy bleeding
haft	a handle of a tool
hag	an ugly old woman
haggard	looking tired and worn out
haggis	a traditional scottish dish
haggle	arguing over a price
haggling	bargaining over a price
hagiography	a flattering saint biography
haiku	a short japanese poem
hail	small balls of ice
hailstorm	a storm of falling ice
hairball	a clump of swallowed hair
hairbrush	a brush for hair
haircare	care for hair health
haircut	a trim of hair
hairdo	a style of arranged hair
hairdresser	someone who styles hair
hairdressing	the trade of styling hair
haired	having certain hair
hairless	having no hair
hairline	the edge of hair growth
hairpiece	a wig or hair patch
hairpin	a small hair-holding clip
hairstyle	a way hair is arranged
hairstylist	a professional who styles hair
hairy	covered in hair
haj	a muslim pilgrimage to mecca
haji	a muslim pilgrim to mecca
hajj	a muslim pilgrimage to mecca
hajji	a muslim pilgrim to mecca
hake	a type of edible fish
hakeem	a traditional healer or doctor
hakim	a traditional healer or doctor
halal	permitted under islamic law
halberd	an old spear-axe weapon
halcyon	peaceful and happy
hale	strong and healthy
halfback	a sports position player
halfpenny	an old small coin
halftime	the break in a game
halfway	at the middle point
halibut	a large flat fish
halide	a chemical salt compound
halitosis	bad breath
hallelujah	an exclamation of praise
hallmark	a distinctive typical feature
hallow	to make holy
hallowed	regarded as holy
hallucinate	to see things not real
hallucinating	seeing things not real
hallucination	a false sensory experience
hallucinatory	causing false perceptions
hallucinogen	a drug causing false perceptions
hallucinogenic	causing false perceptions
hallway	an indoor passage
halo	a glowing ring of light
halogen	a group of reactive elements
haloperidol	an antipsychotic medicine
halt	stopped or lame
halter	a head strap for animals
halting	hesitant and uneven
halve	to split in two
ham	cured pork meat
hamburger	a ground beef sandwich
hame	a horse harness part
hamlet	a small village
hammer	a tool for driving nails
hammered	struck hard repeatedly
hammerhead	a wide-headed shark
hammering	repeated forceful striking
hamming	acting in an exaggerated way
hammock	a hanging fabric bed
hammy	overly exaggerated in acting
hamper	a basket for laundry
hamster	a small furry rodent pet
hamstring	a tendon behind the knee
handbag	a small carried bag
handball	a hand-played ball sport
handbook	a small instructional guide
handcraft	something made skillfully by hand
handcuff	a metal wrist restraint
handedness	preference for one hand
handful	a small manageable amount
handgun	a small firearm
handheld	held in the hand
handicap	a disadvantage or disability
handicapped	having a physical disability
handicapper	someone who predicts race outcomes
handicraft	skilled work made by hand
handily	easily and skillfully
handiwork	something made by hand
handkerchief	a small cloth for wiping
handlebar	a bike's steering bar
handled	dealt with or managed
handler	someone who manages something
handloom	a hand-operated weaving machine
handmade	made by hand not machine
handmaid	a female personal servant
handmaiden	a female personal servant
handoff	a transfer of responsibility
handout	a free given item
handover	a transfer of control
handrail	a support bar for stairs
handset	a telephone receiver
handshake	a greeting grip of hands
handsome	attractive in appearance
handsomely	generously or attractively
handstand	balancing upside down on hands
handwork	work done by hand
handwriting	writing done by hand
handwritten	written by hand
handy	useful and convenient
handyman	someone who does small repairs
hangar	a large aircraft shelter
hanger	a device for hanging clothes
hangman	a word-guessing game
hangout	a relaxing gathering place
hangover	sickness after too much drinking
hank	a coiled length of yarn
hankering	a strong desire for something
hankey	a small cloth for wiping
hanky	a small cloth for wiping
hansom	a two-wheeled horse carriage
hanuman	a hindu monkey god
hao	a small unit of currency
hap	a chance happening
haphazard	random and disorganized
haphazardly	in a random disorganized way
hapless	unlucky and unfortunate
haploid	having one chromosome set
haplotype	linked genetic marker set
happenstance	a chance occurrence
happily	in a joyful way
haptic	relating to touch
harangue	a lengthy aggressive speech
harass	to repeatedly bother someone
harassed	repeatedly bothered or troubled
harasser	someone who repeatedly bothers others
harassment	repeated unwanted bothering
harbinger	a sign of something coming
harbor	a sheltered area for ships
harbour	a sheltered area for ships
hardback	bound with a stiff cover
hardball	an aggressive uncompromising approach
hardcore	extremely dedicated or intense
hardcover	bound with a stiff cover
harden	to become firm or tough
hardened	made tough through experience
hardening	becoming firm or tough
hardheaded	stubborn and practical
hardiness	ability to endure difficulty
hardline	strict and uncompromising
hardness	the quality of being firm
hardscrabble	poor and difficult
hardship	difficulty and suffering
hardtop	a rigid-roof car
hardwood	tough dense wood
hardworking	putting in great effort
hardy	tough and able to endure
hare	a fast wild rabbit-like animal
harem	a household's group of women
hark	to listen carefully
harken	to listen carefully
harlequin	a comic patterned costume character
harlot	a woman who sells sex
harmful	causing damage or injury
harmless	not causing any damage
harmlessly	without causing damage
harmonic	relating to musical harmony
harmonica	a small blown musical instrument
harmonically	in a musically pleasing way
harmonics	overtones in a musical sound
harmonious	pleasant and free of conflict
harmoniously	in a peaceful pleasant way
harmonisation	making things work together
harmonise	to make things work together
harmonised	made to work together
harmonium	a small keyboard organ
harmonization	making things work together
harmonize	to make things work together
harmonized	made to fit together
harmony	a pleasing agreement of parts
harness	control straps
harnessed	controlled and put to use
harp	a large stringed instrument
harper	someone who plays the harp
harpist	someone who plays the harp
harpoon	a spear for hunting whales
harpsichord	an old stringed keyboard instrument
harpy	a mythical bird-woman creature
harried	troubled and hurried
harrier	a hunting bird or dog
harrow	a soil-breaking farm tool
harrowing	extremely distressing
harsh	unpleasantly severe
harshly	in a severe unkind way
harshness	severity and unkindness
hart	an adult male deer
hartley	a mathematical unit of information
harvest	the gathering of crops
harvester	a machine that gathers crops
harvesting	gathering ripe crops
hash	chopped and mixed food
hashish	a drug made from cannabis
hashtag	a labeled topic marker online
hassle	an annoying difficulty
haste	excessive speed or hurry
hasten	to hurry something along
hastily	in a hurried rushed way
hasty	done too quickly
hatch	an opening or doorway
hatchback	a rear-door car
hatched	broken open from an egg
hatchery	a place eggs are hatched
hatchet	a small hand axe
hatching	emerging from an egg
hatchling	a newly hatched animal
hated	strongly disliked
hateful	full of intense dislike
hater	someone who dislikes something strongly
hatred	intense dislike or animosity
hatted	wearing a hat
hatter	someone who makes hats
haughty	arrogantly proud
haul	a large amount gathered
haulage	the transport of goods
hauler	someone who transports goods
hauling	transporting something heavy
haunt	a place often visited
haunted	inhabited by ghosts
haunting	memorably eerie or sad
havelock	a cap's neck cloth
haven	a safe sheltered place
havoc	widespread destruction and chaos
haw	a hawthorn berry
hawk	a sharp-eyed bird of prey
hawker	a street seller
hawking	selling goods on the street
hawkish	favoring aggressive action
hawthorn	a thorny flowering shrub
hay	dried cut grass
hayfield	a field grown for hay
haystack	a large pile of hay
haywire	out of control or malfunctioning
hazard	a source of danger
hazardous	dangerous and risky
haze	a thin misty cloudiness
hazel	a light brown color
hazelnut	a small round edible nut
hazelwood	wood from the hazel tree
hazmat	dangerous hazardous material
hazy	unclear and slightly foggy
headache	a pain in the head
headband	a head-worn band
headboard	a bed's head panel
headbutt	to hit with the head
headcanon	a fan's personal story belief
headcount	a total count of people
headdress	an elaborate head covering
header	a title at the top
headfirst	with the head leading
headgear	protective covering for the head
headhunter	a recruiter for job candidates
headlamp	a head-worn light
headland	a sea-jutting point
headless	having no head
headlight	a vehicle front light
headline	a news title
headliner	a show's main act
headlock	a head wrestling hold
headlong	moving fast and recklessly
headman	the leader of a group
headmaster	the head of a school
headmistress	a female school head
headphone	an audio-listening device
headpiece	a decorative head covering
headquarter	to base an organization somewhere
headrest	a support for the head
headroom	space above one's head
headscarf	a head-worn cloth
headset	a combined earphone and microphone
headship	being in charge
headshot	a photo of someone's face
headspace	mental clarity or capacity
headstock	a guitar's tuning-peg part
headstone	a stone marking a grave
headstrong	stubborn and willful
headwater	the source of a river
headway	forward progress
headwind	wind blowing against you
heady	exciting and intoxicating
heal	to make healthy again
healed	made healthy again
healer	someone who cures illness
healing	restoring to health
healthful	good for one's health
healthier	more healthy
healthily	in a health-promoting way
healthiness	the state of being healthy
heap	a messy pile
heaps	a large amount
hearer	someone who listens
hearken	to listen carefully
hearsay	unverified secondhand information
hearse	a vehicle carrying a coffin
heartache	deep emotional sorrow
heartbeat	a pulse of the heart
heartbreak	deep emotional sorrow
heartbreaker	someone who causes emotional pain
heartbreaking	causing deep sadness
heartbroken	deeply sad from loss
heartburn	a burning chest sensation
heartening	encouraging and uplifting
heartfelt	sincerely and deeply felt
hearth	the floor of a fireplace
hearthstone	a fireplace stone slab
heartily	with great enthusiasm
heartland	a central important region
heartless	lacking compassion
heartstrings	deep emotional feelings
heartthrob	an attractive admired person
heartwarming	making one feel happy
heartwood	a tree's dense inner wood
hearty	warm and enthusiastic
heated	made warm or angry
heater	a device that produces warmth
heath	open wild land
heathen	not following an established religion
heather	a small purple flowering shrub
heathland	open wild land
heating	the process of producing warmth
heatstroke	illness from extreme heat
heave	a strong pulling effort
heavenly	wonderful or divine
heavens	the sky or paradise
heaves	forceful pulling or vomiting
heaviness	the state of being heavy
heaving	lifting with great effort
heavyweight	a person of great influence
heckle	an interrupting mocking remark
heckler	someone who mocks a speaker
heckling	mocking interruption of a speaker
hectare	a unit of land area
hectic	extremely busy and rushed
hector	to bully or intimidate
hedge	a row of bushes
hedged	protected against loss
hedgehog	a small spiny mammal
hedgerow	a row of bushes
hedging	avoiding a firm commitment
hedonic	relating to pleasure
hedonism	the pursuit of pleasure
hedonist	someone who seeks pleasure
hedonistic	focused on pleasure seeking
heed	careful attention
heedless	not paying careful attention
heel	the foot's back part
heft	the weight of something
hefty	large and heavy
hegemon	a dominant leading power
hegemony	dominance over others
heifer	a young female cow
heighten	to make more intense
heightening	making more intense
heights	tall or elevated places
heinous	shockingly wicked
heir	someone who inherits property
heiress	a woman who inherits wealth
heirloom	a passed-down family item
heist	a robbery, especially organized
helical	shaped like a spiral
helicopter	a spinning-blade aircraft
heliocentric	centered on the sun
heliport	a landing area for helicopters
helium	a light balloon gas
helix	a spiral shape
hellcat	a fierce, troublesome woman
heller	a low-value coin
hellfire	the fire of hell
hellhole	an awful, unpleasant place
hellion	a mischievous, unruly person
hellish	extremely unpleasant
helm	the wheel steering a ship
helmet	a head-protecting hard hat
helmeted	wearing a helmet
helmsman	a ship's steerer
helpdesk	a service for solving problems
helper	a person who assists
helpfully	in a useful, assisting way
helpfulness	the quality of being useful
helpless	unable to help oneself
helplessly	in a powerless way
helplessness	a feeling of being powerless
hem	the folded edge of cloth
hematite	a reddish iron ore mineral
hematologic	relating to blood diseases
hematological	relating to blood study
hematology	the study of blood
hematoma	a bruise-like pool of blood
hematopoietic	producing blood cells
heme	the iron part of hemoglobin
hemisphere	half of a globe
hemispheric	relating to a half-globe region
hemispherical	shaped like half a sphere
hemlock	a poisonous plant
hemodialysis	machine filtering of the blood
hemodynamic	relating to blood flow
hemoglobin	an oxygen-carrying blood protein
hemolysis	the breakdown of blood cells
hemolytic	causing blood cell breakdown
hemophilia	a disorder preventing blood clotting
hemorrhage	heavy, uncontrolled bleeding
hemorrhagic	involving heavy bleeding
hemorrhoid	a swollen anal vein
hemostasis	the stopping of bleeding
hemp	a tough plant fiber
hen	a female chicken
henceforth	from this point onward
henchman	a criminal's loyal follower
henhouse	a shelter for chickens
henna	a reddish plant dye
hep	fashionably aware and informed
heparin	a clot-preventing drug
hepatic	relating to the liver
hepatitis	inflammation of the liver
herald	a person announcing important news
heralded	widely praised in advance
heraldic	relating to coats of arms
heraldry	the design of family crests
herb	a flavoring plant
herbaceous	relating to soft, leafy plants
herbal	made from plants
herbalist	someone who treats with plants
herbarium	a collection of dried plants
herbicide	a chemical that kills weeds
herbivore	a plant-only eater
herbivorous	feeding only on plants
herculean	needing great strength or effort
herd	a group of grazing animals
herder	a person who tends animals
herdsman	a man who tends livestock
hereabouts	somewhere near this place
hereafter	life after death
hereby	by this statement or act
hereditary	passed down from parents
heredity	trait passing to offspring
herein	in this document
hereinafter	later in this document
hereof	of this thing being discussed
heresy	a belief against accepted teaching
heretic	a forbidden-belief holder
heretical	going against accepted belief
hereto	to this document or matter
heretofore	up until now
hereunder	below in this document
herewith	together with this
heritable	able to be inherited
herm	a head-carved pillar
hermaphrodite	having both sexes' traits
hermeneutic	relating to interpreting texts
hermeneutics	the study of interpreting texts
hermetic	completely sealed and airtight
hermetically	in a completely sealed way
hermit	one living alone
hermitage	a hermit's secluded home
hernia	an organ pushing through muscle
herniation	an organ bulging through tissue
heroic	very brave and admirable
heroically	in a brave, admirable way
heroics	acts of great bravery
heroin	a highly addictive illegal drug
heroine	a brave female main character
heroism	great courage and bravery
heron	a long-legged wading bird
herpes	a viral infection causing sores
herring	a small silvery fish
herringbone	a zigzag woven pattern
hertz	a unit measuring frequency
hesitancy	reluctance to act or decide
hesitant	unsure and slow to act
hesitantly	in an unsure, cautious way
hesitate	to pause before acting
hesitating	pausing uncertainly
hesitation	a pause before acting
hessian	a coarse woven fabric
het	strongly enthusiastic or excited
heterocyclic	a mixed-atom ring shape
heterodox	differing from accepted belief
heterogeneity	a mix of different kinds
heterogeneous	made of different kinds
heterosexual	attracted to the opposite sex
heterosexuality	attraction to the opposite sex
heterozygous	having two different gene forms
heuristic	helping to discover or learn
hew	to chop with force
hewn	cut or shaped by chopping
hex	relating to a magic curse
hexadecimal	using a base-sixteen number system
hexagon	a six-sided shape
hexagonal	having six sides
hexane	a flammable liquid chemical
heyday	a time of greatest success
hiatus	a pause in activity
hibachi	a small charcoal grill
hibernate	to sleep through winter
hibernating	sleeping through the winter
hibernation	a winter-long sleep state
hibiscus	a large tropical flower
hiccup	a sudden involuntary breathing spasm
hick	unsophisticated or rural
hickey	a skin suck mark
hickory	a hardwood nut tree
hideaway	a private, secluded place
hideous	extremely ugly
hideously	in an extremely ugly way
hideout	a secret hiding place
hie	to hurry quickly
hierarchical	arranged by rank or level
hierarchically	in ranked levels
hierarchy	a ranked system of levels
hieroglyphic	relating to picture writing
highball	a mixed alcoholic drink
highbrow	intellectually or culturally sophisticated
highland	relating to hilly, mountainous land
highlife	a lively African music style
highlight	the best part
highlighter	a marker for emphasizing text
highlighting	marking text for emphasis
highness	a title for royalty
highschool	a school for teenagers
highwayman	a robber who attacks travelers
hijab	a muslim headscarf
hijack	forceful vehicle seizure
hijacker	someone who seizes a vehicle
hijacking	seizing a vehicle by force
hijinks	playful mischief or pranks
hike	a long walk in nature
hiker	a long-trail walker
hiking	walking long distances outdoors
hilarious	extremely funny
hilariously	in an extremely funny way
hilarity	great amusement and laughter
hillbilly	a rural mountain person
hillock	a small hill
hillside	a hill's sloping side
hilltop	the top of a hill
hilly	having many hills
hilt	the handle of a sword
hin	an ancient liquid measure
hind	located at the back
hinder	slowing or blocking progress
hindering	getting in the way of
hindquarters	an animal's back part
hindrance	something that blocks progress
hindsight	understanding gained after the fact
hinge	a swinging joint
hint	a slight, indirect suggestion
hinterland	a remote far area
hipped	having a sloped roof
hippie	a peace-loving free spirit
hippies	people favoring peace and freedom
hippo	a large African river animal
hippocampus	a brain part for memory
hippodrome	an ancient racecourse arena
hippopotamus	a large African river animal
hippy	a peace-loving free spirit
hipster	a trendy, unconventional person
hipsters	trendy, unconventional people
hirsute	very hairy
hiss	a sharp, sibilant sound
hissing	making a sharp, sibilant sound
histamine	a chemical causing allergy symptoms
histidine	an amino acid in proteins
histogram	a data-frequency bar chart
histologic	relating to tissue structure
histological	relating to tissue study
histologically	in terms of tissue structure
histology	the study of body tissues
histone	a protein that packages DNA
historian	a person who studies history
historically	in terms of past events
historicism	a view stressing historical context
historiography	the study of writing history
histrionic	overly dramatic and exaggerated
histrionics	exaggerated, dramatic behavior
hitch	a small problem or delay
hitchhike	to travel by free rides
hitchhiker	a free-ride traveler
hither	to this place
hitherto	up until this point
hitless	without any hits
hitman	a person paid to kill
hitter	one who hits in sports
hive	a home for bees
hives	an itchy skin rash
hoagie	a long sandwich
hoar	covered with white frost
hoard	a hidden stockpile of goods
hoarder	someone who excessively collects things
hoarding	collecting and storing excessively
hoarse	rough and strained in voice
hoarsely	in a rough, strained voice
hoary	very old, often whitish gray
hoax	a deliberate trick or deception
hob	a stove cooking surface
hobbit	a small imaginary humanlike creature
hobble	an awkward limping walk
hobby	an activity done for pleasure
hobbyist	a person pursuing a hobby
hobgoblin	a mischievous, ugly imaginary creature
hobo	a homeless wanderer
hock	an animal leg joint
hod	a container for carrying bricks
hodgepodge	a messy mixture of things
hoe	a garden tool for digging
hog	a domestic pig
hogan	a traditional Navajo dwelling
hogg	a young sheep
hogwash	nonsense or foolish talk
hoist	a heavy-lifting device
hokey	corny and unconvincing
hokum	nonsense or false pretense
holder	something that holds an item
holdfast	a surface-gripping structure
holdout	one who refuses to agree
holdover	something remaining from before
holdup	a robbery or delay
holey	full of holes
holiness	the quality of being sacred
holistic	considering the whole
holla	a shout of greeting
hollandaise	a rich buttery sauce
holler	a loud shout
hollering	shouting loudly
hollow	empty inside
holly	a spiky evergreen shrub
holocaust	a mass destruction of life
hologram	a 3d light image
holographic	relating to 3d light images
holography	3d image-making technique
holotype	a species-defining specimen
holster	a gun-carrying case
homage	a show of respect
hombre	a man, especially in slang
homburg	a stiff felt hat
homebody	prefers staying home
homebound	unable to leave home
homeboy	close friend from home
homebrew	beer made at home
homecoming	return to home or school
homegirl	close female friend from home
homegrown	grown or made locally
homeland	one's native country
homeless	without a place to live
homelessness	having no home
homely	plain and unattractive
homemade	made at home, not bought
homemaker	a person managing a household
homemaking	managing a household
homeopathic	treating with tiny doses
homeopathy	a system of alternative medicine
homeostasis	the body's internal balance
homeostatic	maintaining internal balance
homeowner	owns a house
homepage	main page of a website
homer	a home run in baseball
homeroom	a school class base group
homesick	longing for one's home
homesickness	longing for one's home
homespun	simple and plain, often handmade
homestead	a family's house and land
homestretch	the final part of something
hometown	town where one grew up
homeward	heading toward home
homework	school tasks done outside class
homey	cozy and comfortable
homicidal	inclined to kill someone
homicide	the killing of a person
homily	short moral talk
homing	able to find its way home
hominid	relating to early humans
homo	an early human ancestor genus
homoerotic	depicting same-sex attraction
homogeneity	sameness throughout
homogeneous	the same throughout
homogenization	the process of making uniform
homogenized	made uniform throughout
homogenous	the same throughout
homologous	corresponding in structure or origin
homology	similarity due to shared origin
homomorphism	a structure-preserving mapping
homonymous	having same name or sound
homophobe	dislikes gay people
homophobia	dislike of gay people
homophobic	showing dislike of gay people
homosexual	attracted to the same sex
homosexuality	attraction to the same sex
homozygous	having two identical gene forms
homunculus	a tiny imagined human figure
honcho	a person in charge
hone	a tool for sharpening blades
honesty	truthfulness and sincerity
honeybee	a bee that makes honey
honeycomb	wax hexagonal cell structure
honeydew	a sweet pale green melon
honeyed	sweet and flattering
honeymoon	a trip after a wedding
honeypot	a disguised trap
honeysuckle	a fragrant flowering vine
honk	a loud horn sound
honky	slang for white person
honorable	deserving respect and honor
honorably	in a respectable, honest way
honorarium	a payment for voluntary services
honorary	given as an honor
honored	given special respect
honoree	a person being honored
honorific	showing respect or high status
honoring	showing respect or keeping promise
honourable	deserving respect and honor
honourably	in a respectable, honest way
honoured	given special respect
honouring	showing respect or keeping promise
honours	special awards or recognition
hooch	homemade or illegal liquor
hood	a covering for the head
hoodlum	a violent, troublesome young person
hoodoo	a folk magic tradition
hoof	hard foot of an animal
hoofed	having hooves
hookah	a water pipe for smoking
hooked	strongly attracted or addicted
hooker	person who fishes with hooks
hooking	catching something with a hook
hooks	curved devices for catching things
hookup	a casual romantic encounter
hookworm	a parasitic worm in intestines
hooky	skipping school without permission
hooligan	a violent, unruly troublemaker
hooliganism	violent, unruly behavior
hooman	playful term for human
hoop	a circular band or ring
hoopla	excited fuss or excitement
hoops	the sport of basketball
hooray	a shout of joy
hoot	an owl's cry
hooter	something making loud sound
hoover	to vacuum clean
hopeful	feeling optimistic about the future
hopeless	without any hope
hopelessly	in a hopeless, desperate way
hopelessness	a lack of hope
hopper	a container for loading materials
hops	flower flavoring beer
hopscotch	a children's jumping game
horde	a large, disorderly crowd
horizon	line where sky meets land
horizontal	flat and level
horizontally	in a flat, side-to-side direction
hormonal	relating to body chemical messengers
hormone	chemical messenger in body
horn	pointed growth on animal
horned	having horns
hornet	a large stinging wasp
horny	sexually aroused
horoscope	prediction from star signs
horrendous	extremely bad or shocking
horribly	in a terrible way
horrid	very unpleasant
horrific	shockingly terrible
horrified	feeling shock and disgust
horrify	to shock and disgust
horrifying	extremely shocking
horrifyingly	in a shocking way
horseback	on a horse
horsehair	hair from a horse
horseman	a man who rides horses
horsemanship	skill in riding horses
horseplay	rough, silly fooling around
horsepower	unit of engine power
horseradish	a spicy root vegetable
horseshit	nonsense
horseshoe	a metal shoe for horses
horseshoes	a game tossing metal horseshoes
horst	a raised block of land
horticultural	relating to growing plants
horticulture	growing plants and gardens
horticulturist	someone who studies growing plants
hosanna	a shout of praise
hose	a flexible tube for water
hosiery	stockings and socks
hospice	care home for the dying
hospitable	friendly and welcoming
hospitalisation	being kept in a hospital
hospitality	friendly treatment of guests
hospitalization	being kept in a hospital
hostage	a captive held for demands
hostel	cheap lodging for travelers
hostess	a woman who welcomes guests
hostile	unfriendly and aggressive
hostilities	acts of war
hostility	unfriendly, aggressive behavior
hotbed	place something grows fast
hotdog	a sausage in a bun
hotelier	someone who runs a hotel
hothead	a person who acts rashly
hothouse	a heated greenhouse
hotline	a direct phone line
hotly	with strong feeling
hotness	the quality of being hot
hotpot	a simmering stew dish
hotshot	a very skilled, showy person
hotspot	a popular or active place
hotspur	a reckless, hot-tempered person
hound	a hunting dog
hourglass	a timer with falling sand
hourly	happening every hour
houseboat	boat used as home
housebound	unable to leave home
housebreaking	breaking into a house
housecleaning	cleaning a house
houseful	enough to fill a house
houseguest	a visitor staying over
householder	owner of a home
housekeeper	paid house cleaner
housekeeping	the running of a household
housemaid	a female house servant
houseman	a junior hospital doctor
housemate	someone you share home with
houseplant	a plant grown indoors
housewarming	party for new home
housewife	a woman managing a home
housework	chores of running a home
hovel	a small, dirty dwelling
hover	to float in one place
hoverboard	a self-balancing electric board
hovercraft	vehicle gliding on air
howdy	an informal greeting
howitzer	a short cannon
howl	a long, wailing cry
howler	a foolish, glaring mistake
howling	loudly wailing
hoy	a call to get attention
hoya	a waxy-leaved climbing plant
hub	a central point of activity
hubbub	loud noise and confusion
hubby	a husband
hubris	excessive pride
huck	a coarse cotton fabric
huckleberry	a small dark wild berry
huckster	a pushy seller of goods
huddle	a close, crowded group
huddled	crowded closely together
hue	a shade of color
huff	a fit of annoyance
huffing	breathing heavily in anger
huffy	easily annoyed
hug	a warm embrace
hugely	to a very great degree
hugger	someone who hugs
hugging	embracing warmly
hula	a swaying Hawaiian dance
hulk	large bulky person or wreck
hulking	very large and bulky
hull	outer covering of ship
hullabaloo	a loud uproar
hullo	a greeting, hello
hum	a low, steady sound
humane	kind and merciful
humanely	in a kind, merciful way
humanism	belief centered on human values
humanist	valuing human values over religion
humanistic	focused on human values
humanitarian	concerned with human welfare
humanitarianism	concern for human welfare
humanities	subjects studying human culture
humanize	make more kind and personal
humankind	all people
humanly	within human ability
humanoid	shaped like a human
humble	modest, not proud
humbled	made to feel less important
humbleness	the quality of being modest
humbling	making one feel modest
humbly	in a modest way
humbug	nonsense or a fraud
humdrum	dull and ordinary
humerus	the upper arm bone
humic	relating to decayed plant matter
humid	damp and moist air
humidifier	device adding moisture to air
humidity	moisture in the air
humiliate	to make someone feel ashamed
humiliated	made to feel deeply ashamed
humiliating	causing deep shame
humiliation	a deep feeling of shame
humility	the quality of being modest
hummer	something that hums
humming	making a low, steady sound
hummingbird	a tiny, fast-flying bird
hummus	a chickpea dip
humongous	extremely large
humor	the quality of being funny
humoral	relating to bodily fluids
humorist	a writer of funny works
humorless	lacking any sense of fun
humorous	funny and amusing
humorously	in a funny way
humour	the quality of being funny
humourous	funny and amusing
hump	a rounded bulge
humpback	whale with curved back
humped	having a rounded bulge
humus	decayed plant matter in soil
hunch	a gut feeling
hunchback	person with curved back
hunched	bent forward stiffly
hundredth	the item after ninety-nine others
hunger	a strong desire for food
hungover	feeling sick after drinking
hungrily	with strong desire to eat
hunk	a large piece
hunker	to crouch down low
hunted	chased and pursued
huntress	a woman who hunts
huntsman	a man who hunts
hurdle	an obstacle to overcome
hurdler	an athlete who jumps hurdles
hurdles	a racing event with barriers
hurdling	jumping over barriers
hurl	a forceful throw
hurling	an Irish stick-and-ball sport
hurrah	a shout of joy
hurricane	a powerful tropical storm
hurried	done quickly and rushed
hurriedly	in a rushed way
hurry	quick, urgent movement
hurrying	moving quickly and urgently
hurtful	causing emotional pain
hurting	feeling pain
hurtle	to move very fast
husbandry	careful management of resources
hush	a sudden silence
hushed	very quiet
husk	dry outer covering of seed
husky	deep and rough sounding
hussar	a light cavalry soldier
hussy	a bold, improper woman
hustings	the process of political campaigning
hustle	energetic, busy effort
hustler	someone who hustles for money
hut	a small, simple shelter
hutch	a small cage for animals
hyacinth	a fragrant flowering plant
hyaline	clear and glassy
hybrid	made from two different things
hybridisation	mixing two different types
hybridization	mixing two different types
hydra	a many-headed mythical serpent
hydrangea	shrub with round flower clusters
hydrant	street water outlet
hydrate	a chemical compound with water
hydrated	having enough body water
hydration	having enough body water
hydraulic	powered by liquid pressure
hydraulically	using liquid pressure power
hydraulics	the science of liquid-powered machinery
hydrazine	a toxic chemical fuel compound
hydride	a compound of hydrogen
hydrocarbon	compound of hydrogen and carbon
hydrocephalus	fluid buildup in the brain
hydrochloride	a chemical salt compound
hydrocortisone	a steroid medicine
hydrodynamic	relating to moving liquids
hydrodynamics	the study of moving liquids
hydroelectric	generating power from flowing water
hydrofoil	boat lifting above water
hydrogel	a water-absorbing gel
hydrogen	a light, flammable gas
hydrogenation	adding hydrogen to a substance
hydrographic	relating to mapping water bodies
hydrography	study of mapping water
hydrology	study of water on earth
hydrolysis	breaking down by water
hydrophilic	attracting water
hydrophobic	repelling water
hydroponic	growing plants without soil
hydroponics	growing plants without soil
hydrostatic	relating to still liquid pressure
hydrotherapy	treatment using water
hydroxide	compound with oxygen and hydrogen
hydroxy	containing a hydrogen-oxygen group
hydroxyl	a hydrogen-oxygen chemical group
hyena	a wild, dog-like scavenger
hygiene	practices for staying clean
hygienic	clean and free of germs
hygienist	a person who cleans teeth
hygroscopic	absorbing moisture from air
hymen	thin membrane at vagina's opening
hymn	a religious song of praise
hymnal	a book of religious songs
hyoid	relating to a throat bone
hype	excited attention and promotion
hyperactive	overly energetic and restless
hyperactivity	excessive energy and restlessness
hyperbola	a curved mathematical shape
hyperbole	obvious exaggeration
hyperbolic	greatly exaggerated
hyperglycemia	too much blood sugar
hyperlink	clickable webpage link
hypermarket	a very large supermarket
hyperpigmentation	darkened patches of skin
hyperplasia	excessive growth of body tissue
hypersensitive	overly sensitive to things
hypersensitivity	being overly sensitive
hypertension	high blood pressure
hypertensive	having high blood pressure
hypertext	linked digital text
hyperthermia	dangerously high body temperature
hyperthyroidism	an overactive thyroid gland
hypertrophy	enlargement of a body part
hyperventilate	to breathe too fast
hyperventilation	very fast, heavy breathing
hyphen	a short connecting dash
hypnosis	a trance-like, suggestible state
hypnotherapy	therapy using hypnosis
hypnotic	causing a trance-like state
hypnotised	put into a trance
hypnotism	the practice of inducing trances
hypnotist	someone who hypnotizes people
hypnotize	to put into a trance
hypnotized	put into a trance
hypo	short for hypodermic needle
hypochlorite	a bleach-related chemical compound
hypochondriac	overly worried about being sick
hypocrisy	saying one thing, doing another
hypocrite	acts against own words
hypocritical	acting against claimed beliefs
hypocritically	in a two-faced way
hypodermic	relating to injections under skin
hypoglycemia	too little blood sugar
hypoglycemic	having too little blood sugar
hypogonadism	underactive reproductive glands
hyponatremia	too little blood salt
hypoplasia	underdevelopment of body tissue
hypotension	low blood pressure
hypotensive	having low blood pressure
hypotenuse	longest side of right triangle
hypothalamic	relating to brain control region
hypothalamus	brain region controlling body functions
hypothermia	dangerously low body temperature
hypothermic	suffering very low body temperature
hypothesis	an educated guess to test
hypothesize	to propose an educated guess
hypothetical	imagined, not necessarily real
hypothetically	as an imagined possibility
hypothyroidism	an underactive thyroid gland
hypoxia	too little body oxygen
hysterectomy	surgical removal of the womb
hysteresis	lag in system response
hysteria	uncontrollable emotional excitement
hysteric	someone prone to wild emotion
hysterical	uncontrollably emotional or funny
hysterically	in an uncontrollably emotional way
hysterics	a fit of uncontrollable emotion
iambic	a rhythmic poetic pattern
ibex	a wild mountain goat
ibis	a long-legged wading bird
ibuprofen	a common pain-relief medicine
iceberg	huge floating ice piece
icebox	an old-fashioned refrigerator
icebreaker	ship cutting through ice
icecream	a frozen sweet dessert
icehouse	a building for storing ice
iceman	a person who delivers ice
icicle	a hanging spike of ice
icing	sweet coating on a cake
icky	unpleasant or gross
icon	widely admired symbol
iconic	widely recognized and admired
iconoclasm	the challenging of accepted beliefs
iconoclast	someone who challenges accepted ideas
iconoclastic	challenging traditional beliefs
iconography	images representing something
icy	very cold, covered in ice
idealised	shown as better than reality
idealism	pursuit of high ideals
idealist	someone who pursues high ideals
idealistic	believing in high, perfect ideals
idealization	viewing something as perfect
idealize	to view as perfect
idealized	viewed as better than reality
ideally	in a perfect situation
ideation	the forming of ideas
identical	exactly the same
identically	in exactly the same way
identifiable	able to be recognized
identification	proof of who someone is
identifier	something that marks identity
ideological	relating to a belief system
ideologically	based on a belief system
ideologue	strong believer in ideas
ideology	a system of beliefs
ides	middle day of Roman month
idiocy	extreme foolishness
idiom	phrase with special meaning
idiomatic	using natural, common phrases
idiopathic	of unknown cause
idiosyncratic	unusually personal or quirky
idiotic	extremely foolish
idle	not active or working
idleness	the state of not working
idler	a lazy, inactive person
idling	running without doing work
idly	without purpose or effort
idol	someone greatly admired
idolatrous	worshipping something excessively
idolatry	excessive worship of something
idolize	to admire greatly
idolized	greatly admired
idyll	a peaceful, charming scene
idyllic	peaceful and picture-perfect
iffy	uncertain or doubtful
igloo	a dome-shaped snow house
igneous	formed from cooled volcanic rock
ignite	to set on fire
ignited	set on fire
igniter	device that starts fire
ignition	starting of fire or engine
ignoble	shameful and dishonorable
ignominious	humiliating and shameful
ignominy	public shame and disgrace
ignoramus	an ignorant person
ignorance	lack of knowledge
ignorant	lacking knowledge
ignorantly	without knowledge
ignored	deliberately not noticed
iguana	a large tropical lizard
ikon	a religious painted image
iliac	relating to the hip bone
ilium	upper part of hip bone
ilk	a particular type or kind
illegality	the state of being unlawful
illegally	against the law
illegible	impossible to read
illegitimacy	born out of wedlock
illegitimate	not lawfully recognized
illiberal	intolerant of other views
illicit	forbidden by law
illicitly	in a forbidden, unlawful way
illiteracy	inability to read or write
illiterate	unable to read or write
illogical	not making logical sense
illuminate	to light up
illuminated	lit up
illuminating	helping to explain or clarify
illumination	light shed on something
illusion	a false or misleading impression
illusionary	based on a false impression
illusionist	a performer of magic tricks
illusive	deceptive or misleading
illusory	not real, only seeming so
illustrate	explain with pictures
illustration	a picture accompanying text
illustrative	helping to explain something
illustrator	artist drawing pictures for text
illustrious	famous for great achievements
imagery	descriptive pictures made with words
imaginable	able to be imagined
imaginary	not real, made up
imagination	ability to form mental pictures
imaginative	full of creative ideas
imaginatively	in a creative way
imaging	making pictures of something
imago	fully grown adult insect
imam	muslim worship leader
imbalance	lack of proper balance
imbalanced	not evenly balanced
imbecile	very foolish or stupid
imbibe	to drink something
imbibing	drinking something
imbue	to fill with a quality
imbued	filled with a quality
imitate	to copy someone's actions
imitation	made to look original
imitative	copying something else
imitator	someone who copies others
immaculate	perfectly clean and neat
immaculately	in a perfectly clean way
immanent	existing within something
immaterial	not important
immature	behaving in a childish way
immaturity	childish behavior
immeasurable	too large to measure
immeasurably	to an enormous extent
immediacy	quality of happening at once
immemorial	from long ago, forgotten origin
immense	extremely large
immensely	to a very great degree
immensity	huge size or extent
immerse	to involve deeply in something
immersion	deep involvement in something
immigrant	person moving to new country
immigrate	move to new country
imminent	about to happen soon
imminently	very soon
immobile	unable to move
immobility	state of not moving
immobilization	act of preventing movement
immobilize	to stop something from moving
immodest	not humble or shy
immolation	act of sacrificing by fire
immoral	not following good moral standards
immorality	behavior that is not moral
immortal	living forever
immortality	ability to live forever
immortalize	to make someone remembered forever
immovable	unable to be moved
immune	protected from a disease
immunisation	process of becoming immune
immunity	protection from disease
immunization	act of making someone immune
immunize	to make someone immune
immunized	made protected against disease
immunoassay	test detecting substances using antibodies
immunocompromised	having a weakened immune system
immunodeficiency	weakened ability to fight disease
immunofluorescence	glowing markers detecting cells
immunogenicity	ability to trigger immune response
immunoglobulin	protein that fights infection
immunohistochemistry	method detecting proteins in tissue
immunologic	relating to the immune system
immunological	relating to the immune system
immunologist	scientist studying the immune system
immunology	study of the immune system
immunosuppression	weakening of the immune system
immunosuppressive	reducing immune system activity
immunotherapy	treatment boosting the immune system
immutability	quality of never changing
immutable	unable to be changed
imp	a mischievous small creature
impacted	strongly affected by something
impair	to weaken or damage something
impaired	weakened or damaged
impairment	a weakness or disability
impala	african antelope
impale	to pierce with something sharp
impart	to give or share information
impartial	treating everyone fairly
impartiality	fairness to all sides
impartially	in a fair, unbiased way
imparting	giving or sharing something
impassable	unable to be traveled through
impasse	a situation with no solution
impassioned	full of strong emotion
impassive	showing no emotion
impatience	lack of patience
impatient	unwilling to wait calmly
impatiently	in an unwilling-to-wait way
impeach	to formally accuse an official
impeachment	formal accusation of an official
impeccable	without any flaws
impeccably	in a flawless way
impedance	resistance to electrical current
impede	to slow down or block
impeded	slowed down or blocked
impediment	something that blocks progress
impeding	blocking or slowing down
impel	to push someone into action
impelled	pushed into taking action
impeller	a device that pushes fluid
impending	about to happen soon
impenetrable	impossible to get through
imperative	extremely important or urgent
imperceptible	too slight to be noticed
imperceptibly	in a barely noticeable way
imperfect	not perfect, flawed
imperfection	a flaw or fault
imperfectly	in a flawed way
imperial	relating to an empire
imperialism	expanding a nation's power
imperialist	supporting expansion of power
imperialistic	relating to expanding power
imperil	to put in danger
imperious	arrogantly bossy
imperishable	unable to decay or spoil
imperium	absolute power or rule
impermanence	quality of not lasting
impermanent	not lasting forever
impermeable	not allowing liquid through
impermissible	not allowed
impersonal	lacking warmth or personal feeling
impersonate	pretend to be someone else
impersonation	pretending to be someone
impersonator	someone who imitates another person
impertinence	rude disrespect
impertinent	rudely disrespectful
impervious	not affected by something
impetuous	acting hastily without thought
impetus	something that starts an action
impinge	to intrude on something
impingement	act of intruding on something
impinging	intruding upon something
impious	lacking religious respect
impish	mischievous in a playful way
implacable	unable to be calmed
implant	something placed inside the body
implantation	process of placing something inside
implanted	placed inside something
implausible	hard to believe
implement	tool used for a task
implemented	put into effect
implicate	to show someone was involved
implicated	shown involved in wrongdoing
implication	something suggested but not stated
implicit	understood without being stated
implicitly	in an unstated way
implode	to collapse inward suddenly
implore	to beg earnestly
imploring	begging earnestly
implosion	sudden collapse inward
imply	to suggest without saying directly
impolite	not showing good manners
import	goods brought from another country
importantly	in a significant way
importation	bringing goods from abroad
imported	brought in from another country
importer	brings in foreign goods
importing	bringing goods from another country
impose	to force something upon others
imposed	forced upon someone
imposing	impressively large or grand
imposition	forcing something on someone
impossibility	something that cannot happen
impossibly	to an unbelievable degree
impost	a tax or duty
imposter	pretends to be someone else
impostor	pretends to be someone else
impotence	inability to take effective action
impotent	lacking power or ability
impound	to seize and hold legally
impounding	seizing and holding legally
impoundment	act of seizing property
impoverished	made very poor
impoverishment	state of becoming very poor
impracticable	not able to be done
impractical	not sensible or workable
imprecise	not exact
impregnable	unable to be captured
impregnate	to make pregnant
impregnation	act of making pregnant
impresario	organizer of entertainment events
impress	a mark left by pressing
impressionable	easily influenced
impressionist	painting with visible brushstrokes
impressionistic	giving a general feeling
impressively	in a way inspiring admiration
imprimatur	official approval or authorization
imprint	a lasting mark or influence
imprinting	forming a lasting mark
imprison	to put in jail
imprisoned	held in jail
imprisonment	being held in jail
improbability	unlikeliness of something happening
improbable	unlikely to be true
improbably	in an unlikely way
impromptu	done without preparation
improper	not suitable or correct
improperly	in an incorrect way
impropriety	improper or dishonest behavior
improver	something that makes better
improvisation	something created without planning
improvise	to create something without planning
improvised	made up on the spot
imprudent	not wise or careful
impudence	bold disrespect
impudent	boldly disrespectful
impugn	to challenge someone's honesty
impulse	a sudden urge to act
impulsive	acting suddenly without thinking
impulsively	acting suddenly without thinking
impulsiveness	tendency to act without thinking
impunity	freedom from punishment
impure	mixed with unwanted substances
impurity	an unwanted substance mixed in
imputation	suggestion of blame
inability	lack of ability
inaccessibility	being hard to reach
inaccessible	hard or impossible to reach
inaccuracy	a mistake or error
inaccurate	not correct
inaccurately	in an incorrect way
inaction	failure to act
inactivate	to stop something from working
inactivation	process of stopping something's function
inactive	not active or working
inactivity	lack of activity
inadequacy	not being good enough
inadequate	not good enough
inadequately	in an insufficient way
inadmissible	not allowed to be accepted
inadvertent	not done on purpose
inadvertently	without meaning to
inadvisable	not a good idea
inalienable	unable to be taken away
inane	silly and pointless
inanimate	not alive
inapplicable	not relevant
inappropriate	not suitable for the situation
inappropriately	in an unsuitable way
inarticulate	unable to express oneself clearly
inattention	failure to pay attention
inattentive	not paying attention
inaudible	unable to be heard
inaugural	marking the beginning of something
inaugurate	to formally begin something
inauguration	ceremony marking an official start
inauspicious	suggesting a bad start
inauthentic	not genuine
inboard	located inside a vehicle
inborn	present from birth
inbound	traveling toward a place
inbred	resulting from closely related parents
inbreeding	breeding between close relatives
inbuilt	built in from the start
incalculable	too great to be measured
incandescent	glowing with heat
incantation	words spoken as magic spell
incapable	not able to do something
incapacitate	to make unable to function
incapacitated	made unable to function
incapacitating	causing inability to function
incapacity	lack of ability
incarcerate	to put in prison
incarceration	imprisonment
incarnate	existing in bodily form
incarnation	a living embodiment of something
incase	to enclose or cover
incendiary	designed to start fires
incense	fragrant smoke from burning material
incensed	very angry
incentive	something that motivates action
inception	the beginning of something
incessant	continuing without stopping
incessantly	without ever stopping
incest	sexual relations between close relatives
incestuous	involving close relatives improperly
inchoate	just beginning, not fully formed
incidence	rate at which something occurs
incidental	happening as a minor part
incidentally	by the way
incinerate	to burn completely to ashes
incineration	act of burning something completely
incinerator	device for burning waste
incipient	just beginning to happen
incised	cut with a sharp tool
incision	a surgical cut
incisive	sharp and clear in thinking
incisor	a front cutting tooth
incite	stir up trouble
incitement	act of provoking trouble
incivility	rude or impolite behavior
inclement	rough or stormy weather
inclination	a tendency or preference
incline	an upward or downward slope
inclined	tending or leaning toward something
inclusion	act of including something
inclusive	including everyone or everything
incognito	with one's identity hidden
incoherence	lack of clear logical connection
incoherent	not making clear sense
incoherently	in a confused, unclear way
incoming	arriving or coming in
incommunicado	unable to communicate with others
incomparable	beyond comparison, unmatched
incomparably	to an unmatched degree
incompatibility	inability to exist together well
incompatible	unable to exist together well
incompetence	lack of skill or ability
incompetency	lack of necessary skill
incompetent	not having enough skill
incomplete	not finished or whole
incompletely	not fully or entirely
incompleteness	state of being unfinished
incomprehensible	impossible to understand
incomprehension	failure to understand
incompressible	unable to be squeezed smaller
inconceivable	impossible to imagine
inconclusive	not leading to a result
incongruent	not matching or fitting together
incongruity	a mismatch between things
incongruous	out of place
inconsequential	not important
inconsiderable	not worth considering, small
inconsiderate	not thinking of others' feelings
inconsistency	lack of steady agreement
inconsistent	not staying the same
inconsistently	in a varying, unsteady way
inconsolable	unable to be comforted
inconspicuous	not easily noticed
inconstant	changing often, not steady
incontinence	inability to control bodily functions
incontinent	unable to control bodily functions
incontrovertible	impossible to deny
inconvenience	a problem or difficulty caused
inconvenient	causing trouble or difficulty
inconveniently	in a troublesome way
incorporate	joined into one body
incorporated	formed into a legal company
incorporation	forming into one body
incorporeal	without a physical body
incorrect	not right or true
incorrectly	in a wrong way
incorrigible	unable to be reformed
incorruptible	unable to be bribed
incredulity	disbelief
incredulous	unable to believe something
incredulously	with disbelief
increment	a small increase
incremental	increasing in small steps
incriminate	to show evidence of guilt
incriminating	showing evidence of guilt
incrimination	act of showing someone's guilt
incubate	keep eggs warm to hatch
incubation	period developing before hatching
incubator	device keeping something warm
incubus	a demon in folklore
inculcate	to teach by repeated instruction
incumbency	period of holding an office
incumbent	currently holding an office
incur	to bring upon oneself
incurable	unable to be cured
incurring	bringing something upon oneself
incursion	a sudden invasion or raid
indebted	owing gratitude or money
indebtedness	owing money or gratitude
indecency	behavior that is offensive
indecent	offensive to accepted standards
indecently	in an offensive way
indecipherable	impossible to read or understand
indecision	inability to decide
indecisive	unable to make decisions
indecisiveness	inability to make decisions
indefatigable	never getting tired
indefensible	unable to be justified
indefinable	impossible to describe exactly
indefinite	not clearly defined or limited
indefinitely	unknown length of time
indelible	unable to be removed
indelibly	in a permanent, unforgettable way
indemnification	compensation for loss or damage
indemnify	compensate for loss
indemnity	protection against financial loss
indent	notch at the start
indentation	a notch or recessed mark
indenture	a formal legal contract
indentured	bound by work contract
independently	without relying on others
indescribable	too extreme for words
indescribably	in a way beyond words
indestructible	unable to be destroyed
indeterminacy	lack of a fixed outcome
indeterminate	not exactly known or fixed
indexation	adjusting values by an index
indexer	organizes an index
indexing	organizing information for easy reference
indication	a sign showing something
indicative	showing or suggesting something
indicator	sign showing something
indict	formally charge with crime
indictable	deserving formal criminal charges
indictment	a formal criminal charge
indie	independently made, not mainstream
indifference	lack of interest or concern
indifferent	not caring either way
indifferently	without caring or interest
indigenous	native to a place
indigent	very poor
indigestible	hard to digest
indigestion	discomfort after eating
indignant	angry over unfair treatment
indignantly	in an angry, offended way
indignation	anger at unfair treatment
indignity	a humiliating experience
indigo	deep blue-purple in color
indirect	not going straight
indirectly	in a roundabout way
indiscipline	lack of self-control or order
indiscreet	careless about revealing secrets
indiscretion	a careless mistake or slip
indiscriminate	done without careful thought
indiscriminately	without careful distinction
indispensable	absolutely necessary
indisposed	slightly unwell
indisputable	impossible to deny
indistinct	not clear or sharp
indistinctly	unclearly
indistinguishable	impossible to tell apart
indium	a soft metallic element
individualised	made to suit one person
individualism	valuing personal independence
individualist	favoring personal independence
individualistic	stressing personal independence
individuality	qualities making someone unique
individualized	made to suit one person
individually	one at a time
individuation	becoming a distinct individual
indivisible	unable to be split apart
indoctrinate	teach beliefs uncritically
indoctrination	forced teaching of one-sided beliefs
indole	a smelly organic compound
indolence	laziness
indolent	lazy and avoiding effort
indomitable	impossible to defeat
indoor	inside a building
indoors	inside a building
indubitably	without any doubt
induce	to bring about or cause
induced	brought about by something else
inducement	something offered to persuade
inducer	something that causes or triggers
inducing	the causing of something
induct	formally admit into group
inductance	property resisting current change
inductee	newly admitted to group
induction	formal admission into a group
inductive	reasoning from specific to general
inductor	a coil storing electrical energy
indulge	to allow oneself a pleasure
indulgence	something enjoyed as a treat
indulgent	allowing pleasures too freely
indulging	giving in to a pleasure
industrialisation	growth of industry
industrialised	having many factories and industry
industrialist	an owner of large industries
industrialization	growth of industry
industrialized	having many factories and industry
industrially	in a factory-based way
industrious	hardworking
indwelling	placed inside the body
inebriated	drunk
inebriation	the state of being drunk
inedible	not fit to eat
ineffable	too great for words
ineffective	not producing the desired result
ineffectiveness	failure to work well
ineffectual	failing to achieve its purpose
inefficiency	wasteful use of effort
inefficient	wasting time or resources
inefficiently	in a wasteful way
inelastic	not able to stretch easily
inelegant	lacking grace or style
ineligibility	not qualified to take part
ineligible	not qualified to take part
inept	lacking skill
ineptitude	lack of skill
inequality	unfair difference between things
inequitable	unfair
inequity	unfairness
inert	not moving or reacting
inertia	resistance to change or motion
inertial	relating to resistance to motion
inescapable	impossible to avoid
inescapably	unable to be avoided
inestimable	too great to measure
inevitability	the certainty of something happening
inevitable	certain to happen
inevitably	as is certain to happen
inexact	not precise
inexcusable	impossible to justify
inexhaustible	never running out
inexorable	impossible to stop
inexorably	in an unstoppable way
inexpensive	cheap
inexpensively	at low cost
inexperience	lack of skill or knowledge
inexperienced	lacking skill or knowledge
inexplicable	impossible to explain
inexplicably	unable to be explained
inexpressible	too strong for words
inextricable	impossible to separate
inextricably	impossible to separate
infallibility	never being wrong
infallible	never wrong
infamous	well known for something bad
infamy	a bad reputation
infancy	earliest stage of life
infant	a very young child
infanticide	the killing of a baby
infantile	childish
infantry	soldiers who fight on foot
infantryman	soldier fighting on foot
infarct	dead tissue from blocked blood
infarction	tissue death from blocked blood
infatuated	obsessively attracted to someone
infatuation	an intense but short-lived passion
infeasible	not able to be done
infect	to spread disease into
infected	contaminated with disease
infectious	able to spread disease easily
infective	capable of causing infection
infer	to work out from evidence
inference	a conclusion reached from evidence
inferential	based on reasoning from evidence
inferior	lower in quality or rank
inferiority	being lower in quality
infernal	relating to hell
inferno	a huge, raging fire
infertile	unable to have children
infertility	inability to have children
infest	spread in large numbers
infestation	an overrun of pests
infidel	rejects a religion
infidelity	being unfaithful to a partner
infield	inner baseball diamond area
infielder	player near the infield
infighting	conflict within a group
infiltrate	to secretly enter a group
infiltration	secret entry into group
infiltrator	secretly joins a group
infinite	endless
infinitely	to an endless degree
infinitesimal	extremely tiny
infinitive	basic unconjugated verb form
infinity	an endless amount or space
infirm	weak from illness or age
infirmary	place treating the sick
infirmity	a physical weakness or illness
inflame	make worse or intense
inflamed	swollen and red from irritation
inflaming	making worse or angrier
inflammable	easily set on fire
inflammation	swelling and redness from injury
inflammatory	causing anger or swelling
inflatable	able to be filled with air
inflate	fill with air or gas
inflated	filled with air, or exaggerated
inflation	a general rise in prices
inflationary	tending to raise prices
inflected	changed in tone or form
inflection	change in voice tone
inflectional	relating to word-form changes
inflexibility	unwillingness to change
inflexible	unwilling to change
inflict	to cause someone to suffer
infliction	the causing of suffering
inflorescence	cluster of flowers
inflow	a flow coming in
influencer	shapes others' opinions
influential	having great effect on others
influenza	a contagious flu illness
influx	sudden arrival of many
infomercial	a long televised advertisement
inform	to tell someone facts
informal	casual and relaxed
informality	a casual, relaxed manner
informally	in a casual way
informant	gives secret information
informatics	the study of information systems
informational	giving useful facts
informative	giving useful information
informer	secretly reports on others
informing	telling someone facts
infotainment	entertainment mixed with information
infra	further below in a text
infraction	minor rule breaking
infrared	invisible heat radiation
infrequent	not happening often
infrequently	not often
infringe	break a rule or right
infringement	violation of a rule
infuriate	to make very angry
infuriated	made very angry
infuriating	extremely annoying
infuse	fill with quality or steep
infusion	liquid made by steeping
inga	a tropical tree genus
ingenious	very clever and original
ingeniously	in a very clever way
ingenue	naive young woman in film
ingenuity	cleverness and inventiveness
ingest	take into body by eating
ingestion	eating or absorbing
inglorious	shameful and without honor
ingot	a solid block of metal
ingrained	deeply fixed in habit
ingratiate	try to win favor
ingratiating	trying too hard to please
ingratitude	lack of thankfulness
ingredient	part of a recipe mixture
ingress	act of entering a place
ingroup	group one feels part of
ingrown	grown inward into the skin
inguinal	relating to the groin
inhabit	to live in a place
inhabitable	able to be lived in
inhabitant	person living in a place
inhabited	lived in by people
inhalation	the act of breathing in
inhale	to breathe in
inhaler	device for breathing medicine
inherent	natural part of something
inherently	as a basic, natural quality
inherit	to receive from a predecessor
inheritance	property passed down after death
inherited	passed down from before
inheriting	receiving something passed down
inheritor	receives an inheritance
inhibit	to hold back or prevent
inhibited	held back, especially emotionally
inhibition	feeling holding one back
inhibitor	substance slowing a process
inhibitory	tending to hold back
inhomogeneous	not uniform throughout
inhospitable	unwelcoming or harsh
inhuman	lacking normal human kindness
inhumane	cruel and lacking compassion
inhumanity	extreme cruelty
inimical	harmful or hostile
inimitable	impossible to copy
iniquitous	very unjust
iniquity	great injustice or sin
initialization	setting something up
initialize	set something up to begin
initiate	a newly admitted member
initiation	ceremony of joining a group
initiator	a person who starts something
inject	to force liquid into something
injectable	able to be injected
injection	act of injecting a substance
injector	device forcing in liquid
injunction	court order to stop action
injure	to physically harm
injurious	causing harm
injustice	unfair treatment
ink	colored liquid used for writing
inkling	a slight idea or suspicion
inkwell	a small container for ink
inky	very dark, like ink
inlaid	set into surface as decoration
inland	away from the coast
inlay	decoration set into a surface
inlet	narrow strip of water inland
inmate	a person held in prison
inmost	furthest inward
inn	small hotel with a pub
innards	the internal organs
innate	present from birth
innately	by nature, from birth
innermost	furthest inward
innervate	to supply with nerves
innervation	nerve supply to body part
inning	division of play in baseball
innings	division of play in cricket
innkeeper	runs a small inn
innocence	the state of being blameless
innocently	without meaning any harm
innocuous	harmless
innovate	introduce new ideas
innovative	introducing new ideas or methods
innovator	introduces new ideas
innuendo	an indirect, suggestive remark
innumerable	too many to count
inoculate	to give a protective vaccine
inoculation	a protective vaccine dose
inoculum	material introducing infection or culture
inoffensive	not causing offense
inoperable	unable to be treated by surgery
inoperative	not working
inopportune	badly timed
inordinate	far more than usual
inordinately	to an excessive degree
inorganic	not made of living matter
inositol	a natural sugar-like compound
inpatient	patient staying overnight
inquest	official investigation into death
inquire	to ask for information
inquirer	a person asking for information
inquiring	curious and questioning
inquiry	a request for information
inquisition	a harsh, intense investigation
inquisitive	eagerly curious
inquisitor	questions someone harshly
inquisitorial	relating to intense questioning
insanely	extremely
insanity	severe mental illness
insatiable	impossible to satisfy
inscribe	write or carve onto something
inscribed	written or carved on
inscription	words carved on something
inscrutable	impossible to understand or read
insect	a small six-legged creature
insecticide	a chemical that kills insects
insecure	lacking confidence
insecurity	lack of confidence
insemination	introducing sperm to fertilize
insensible	unable to feel or notice
insensitive	not caring about others' feelings
insensitivity	lack of care for feelings
inseparable	unable to be parted
insert	something placed inside another thing
insertion	act of putting something in
inset	small image within a larger one
inshore	close to the shore
insider	has special inside knowledge
insides	the internal parts of something
insidious	harmful in a hidden way
insidiously	in a gradual, hidden harmful way
insight	a clear understanding of something
insightful	showing clear understanding
insignia	badge showing rank
insignificance	lack of importance
insignificant	not important
insincere	not truly meant
insincerity	lack of genuine feeling
insinuate	to hint at something unpleasant
insinuating	hinting at something unpleasant
insinuation	an indirect, unpleasant hint
insipid	dull and lacking flavor
insist	to demand firmly
insistence	a firm demand
insistent	demanding firmly
insistently	in a firmly demanding way
insisting	firmly demanding something
insofar	to the extent that
insolation	exposure to the sun's rays
insole	inner sole of a shoe
insolence	rude, disrespectful behavior
insolent	rude and disrespectful
insoluble	unable to be dissolved
insolvency	unable to pay debts
insolvent	unable to pay one's debts
insomnia	inability to sleep
insomniac	unable to sleep normally
insomuch	to such an extent that
inspect	to examine closely
inspection	a close examination
inspector	an official who examines things
inspectorate	a body of official inspectors
inspirational	encouraging strong positive feeling
inspire	fill with desire to create
inspiring	filling others with enthusiasm
inst	of the current month
instability	lack of steadiness
instal	to set up for use
install	to set up for use
installation	setting something up
installing	setting something up for use
installment	one part of a payment series
instalment	one part of a payment series
instantaneous	happening immediately
instantaneously	immediately
instantiation	specific example from a general form
instantly	immediately
instar	stage in insect growth
instep	arched middle part of foot
instigate	to start or provoke something
instigation	the act of starting something
instigator	a person who starts trouble
instil	to gradually establish an idea
instill	to gradually establish an idea
instilling	gradually establishing an idea
instinct	acting from natural impulse
instinctive	done without conscious thought
instinctively	by natural impulse
institutional	relating to a large organization
institutionalised	placed permanently in an institution
institutionalize	make part of an official system
institutionalized	made normal part of a system
institutionally	in an official, organized way
instruct	to teach or direct someone
instruction	a directions or teaching
instructional	meant to teach something
instructive	helpful for learning
instructor	a person who teaches
instrument	a tool for a task
instrumental	very helpful in causing something
instrumentalist	plays a musical instrument
instrumentality	means of getting something done
instrumentation	a set of instruments
insubordinate	refusing to obey authority
insubordination	refusal to obey authority
insubstantial	not solid or real
insufferable	too unpleasant to bear
insufficiency	lack of enough of something
insufficient	not enough
insufficiently	not enough
insular	narrow-minded and closed off
insularity	a narrow, closed-off outlook
insulate	cover to block heat or sound
insulation	material blocking heat or sound
insulator	blocks electricity or heat
insulin	hormone controlling blood sugar
insult	a rude, offensive remark
insulting	rude and offensive
insurable	able to be insured
insure	protect with paid guarantee
insured	protected by an insurance policy
insurer	a company that provides insurance
insurgency	an armed rebellion
insurgent	rebelling against authority
insurmountable	impossible to overcome
insurrection	a violent uprising against authority
intact	whole and undamaged
intaglio	design carved into a surface
intake	an amount taken in
intangible	unable to be touched
integer	a whole number
integral	essential and necessary
integrally	in an essential, built-in way
integrate	to combine into a whole
integrated	combined into one whole
integrating	combining into a whole
integration	combining into a whole
integrative	bringing parts into a whole
integrator	combines parts into a whole
integrity	honesty and strong moral principles
intellect	ability to think and reason
intellectually	in a thoughtful, reasoning way
intelligent	able to learn and understand
intelligently	in a smart, sensible way
intelligentsia	educated people who think about ideas
intelligibility	being easy to understand
intelligible	easy to understand
intemperate	lacking self-control, especially with drink
intend	plan or mean to do
intensely	very strongly
intensification	a making of something stronger
intensified	made stronger or more extreme
intensify	to become or make stronger
intensifying	becoming stronger or more extreme
intensity	strength or degree of something
intensive	thorough and concentrated
intensively	in a thorough, concentrated way
intent	firmly focused or determined
intentional	done on purpose
intentionality	being done on purpose
intentionally	on purpose
intently	with close, focused attention
inter	to bury a dead body
interact	to act together or communicate
interaction	exchange between people or things
interactive	involving give and take
interbreeding	mating between different groups
intercede	plead on someone's behalf
intercellular	between cells in a body
intercept	a stopping on its way
interception	a stopping on its way
interceptor	something that intercepts
intercession	a pleading on someone's behalf
interchange	an exchange or swap
interchangeable	able to be swapped
interchangeably	in a way that can be swapped
intercollegiate	between different colleges
intercom	device for speaking between rooms
interconnect	to link together
interconnected	linked together
interconnectedness	being linked together
interconnection	a link between things
intercontinental	between continents
intercostal	between the ribs
intercourse	communication or dealings between people
interdenominational	involving different religious groups
interdepartmental	between different departments
interdependence	mutual reliance between things
interdependent	relying on each other
interdict	an official order forbidding something
interdiction	an official ban or prohibition
interdisciplinary	combining several fields of study
interestingly	in a way worth noting
interface	point where things meet and interact
interfacial	relating to a boundary
interfaith	involving different religions
interfere	get in the way
interference	something in the way
interfering	getting in the way unwantedly
interferometer	device measuring with light waves
interferon	protein fighting viruses in body
intergalactic	between galaxies
interim	temporary, for the time being
interject	to interrupt with a remark
interjection	a sudden remark or exclamation
interlace	to weave together
interlaced	woven together
interlacing	weaving together
interleukin	protein helping immune cells communicate
interlock	device joining parts together
interlocking	fitting together tightly
interlocutor	person in a conversation
interloper	intrudes where not wanted
interlude	pause between parts of event
intermarriage	marriage between different groups
intermediary	a go-between for two parties
intermediate	middle level of skill
intermediation	acting as a go-between
interment	the burial of a body
intermezzo	short piece between larger parts
interminable	seeming to have no end
intermingle	to mix together
intermission	short break during a performance
intermittent	stopping and starting again
intermittently	on and off, not continuously
intermolecular	between molecules
intern	student trainee gaining experience
internalization	making ideas one's own
internalize	make an idea part of oneself
internally	on the inside
internationalisation	the process of becoming worldwide
internationalism	belief in nations cooperating
internationalist	favoring cooperation between nations
internationalization	the process of becoming worldwide
internationally	across many countries
internecine	destructive to both sides
internist	doctor treating internal diseases
internment	forced confinement, especially during war
internship	a temporary training job
interoperability	systems working together
interoperable	able to work with other systems
interpersonal	between people
interplanetary	between planets
interplay	way things affect each other
interpolate	insert between other parts
interpolation	something inserted between other parts
interpret	explain the meaning of
interpretation	an explanation of meaning
interpretative	explaining or clarifying meaning
interpreted	explained or translated
interpreter	a person who translates speech
interpreting	the act of translating speech
interpretive	explaining or clarifying meaning
interracial	involving different races
interred	buried in the ground
interregnum	gap between two rulers
interrelated	connected with each other
interrelationship	a connection between things
interrogate	to question closely
interrogation	an intense questioning
interrogative	asking a question
interrogator	questions someone closely
interrupt	signal that pauses a process
interrupted	stopped partway through
interruption	a pause from something breaking in
interscholastic	between different schools
intersect	cross over another line
intersecting	crossing over each other
intersection	place where roads cross
intersex	person with mixed physical sex traits
interspecies	between different species
interspecific	occurring between different species
interstate	between different states
interstellar	between the stars
interstitial	occupying small gaps between things
intertidal	between high and low tide
intertwine	to twist together
interval	gap of time or space
intervene	step in to change an outcome
intervening	occurring in between
intervention	act of stepping in to help
intervertebral	between the spine's bones
interviewee	a person being interviewed
interviewer	asks questions in an interview
interwoven	woven or blended together
intestate	dying without a will
intestinal	relating to the intestines
intestine	tube digesting food in body
inti	a former currency of peru
intifada	an uprising or rebellion
intimacy	a close, personal closeness
intimate	very close and personal
intimately	in a close, personal way
intimation	a slight hint or suggestion
intimidate	to frighten someone into obeying
intimidated	made to feel frightened
intimidating	causing fear or nervousness
intimidation	the act of frightening someone
intolerable	too bad to be endured
intolerance	unwillingness to accept differences
intolerant	unwilling to accept differences
intonation	rise and fall of voice
intoned	spoken in a chanting tone
intoxicated	drunk on alcohol or drugs
intoxicating	causing drunkenness or great excitement
intoxication	the state of being drunk
intracellular	occurring within a cell
intracranial	inside the skull
intractable	very hard to control
intramolecular	occurring within a molecule
intramural	within a single school
intramuscular	within a muscle
intranet	a private computer network
intransigence	stubborn refusal to compromise
intransigent	stubbornly refusing to compromise
intransitive	verb without a direct object
intrastate	within a single state
intrauterine	within the womb
intravenous	given directly into a vein
intravenously	directly into a vein
intrepid	very brave and fearless
intricacy	a complicated detail
intricate	very detailed and complicated
intricately	in a very detailed way
intrigue	secret plotting or scheming
intriguing	very interesting and curious
intrinsic	natural basic part of something
intrinsically	as a basic, natural quality
intro	a short opening section
introductory	serving as a beginning
intron	non-coding part of a gene
introspection	examining one's own thoughts
introspective	thinking deeply about oneself
introversion	tendency to be quiet and reserved
introvert	a shy, reserved person
introverted	shy and reserved
intrude	to enter uninvited
intruder	a person who enters uninvited
intruding	entering uninvited
intrusion	an unwelcome entry
intrusive	entering where not welcome
intrust	to hand over for safekeeping
intubation	inserting a tube into body
intuit	to know by instinct
intuition	an instinctive feeling or understanding
intuitive	understood instinctively
intuitively	by instinct rather than reasoning
inundate	overwhelm with a huge amount
inundated	overwhelmed with too much
inundation	a flood or overwhelming amount
inured	made used to something unpleasant
invade	to enter by force
invader	attacks and enters a place
invading	entering by force
invalid	not legally or officially valid
invalidate	to make no longer valid
invalidated	made no longer valid
invalidating	making something no longer valid
invalidation	making something invalid
invalidity	not being valid
invaluable	extremely useful or precious
invariable	always the same
invariably	always, without exception
invariance	staying the same
invariant	not changing under different conditions
invasion	attack entering by force
invasive	tending to spread aggressively
invective	harsh, insulting language
invent	to create something new
invention	newly created thing or idea
inventive	good at creating new ideas
inventiveness	skill at creating new ideas
inventor	creates new things
inventory	full list of items in stock
inverse	opposite in effect or order
inversely	in an opposite way
inversion	reversal of order
invert	turn upside down
invertebrate	an animal without a backbone
inverted	turned upside down or reversed
inverter	reverses electrical current
invertible	able to be reversed
investigating	looking into something carefully
investigative	involving careful examination of facts
investigator	examines facts carefully
investigatory	involving careful examination of facts
investing	putting money in for profit
investiture	ceremony granting a title
investor	puts money into something
inveterate	having a long-standing, fixed habit
invidious	likely to cause resentment
invigorate	to give energy and strength
invigorated	filled with new energy
invigorating	giving energy and freshness
invincibility	impossible to defeat
invincible	impossible to defeat
inviolable	never to be broken
invisibility	not able to be seen
invisible	unable to be seen
invisibly	in a way that cannot be seen
invitation	request to attend
invitational	open only to those invited
invitee	person who has been invited
inviting	pleasant and appealing
invocation	calling upon for help
invoice	bill listing goods owed
invoke	call upon for help
involuntarily	without conscious control
involuntary	done without conscious control
involution	a curling or turning inward
involve	include as a necessary part
invulnerability	unable to be harmed
invulnerable	unable to be harmed
inward	directed toward the inside
inwardly	in one's private thoughts
inwards	toward the inside
iodide	a chemical compound containing iodine
iodine	element used as antiseptic
ion	an electrically charged atom
ionic	relating to charged atoms
ionisation	forming charged atoms
ionization	forming charged atoms
ionized	turned into charged atoms
ionosphere	layer of charged particles in atmosphere
iota	a tiny amount
ipecac	syrup used to cause vomiting
ipsilateral	on the same body side
ira	a retirement savings account
irascible	easily made angry
irate	very angry
ire	strong anger
iridescence	shifting rainbow-like colors
iridescent	showing shifting rainbow-like colors
iridium	a hard, rare metallic element
iris	colored part of the eye
irk	to annoy someone
irksome	annoying and irritating
ironclad	very strong and unbreakable
ironed	smoothed with a hot iron
ironic	showing an unexpected, contrary twist
ironical	showing an unexpected, contrary twist
ironically	in an unexpectedly contrary way
ironing	smoothing clothes with an iron
ironman	very tough endurance race
irons	metal shackles for restraint
ironside	person of tough strength
ironwood	tree with very hard wood
ironwork	decorative items made of iron
ironworks	factory making iron products
irony	outcome opposite what was expected
irradiation	exposure to radiation
irrational	not based on clear reasoning
irrationality	a lack of clear reasoning
irrationally	not based on clear reasoning
irreconcilable	impossible to bring into agreement
irredeemable	unable to be saved
irreducible	unable to be made simpler
irrefutable	impossible to prove wrong
irregardless	regardless, without concern for something
irregular	not following the usual pattern
irregularity	not following usual pattern
irregularly	not following the usual pattern
irrelevance	not being relevant
irrelevant	not related to the matter
irreligious	not following religion
irreparable	impossible to fix or repair
irreparably	in a way that cannot be fixed
irreplaceable	unable to be replaced
irrepressible	impossible to hold back
irresistible	too tempting to resist
irresistibly	too tempting to resist
irrespective	regardless of something
irresponsibility	lack of reliable behavior
irresponsible	not careful or reliable
irresponsibly	in a careless, unreliable way
irretrievable	impossible to get back
irretrievably	impossible to reverse
irreverence	a lack of proper respect
irreverent	lacking proper respect
irreversible	impossible to undo
irreversibly	that cannot be undone
irrevocable	unable to be changed
irrevocably	in a way that cannot be changed
irrigate	to supply land with water
irrigation	supplying water to land
irritability	tendency to become annoyed
irritable	easily annoyed
irritant	causes annoyance or soreness
irritate	to annoy or cause soreness
irritated	feeling annoyed or sore
irritating	annoying
irritation	a feeling of annoyance
ischemia	poor blood flow to body part
ischemic	caused by poor blood flow
islander	person living on an island
islay	a scottish island
isle	a small island
islet	a tiny island
ism	a set of beliefs
isolate	to set apart from others
isolated	alone and separate
isolating	causing separation from others
isolation	being completely alone
isolationism	avoiding involvement with other countries
isolationist	favoring avoidance of other countries
isomer	same atoms, different arrangement
isometric	having equal measurements
isomorphic	having the same structure
isomorphism	sameness of structure
isosceles	having two equal sides
isothermal	occurring at constant temperature
isotonic	having equal pressure or concentration
isotope	variant form of an element
isotopic	relating to variant element forms
isotropic	the same in all directions
issuance	act of giving out officially
issuer	one who gives out officially
issuing	giving out officially
isthmian	relating to a land strip
isthmus	a narrow strip of land
italic	slanted printed letters
itch	a skin urge to scratch
itchiness	desire to scratch
itching	a tickling urge to scratch
itchy	causing an urge to scratch
itemize	to list one by one
iterate	to repeat a process
iteration	one repeated step
iterative	repeating steps again and again
itinerant	traveling from place to place
itinerary	a planned travel route
iva	a type of shrub
ivory	hard white tusk material
ivy	a climbing green plant
izzard	the letter z
jab	a quick sharp poke
jabber	fast meaningless chatter
jabbering	talking quickly and unclearly
jabberwocky	nonsensical language
jabbing	quick sharp poking
jacaranda	a tree with purple flowers
jackal	a wild dog-like animal
jackass	a foolish person
jackdaw	a small black crow-like bird
jackfruit	a large tropical fruit
jackhammer	a pavement-breaking tool
jackpot	a large prize or reward
jackrabbit	a large fast hare
jacks	a ball and pieces game
jacquard	patterned woven fabric
jade	pale green in color
jaded	tired and unimpressed from overexposure
jadeite	a green gemstone
jaeger	a type of seabird
jag	a short spike or point
jagged	rough and sharp-edged
jaggery	unrefined cane sugar
jaguar	a large wild spotted cat
jailbreak	an escape from prison
jailed	put in prison
jailer	someone who guards prisoners
jailhouse	a prison building
jailor	someone who guards prisoners
jak	a tropical fruit tree
jakes	an outdoor toilet
jalapeno	a spicy green pepper
jam	fruit preserve spread
jamb	a doorway side post
jambalaya	a spicy rice dish
jamboree	a large lively gathering
jammed	stuck and unable to move
jammer	a device that blocks signals
jammies	pajamas
jamming	getting stuck or blocked
jangle	a harsh ringing sound
jangling	making a harsh ringing sound
janitor	a building caretaker
japonica	a flowering shrub
jar	a glass container
jargon	specialized words for a group
jarring	unpleasantly sudden or shocking
jasmine	a fragrant flowering plant
jasper	a colorful spotted gemstone
jati	a social group in india
jaundice	skin yellowing from liver trouble
jaundiced	yellowed from liver trouble
jaunt	a short pleasure trip
jaunty	lively and cheerful
java	strong brewed coffee
javelin	a light throwing spear
jaw	the bone framing the mouth
jawbone	the bone of the jaw
jawbreaker	a very hard round candy
jawed	having a certain jaw
jazzy	lively and flashy
jealous	resentful of another's advantage
jealously	in a resentful, possessive way
jealousy	resentment over another's advantage
jeans	sturdy denim trousers
jeep	a rugged off-road vehicle
jeer	a mocking shout
jeering	mocking and taunting
jell	to take solid shape
jello	a wobbly fruit-flavored dessert
jelly	a soft fruit spread
jellyfish	a soft stinging sea creature
jenny	a female donkey
jeopardise	to put at risk
jeopardize	to put at risk
jeopardy	danger of loss or harm
jerk	a sudden sharp movement
jerker	one who moves things sharply
jerkin	a sleeveless jacket
jerking	moving suddenly and sharply
jerky	dried strips of meat
jest	a playful joke
jester	a court clown
jet	glossy deep black
jetliner	a passenger jet aircraft
jetsam	discarded cargo washed ashore
jetting	moving in a fast stream
jettison	to throw overboard
jetty	a pier built into water
jewel	a precious gemstone
jeweled	decorated with gems
jeweler	a jewelry maker or seller
jewelled	decorated with gems
jeweller	a jewelry maker or seller
jewellery	decorative gem ornaments
jewelry	decorative gem ornaments
jezebel	a shameless scheming woman
jiao	a small chinese coin unit
jib	a triangular sail
jibe	a mocking remark
jiffy	a very short moment
jig	a lively folk dance
jigger	a small drink measure
jiggle	a small shaky movement
jigsaw	a puzzle of interlocking pieces
jihad	a religious struggle or war
jihadi	relating to religious holy war
jilted	rejected by a lover
jingle	a short catchy tune
jingling	making light ringing sounds
jingoism	extreme aggressive patriotism
jingoistic	extremely and aggressively patriotic
jinks	playful pranks
jinx	a cause of bad luck
jinxed	cursed with bad luck
jitter	a nervous shaky feeling
jitterbug	a lively swing dance
jitters	nervous feelings
jittery	nervous and shaky
jive	fast lively swing music
jobber	someone who does piecework
jobcentre	a job-finding office
jobless	without a job
jock	an athletic person
jockey	a horse race rider
jockstrap	an athletic support garment
jocular	joking and playful
jodhpur	a riding trouser style
jog	a steady slow run
jogger	someone who runs for exercise
jogging	running at a steady pace
joiner	someone who builds wooden fittings
joinery	wooden fitting craft
jointed	connected by joints
jointly	together with others
joist	a beam supporting a floor
joker	a jester or playing card
jokester	someone who plays jokes
joking	saying things in fun
jokingly	in a playful, joking way
jolly	cheerful and full of fun
jolt	a sudden rough jerk
jolted	suddenly shaken or shocked
jolting	suddenly shaking or jerking
jonah	a bad-luck bringer
joss	a chinese religious statue
jostle	a rough crowd push
jostling	pushing roughly in a crowd
jot	a tiny amount
jotting	a quick brief note
joule	a unit of energy
journalism	the work of reporting news
journalistic	relating to news reporting
journeying	traveling from place to place
journeyman	a skilled trained worker
joust	a mounted combat with lances
jovial	warmly cheerful and friendly
jowl	loose skin under the jaw
joyful	full of happiness
joyfully	in a happy manner
joyless	without any happiness
joyous	full of joy
joyously	in a joyful manner
joyride	a reckless pleasure drive
joystick	a control lever
jubilant	joyfully triumphant
jubilation	great joy and celebration
jubilee	a celebration of an anniversary
judas	a betrayer of a friend
judgement	an opinion or decision reached
judgeship	the position of a judge
judging	forming an opinion or decision
judgment	an opinion or decision reached
judgmental	quick to criticize others
judicature	the administration of justice
judicial	relating to courts of law
judicially	in a court-related way
judiciary	the court system
judicious	showing good sense and care
judiciously	with good sense and care
judo	a japanese martial art
jug	a container for liquids
juggernaut	an unstoppable powerful force
juggle	to keep objects airborne
juggler	someone who juggles objects
juggling	keeping objects airborne
jugular	relating to the neck vein
juicer	a device for extracting juice
juicy	full of juice
jujitsu	a japanese martial art
juju	a magical charm or object
juke	to dodge sideways
jukebox	a coin-operated music machine
julep	a minty alcoholic drink
julienne	food cut into thin strips
jumble	a confused mix of things
jumbled	mixed up in disorder
jumbo	very large
jumper	a warm knitted top
jumping	leaping into the air
jumpstart	a quick starting boost
jumpsuit	a one-piece garment
jumpy	nervous and easily startled
junction	a meeting of roads
juncture	a critical point in time
jungle	a dense tropical forest
juniper	an evergreen shrub with berries
junk	useless discarded items
junket	an officials' pleasure trip
junkie	someone addicted to something
junky	of poor cheap quality
junkyard	a place for discarded scrap
junta	a military ruling group
juridical	relating to the law
jurisdiction	legal decision authority
jurisdictional	relating to legal authority
jurisprudence	the philosophy of law
jurist	an expert in law
juror	a member of a jury
justifiable	defensible as reasonable
justifiably	for good and reasonable cause
justification	a good reason for something
justified	shown to be right
justify	to show good reason for
justly	in a fair manner
jut	to stick out sharply
jute	a rope-making fiber
jutting	sticking out sharply
juvenile	young and immature
juxtapose	to place side by side
juxtaposed	placed side by side
juxtaposition	a side-by-side placement for contrast
kabbalah	a jewish mystical tradition
kaffir	an offensive racial slur
kafir	one who rejects a faith
kaftan	a long loose robe
kagura	a japanese ritual dance
kail	a leafy green vegetable
kaki	a persimmon fruit
kale	a leafy green vegetable
kaleidoscope	a color-pattern viewing tube
kaleidoscopic	constantly changing and colorful
kali	a hindu goddess
kameez	a long tunic
kamikaze	a suicide attack pilot
kampong	a southeast asian village
kangaroo	a large hopping australian animal
kaolin	a fine white clay
kappa	a greek letter
kaput	broken and useless
karaoke	singing along to recorded music
karat	a unit of gold purity
karate	a japanese striking martial art
karma	fate shaped by one's actions
karyotype	a cell's chromosome set
kasbah	a north african fortress
kasha	cooked buckwheat porridge
kat	a stimulant leaf plant
kava	a pacific island plant drink
kayak	a small narrow paddled boat
kayo	a knockout blow
kazoo	a small buzzing toy instrument
kea	a new zealand mountain parrot
kebab	grilled skewered meat
keel	a boat's bottom spine
keeled	having a boat's bottom ridge
keen	eager and enthusiastic
keenly	with strong eagerness
keenness	strong eagerness or sharpness
keeper	someone who looks after something
keepsake	an item kept for memory
keg	a small barrel
kelp	a large brown seaweed
kelvin	a unit of temperature
ken	one's range of knowledge
kennel	a shelter for dogs
keno	a lottery-style number game
keratin	a protein in hair
kerb	a raised pavement edge
kerchief	a head or neck cloth
kerfuffle	a fuss or commotion
kern	the space between printed letters
kernel	the core part of something
kerosene	a lamp fuel oil
kestrel	a small falcon
ketamine	a strong sedative drug
ketch	a two-masted sailboat
ketchup	a tomato sauce condiment
ketoacidosis	dangerous blood acid buildup
ketone	a fat-breakdown compound
ketosis	a fat-burning body state
kettle	a pot for boiling water
keyboard	typing or music keys
keyboardist	a person who plays keyboard
keyed	fitted with a specific key
keyhole	the opening for a key
keyless	not requiring a key
keynote	a speech's main theme
keypad	a small set of buttons
keystone	the central supporting piece
keystroke	one key press
khadi	handspun indian cloth
khaki	a light brownish-yellow color
khakis	light brownish-yellow trousers
khan	a central asian ruler
khat	a stimulant leaf plant
kibble	dry pet food pellets
kibbutz	a communal israeli settlement
kibosh	to put a stop to
kickback	an illegal secret payment
kicker	one who kicks
kicking	striking with the foot
kickoff	the start of an event
kickstand	a bike's folding support leg
kiddie	a young child
kiddy	a young child
kidnap	to unlawfully take someone away
kidnapper	an unlawful person-taker
kidnapping	unlawful taking of a person
kidney	an organ that filters blood
kief	a fine cannabis resin powder
kike	an offensive jewish slur
kiley	a curved throwing stick
killjoy	someone who spoils others' fun
kiln	an oven for firing pottery
kilo	a unit of weight, kilogram
kilogram	a metric unit of weight
kilometer	a metric unit of distance
kilometre	a metric unit of distance
kilowatt	a unit of electric power
kilt	a pleated scottish skirt
kilter	proper working order
kimberlite	a diamond-bearing rock
kimono	a traditional japanese robe
kin	related by family
kina	a papua new guinea currency
kinase	a phosphate-adding enzyme
kindergarten	a school for young children
kindhearted	gentle and caring
kindle	to start a fire burning
kindled	set alight or stirred up
kindling	small wood for starting fires
kindly	gentle and caring
kindness	the quality of being caring
kindred	similar or related in nature
kine	cattle
kinematics	study of motion
kinesiology	the study of body movement
kinesthetic	relating to movement sense
kinetic	relating to motion
kinetics	study of forces and motion
kinfolk	one's relatives
kingfish	a large edible ocean fish
kingfisher	a small bright fishing bird
kingly	fit for a king
kingmaker	someone who installs a ruler
kingpin	the most important person
kingship	the position of being king
kingwood	a type of dark wood
kink	a twist or bend
kinky	oddly twisted
kino	a type of tree resin
kinship	a family connection
kinsman	a male relative
kiosk	a small open stall
kip	a short nap
kipper	a smoked fish
kirk	a church
kirsch	a cherry brandy
kismet	fate or destiny
kisser	a person's mouth
kissing	touching lips affectionately
kitchenette	a small kitchen
kitchenware	kitchen tools and dishes
kite	a string-flown toy
kith	friends and acquaintances
kitsch	tacky, showy art
kitschy	tacky and gaudy
kitten	a baby cat
kitty	a shared pool of money
kiwi	a small fuzzy fruit
klaxon	a loud warning horn
klebsiella	a type of bacteria
klondike	a region rich in gold
klutz	a clumsy person
knack	a natural skill
knackered	very tired
knapsack	a back-carried bag
knave	a dishonest man
knead	to press and fold dough
kneecap	the bone covering the knee
kneel	the act of kneeling
kneeling	resting on one's knees
knell	a funeral bell sound
knickers	women's underpants
knight	a medieval armored soldier
knighthood	the rank of a knight
knightly	brave and honorable
knit	a piece of knitted clothing
knitted	made by knitting
knitter	someone who knits
knitting	needle-made fabric craft
knitwear	knitted clothing
knob	a rounded handle
knobby	covered with small bumps
knockdown	very low in price
knocker	a door-knocking device
knocking	the sound of hitting something
knockoff	a cheap copy
knockout	extremely impressive
knoll	a small rounded hill
knot	a tied loop of rope
knotted	tied in a knot
knotty	full of knots
knowable	able to be understood
knower	a person who knows something
knowingly	on purpose
knowledgeable	well informed
knuckle	a finger joint
knucklehead	a foolish person
knuckles	the joints of the fingers
koala	a furry tree-climbing marsupial
koan	a puzzling riddle for meditation
kob	a type of African antelope
kobo	a small unit of currency
kohl	a dark eye makeup
kola	a nut used for flavoring
kook	an odd or crazy person
kookaburra	a laughing Australian bird
kooky	strange and eccentric
kor	an ancient unit of measure
kos	an ancient unit of distance
kosher	allowed under Jewish dietary law
koto	a Japanese stringed instrument
kowtow	an act of submissive respect
kph	kilometers per hour
kraft	a strong brown paper
kremlin	a Russian citadel or fortress
krill	tiny shrimp-like sea creatures
kris	a wavy-bladed dagger
krona	a Scandinavian currency unit
krone	a Scandinavian currency unit
krypton	a rare gas element
kudos	praise for an achievement
kudu	a large African antelope
kudzu	a fast-growing climbing vine
kurta	a loose traditional shirt
kuru	a rare brain disease
kutch	a resin or wood type
kwai	a Thai currency unit
kylie	a type of boomerang
labeled	marked with a label
labelled	marked with a label
labial	relating to the lips
labile	likely to change easily
labored	done with great effort
laborer	a manual worker
laboring	working hard physically
laborious	requiring great effort
laboriously	with great effort
laboured	done with great effort
labourer	a manual worker
labouring	working hard physically
labyrinth	a complicated maze
labyrinthine	extremely complicated
lac	a varnish resin
lace	delicate patterned fabric
laced	trimmed with lace
lacerated	deeply cut or torn
laceration	a deep cut
lacing	a lace trim or fastening
lackadaisical	lacking enthusiasm or effort
lackey	a servile follower
lacking	missing or without
lackluster	dull and unimpressive
lacklustre	dull and unimpressive
laconic	using very few words
lacquer	a glossy protective coating
lacrimal	relating to tears
lacrosse	a stick-and-ball team sport
lactase	a milk-sugar enzyme
lactate	a substance made by muscles
lactating	producing milk
lactation	the production of milk
lactic	relating to milk
lactobacillus	a beneficial gut bacteria
lactose	a sugar found in milk
lacuna	a gap or missing part
lacustrine	relating to lakes
lacy	made of delicate fabric
lad	a young man
ladder	a set of climbing rungs
laddie	a young boy
lade	to load with cargo
laden	heavily loaded
lading	the loading of cargo
ladle	a liquid-serving spoon
ladybird	a small spotted beetle
ladybug	a small spotted beetle
ladylike	polite and refined
lag	a delay
lagan	sunken sea goods marked by buoy
lager	a light beer
lagging	falling behind
lagoon	a shallow body of water
laguna	a small lake or lagoon
lah	a musical note
lair	an animal's hidden den
laird	a Scottish landowner
laity	non-clergy members of a church
lakefront	land bordering a lake
lakeshore	the edge of a lake
lakeside	next to a lake
lakh	one hundred thousand
lally	a support column in construction
lam	a sudden escape or flight
lama	a Buddhist religious teacher
lamb	a young sheep
lambda	a Greek letter
lambert	a unit of brightness
lambskin	young sheep fur
lame	unable to walk properly
lameness	an inability to walk normally
lament	a mournful expression of grief
lamentable	very regrettable
lamentation	an expression of deep sorrow
lamented	mourned with sadness
lamenting	expressing grief
lamia	a mythical female monster
lamina	a thin flat layer
laminar	flowing in smooth layers
laminate	a thin-layered material
lamination	covering with thin protective layers
lamp	a device that gives light
lampoon	a mocking satire
lamppost	a street light pole
lamprey	an eel-like jawless fish
lampshade	a lamp bulb cover
lanai	a roofed porch or veranda
lance	a long pointed weapon
lanceolate	shaped like a narrow spearhead
lancer	a lance-armed soldier
lancers	soldiers armed with lances
lancet	a small surgical knife
landau	an old-fashioned carriage
landed	owning property or land
lander	a spacecraft that lands
landfall	the first sighting of land
landfill	a site for burying trash
landlady	a female property renter
landless	owning no land
landline	a traditional telephone line
landlocked	surrounded entirely by land
landlord	a property renter
landmark	an important or notable site
landmass	a large area of land
landowner	a person who owns land
landscaped	arranged with plants and design
landscaper	a person who designs gardens
landscaping	the design of outdoor areas
landslide	a fall of rock
landsman	someone unfamiliar with the sea
landward	toward the land
langley	a unit of solar radiation
languid	slow and without energy
languidly	in a slow, listless way
languish	to become weak or neglected
lanky	tall and thin
lanolin	a fatty wool substance
lantana	a flowering shrub
lantern	a portable light
lanthanum	a soft metallic element
lanyard	a neck-worn cord
lap	the upper legs when seated
laparoscopy	surgery through small cuts
laparotomy	an abdominal surgical cut
lapdog	a small pet dog
lapel	a collar's folded front
lapidary	relating to cutting gemstones
lapin	rabbit fur
lapping	the sound of small waves
lapse	a small mistake or slip
lapsed	no longer valid
laptop	a portable computer
larceny	the crime of theft
larch	a type of coniferous tree
lard	solid fat from a pig
larder	a room for storing food
largemouth	a type of freshwater bass
largesse	generous giving
largo	slow and dignified in tempo
lari	the currency of Georgia
lariat	a lasso rope
lark	a small songbird
larkspur	a tall flowering plant
larva	an early insect stage
larval	relating to an early insect stage
laryngeal	relating to the voice box
laryngitis	inflammation of the voice box
larynx	the voice box
lasagna	layered pasta dish
lasagne	layered pasta dish
lascivious	full of lust
laser	a focused beam of light
lash	an eyelash or whip strike
lashing	a severe scolding or beating
lashings	large amounts of something
lass	a young woman
lassie	a young girl
lasso	a rope for catching animals
lasting	continuing for a long time
lastly	as a final point
lat	former latvian currency unit
latakia	a strong flavored tobacco
latch	a door-fastening device
latency	a delay before response
lateness	the state of being late
latent	hidden but able to appear
lateral	relating to the side
laterally	sideways
laterite	a reddish tropical soil
latex	a rubbery plant substance
lath	a thin strip of wood
lathe	a wood-shaping machine
lather	soapy foam
latitude	distance from the equator
latrine	a simple outdoor toilet
lats	former Latvian currency units
latte	coffee with steamed milk
latterly	recently
lattice	a crisscross framework
laud	to praise highly
laudable	deserving praise
laudanum	a tincture of opium
laudatory	expressing praise
lauder	a person who praises
laughable	ridiculous or absurd
laughably	in a ridiculous way
laugher	a person who laughs
laughingly	while laughing
laughingstock	someone mocked by others
laughter	the sound of laughing
launcher	a device that launches something
launching	the act of starting something
launchpad	a platform for launching rockets
launder	to wash clothes
laundering	the washing of clothes
laundress	a woman who washes clothes
laundry	clothes to be washed
laureate	honored for great achievement
laurel	an evergreen shrub
laurels	honors or awards won
lav	a bathroom
lava	molten rock from a volcano
lavage	washing out an organ
lavatory	a bathroom
lave	to wash gently
lavender	a pale purple color
laver	an edible seaweed
lavish	very generous or extravagant
lavishly	in a very generous way
lawful	allowed by law
lawfully	in accordance with the law
lawfulness	the state of being legal
lawless	without legal control
lawlessness	a lack of legal order
lawmaker	a person who creates laws
lawmaking	the creation of laws
lawman	a law enforcement officer
lawn	a grassy area
lawsuit	a legal case in court
lax	not strict enough
laxative	helping to loosen the bowels
laxity	a lack of strictness
layered	arranged in layers
laying	putting something down
layman	a nonexpert person
layoff	the loss of a job
layout	the arrangement of something
layover	a stop between flights
layperson	a nonexpert person
layup	an easy basketball shot
lazar	a person with leprosy
laze	to relax lazily
lazily	in a slow, relaxed way
laziness	a lack of effort
lazuli	a deep blue gemstone
lazy	unwilling to work or move
lcm	the smallest shared multiple
lea	a meadow
leach	draining through soil
leaching	draining through soil gradually
leaded	containing lead
leaden	heavy and dull
leaf	a flat green plant part
leafed	having leaves
leafing	turning through pages
leafless	without leaves
leaflet	a small printed handout
leafy	full of leaves
leak	an escaping liquid or gas
leakage	an escape of liquid
leaker	a person who reveals secrets
leaky	allowing liquid to escape
leal	loyal and faithful
lean	thin, without extra fat
leaner	one who leans
leaning	a tendency or preference
leap	a big jump
leapfrog	a jumping children's game
leaping	jumping high
learner	a person who is learning
lease	a rental agreement
leased	rented under an agreement
leasehold	property held under a lease
leash	a strap for a dog
leatherback	a large sea turtle
leatherette	imitation leather
leathery	tough like leather
leaved	having leaves
leaven	a dough-rising substance
leavened	made to rise with yeast
leavening	a dough-rising substance
leaver	a person who leaves
lech	a lustful man
lecherous	full of excessive lust
lecithin	a fatty substance in foods
lectern	a speaker's note stand
lectin	a type of plant protein
lector	a church reader
lecture	a formal educational talk
lecturer	a person who gives lectures
lectureship	a teaching position
lecturing	giving a formal talk
lede	a news story's opening
lederhosen	traditional leather shorts
ledge	a narrow flat shelf
ledger	a book of financial records
leech	a blood-sucking worm
leek	a long onion-like vegetable
leer	a sly, suggestive look
leering	looking slyly suggestive
leery	cautious or suspicious
lees	sediment left in wine
leeward	sheltered from the wind
leeway	extra room to maneuver
leftism	left-wing political beliefs
leftist	relating to left-wing politics
leftmost	furthest to the left
leftover	remaining after use
leftovers	food remaining after a meal
lefty	a left-handed person
legalese	confusing legal language
legalisation	the act of making legal
legalise	to make legal
legalism	strict adherence to rules
legality	being allowed by law
legalization	making something legal
legalize	to make legal
legally	according to the law
legate	an official envoy
legation	a diplomatic mission abroad
legato	smoothly connected notes
legendary	famous and well known
leger	an accounting record book
legged	having certain legs
legging	a tight-fitting leg covering
leggy	having long legs
leghorn	a breed of chicken
legibility	ease of reading text
legible	clear enough to read
legion	very great in number
legionary	a soldier in a legion
legionella	a type of bacteria
legionnaire	a member of a legion
legislate	to make laws
legislating	the act of making laws
legislatively	through the making of laws
legislator	a person who makes laws
legislature	a group that makes laws
legitimacy	being lawful or accepted
legitimate	lawful and proper
legitimately	in a lawful way
legitimation	making something officially accepted
legitimise	to make officially accepted
legitimize	to make officially accepted
legless	without legs
legume	a seed-podded plant
lei	a garland of flowers
leishmaniasis	a disease spread by sandflies
leisure	free time for relaxing
leisurely	slow and relaxed
leitmotif	a recurring theme
lek	the currency of albania
lemma	a step toward a theorem
lemming	a small arctic rodent
lemon	a sour yellow fruit
lemonade	a sweet lemon drink
lemongrass	a lemon-scented herb
lemony	tasting of lemon
lemur	a small tree-dwelling primate
lend	to give temporarily
lender	someone who lends money
lending	giving money temporarily
lengthen	to make longer
lengthened	made longer
lengthening	making something longer
lengthwise	along the longest direction
lengthy	very long
leniency	gentle, forgiving treatment
lenient	mild and not strict
lens	light-focusing curved glass
lense	light-focusing curved glass
lenten	relating to pre-easter fasting
lenticular	shaped like a lens
lentil	a small edible seed
lento	slow in tempo
leone	the currency of sierra leone
leopard	a large spotted wild cat
leotard	a tight one-piece garment
leotards	tight one-piece garments
leper	someone with a skin disease
leprechaun	a mischievous irish fairy
leprosy	a skin and nerve disease
leptospirosis	a bacterial infection from animals
lesbian	attracted to the same sex
lesbianism	attraction between women
lesion	a wound or damaged area
lessee	a person who rents property
lessen	to make smaller
lessened	made smaller
lessening	a decrease
lesser	smaller in amount
lessor	a property renter-out
letdown	a disappointment
lethal	able to cause death
lethality	the ability to cause death
lethargic	tired and sluggish
lethargy	a lack of energy
lettered	marked with letters
letterhead	printed paper for official letters
lettering	styled writing or text
letterman	a school athletics award holder
letterpress	raised-type printing
lettuce	a leafy salad vegetable
leu	the currency of romania
leucine	an essential amino acid
leukaemia	a cancer of blood cells
leukemia	a cancer of blood cells
leukocyte	a white blood cell
lev	the currency of bulgaria
levant	to run off without paying
levee	an embankment against flooding
leveling	making something flat or equal
leveller	someone who makes things equal
lever	a moving bar
leverage	using something to gain advantage
leveraging	using something to gain advantage
leviathan	a huge sea monster
levis	a brand of jeans
levitate	to float in the air
levitation	floating in the air
levity	humor in a serious situation
levodopa	a drug for parkinson's disease
levy	a tax or charge
lewd	sexually indecent
lewdness	indecent behavior
lexical	relating to words
lexicon	the vocabulary of a language
lexis	the vocabulary of a language
ley	a strip of grassland
liabilities	debts owed
liability	a legal responsibility or debt
liable	legally responsible
liaise	to communicate and cooperate
liaison	a connection between groups
liana	a climbing jungle vine
liar	someone who tells lies
libation	a poured offering drink
libel	a false written statement
libellous	falsely damaging in writing
libelous	falsely damaging in writing
liberalisation	making rules less strict
liberalism	belief in individual freedom
liberalization	making rules less strict
liberalize	to make less restrictive
liberally	generously or freely
liberate	to set free
liberated	set free
liberation	the act of setting free
liberator	someone who sets others free
libertarian	someone favoring maximum personal freedom
libertarianism	belief in maximum personal freedom
libertine	unrestrained by moral rules
libido	sexual desire
librarian	someone who manages a library
librarianship	the profession of managing libraries
librettist	a writer of opera texts
libretto	the text of an opera
libtard	an insulting slang term
licence	official permission
licenced	officially permitted
licensed	officially permitted
licensee	a holder of a license
licentiate	a person licensed to practice
licentious	sexually unrestrained
lichen	a plant-like growth on rocks
lick	a stroke of the tongue
licked	touched with the tongue
licking	touching with the tongue
licorice	a black chewy candy flavor
lid	a cover for a container
lidar	a laser distance-sensing technology
lidded	having a cover
lido	an outdoor swimming pool
lied	a german art song
lief	gladly or willingly
liege	relating to a feudal lord
lien	a legal claim on property
lieu	in place of
lifeblood	something vital depended on
lifeboat	a sea-rescue boat
lifeguard	a swimmer's safety watcher
lifeless	without life
lifelike	looking real
lifeline	a vital connection or support
lifelong	lasting a whole life
lifer	one serving forever
lifesaver	something that saves a life
lifesaving	preventing loss of life
lifespan	the length of a life
lifestyle	a way of living
lifted	raised up
lifter	something that raises things
liftoff	the start of a launch
ligament	tissue connecting bones
ligand	a binding molecule
ligation	tying something off
ligature	a tie or binding
liger	a lion-tiger hybrid
lightbulb	a light-giving glass globe
lighted	made bright
lighten	to make brighter or lighter
lightening	making something lighter
lighter	a device for making flames
lightheaded	dizzy and faint
lighthearted	cheerful and carefree
lighthouse	a warning-light tower
lighting	the arrangement of lights
lightly	gently or slightly
lightness	the quality of being light
lightning	an electric storm flash
lightweight	not heavy
ligne	a unit for button size
lignin	a plant cell wall substance
lignite	a soft brown coal
lii	the number fifty-two
liii	the number fifty-three
likable	easy to like
likeable	easy to like
likelihood	the chance something will happen
liken	to compare to something else
likeness	a resemblance
likening	comparing to something else
likewise	in the same way
liking	a fondness for something
lilac	pale purple in color
lilt	a light rhythmic speech accent
lilting	having a light, swaying rhythm
lily	a large flowering plant
liman	a coastal lagoon
limb	an arm or leg
limbed	having limbs
limber	flexible and able to bend
limbic	relating to brain emotions
limbo	an uncertain in-between state
lime	a small green citrus fruit
limelight	the focus of public attention
limerick	a humorous five-line poem
limestone	a common sedimentary rock
limey	a british person
limitation	a restriction
limiter	something that restricts
limiting	restricting
limitless	without limits
limo	a long luxury car
limousine	a long luxury car
limp	weak and lacking firmness
limpet	a rock-clinging shellfish
limpid	clear and transparent
limping	walking unevenly
linchpin	a vital connecting part
linden	a heart-leaved shade tree
lindy	a swing dance
lineage	a line of ancestors
lineal	in direct descent
linear	arranged in a straight line
linearity	the quality of being linear
linearly	in a straight-line way
linebacker	a defensive football player
lined	marked with lines
lineman	a worker on power lines
linemen	workers on power lines
linen	fabric made from flax
liner	a large passenger ship
linesman	a sideline assistant referee
lineup	an ordered list
ling	a type of fish
lingam	a hindu religious symbol
linger	to stay longer than expected
lingerie	women's underwear
lingering	continuing longer than expected
lingo	specialized language or jargon
lingua	a shared common language
lingual	relating to the tongue
linguine	a flat ribbon-like pasta
linguist	an expert in languages
linguistic	relating to language
linguistically	in terms of language
linguistics	the study of language
lining	an inner layer of fabric
linkage	a connection between things
linkup	a connection or joining
linnet	a small brown songbird
lino	a floor covering material
linoleum	a durable floor covering
linseed	a flax plant seed
lint	small fluff from fabric
lintel	a beam above an opening
lion	a large wild cat
lioness	a female lion
lionfish	a striped venomous fish
lip	the edge of the mouth
lipase	a fat-breaking enzyme
lipid	a body fatty substance
lipophilic	attracted to fats
lipoprotein	a blood fat-protein particle
liposuction	surgery to remove body fat
lipped	having a rim or edge
lipstick	colored makeup for lips
liquefaction	turning into a liquid
liquefied	turned into a liquid
liquefy	to turn into a liquid
liqueur	a sweet flavored alcoholic drink
liquidate	to sell off assets
liquidation	the selling off of assets
liquidator	someone who liquidates a business
liquidity	ease of converting to cash
liquified	turned into a liquid
liquor	strong alcoholic drink
liquorice	a black chewy candy flavor
lira	a former italian currency
lisle	a fine cotton thread
lisp	an s-sound speech trouble
listener	someone who listens
lister	a type of plow
listeria	a food-poisoning bacteria
listless	lacking energy or enthusiasm
lit	set alight or illuminated
litany	a long repetitive list
lite	a lighter version
liter	a unit of liquid volume
literacy	ability to read and write
literal	exact and not symbolic
literalism	strict adherence to exact meaning
literate	able to read and write
literati	educated, literary people
lithe	graceful and flexible
lithic	made of stone
lithium	a light reactive metal
lithograph	a flat-surface print
lithographic	relating to printing from stone
lithography	flat-surface printing
lithology	the study of rock characteristics
lithosphere	the earth's rocky outer layer
litigant	a party in a lawsuit
litigate	to take legal action
litigation	taking legal action
litigator	a lawyer who handles lawsuits
litigious	prone to suing others
litmus	an acidity test substance
litre	a unit of liquid volume
litter	scattered trash
littered	scattered with trash
littler	smaller
littoral	relating to the shore
liturgical	relating to religious worship
liturgy	a form of public worship
liv	the number fifty-four
livable	suitable to live in
liveable	suitable to live in
livelihood	a means of earning
liveliness	energy and enthusiasm
lively	full of energy
liven	to make more lively
liver	relating to the liver organ
livery	relating to a servant's uniform
livestock	farm animals raised for use
livid	extremely angry
liza	a type of fish
lizard	a small scaly reptile
llama	a woolly pack animal
llano	a grassy south american plain
loach	a small freshwater fish
loaded	filled or carrying a lot
loader	a material-lifting machine
loading	putting something into or onto
loads	large amounts
loaf	a shaped mass of bread
loafer	a casual slip-on shoe
loafing	being lazy and idle
loam	fertile sandy-clay soil
loamy	rich in fertile soil
loaner	something lent temporarily
loaning	lending temporarily
loath	unwilling or reluctant
loathe	to hate strongly
loathing	intense hatred
loathsome	disgusting and hateful
lob	a high arching throw
lobby	an entrance hall
lobbyist	someone who influences lawmakers
lobe	a rounded organ part
lobed	having rounded divided parts
lobelia	a flowering garden plant
lobotomy	a brain surgery removing tissue
lobster	a large edible sea crustacean
locale	a particular place or setting
localisation	adapting to a local area
localised	limited to a particular area
localism	preference for local things
locality	a particular area or neighborhood
localization	adapting to a local area
localize	to restrict to one area
localized	restricted to one area
locally	in a nearby area
locate	to find the position of
locating	finding the position of
locative	indicating a location
locator	a device that finds position
loch	a scottish lake
lockbox	a secure storage box
lockdown	a security confinement measure
locker	a small storage compartment
locket	a small pendant
locking	fastening securely
lockjaw	a jaw-spasm disease
lockout	a shutout of workers
locksmith	a lock maker or fixer
lockstep	a rigid, uniform way of acting
lockup	a jail cell
loco	crazy or insane
locomotion	movement from place to place
locomotive	relating to a train engine
locomotor	relating to movement
locum	a temporary substitute doctor
locus	a particular place or position
locust	a swarming plant-eating insect
lode	a mineral vein in rock
lodestar	a guiding principle
lodge	a small house
lodgepole	a tall straight pine tree
lodger	a person renting a room
lodging	a place to stay temporarily
lodgings	rented rooms to live in
loess	fine wind-blown soil
loft	a room under a roof
lofty	very high or grand
logarithm	an exponent showing a power
logarithmic	relating to number powers
logbook	a record of events
loge	a small theater box seat
logger	a tree-cutting worker
loggerhead	a large sea turtle
loggia	a roofed open-sided gallery
logging	cutting down trees for wood
logical	following clear reasonable sense
logically	in a reasonable, sensible way
logician	a formal-reasoning scholar
logistic	relating to organizing complex operations
logistical	relating to planning and organizing
logistics	the planning of complex operations
logjam	a blockage or standstill
logo	a company's symbol design
lohan	a buddhist enlightened being
loin	the lower back and hip
loincloth	a cloth covering the hips
loins	the hips and lower body
loiter	to stand around idly
loll	to lie about lazily
lollipop	a candy on a stick
lolly	a piece of candy
lone	single and by itself
loneliness	the feeling of being alone
lonely	sad from being alone
loner	a person who avoids others
lonesome	feeling sad and isolated
longboat	a long open rowing boat
longbow	a large hand-drawn bow
longest	for the greatest time
longevity	a long life or duration
longhand	written out by hand
longhorn	cattle with long horns
longing	a strong wistful desire
longingly	with strong wistful desire
longish	somewhat long
longitude	east-west position on earth
longitudinal	running lengthwise
longitudinally	along the length
longshot	an unlikely chance of success
longstanding	existing for a long time
longtime	existing a long while
loo	a toilet
loofah	a rough sponge for scrubbing
looker	an attractive person
lookout	a person watching for danger
lookup	a search for information
loom	a machine for weaving cloth
loon	a diving water bird
looney	a crazy person
loonie	a canadian dollar coin
loony	crazy or foolish
loop	a circular shape or path
looper	something that moves in loops
loophole	a way around a rule
looping	moving in repeated circles
loopy	silly or slightly crazy
loosely	in a relaxed way
loosen	to make less tight
loosened	made less tight
looseness	a lack of tightness
loosening	a making less tight
loot	stolen goods
looted	stolen during a raid
looter	a chaos-time thief
looting	stealing during a disturbance
lop	to cut off a part
lope	an easy relaxed running stride
lopsided	uneven on one side
loquacious	very talkative
lorazepam	a calming anti-anxiety drug
lordly	proud and commanding
lordship	the rank of a lord
lore	traditional knowledge and stories
lorry	a large truck
lory	a small colorful parrot
loser	one who fails
lossless	without any loss of quality
lossy	losing some quality or data
lota	a small metal water pot
loth	unwilling or reluctant
lotion	a creamy skin liquid
lotte	a type of fish, monkfish
lottery	a chance-prize game
lotto	a lottery-style number game
lotus	a large water flower
louden	to become louder
loudly	in a noisy way
loudmouth	one who talks too loudly
loudness	the level of sound
loudspeaker	a device that projects sound
lough	a lake in ireland
lounge	a comfortable sitting room
lounger	a person relaxing lazily
loupe	a small magnifying lens
louse	a small biting insect
lousy	very poor in quality
lout	a rude clumsy person
louvre	a slanted slat for airflow
lovable	easy to love
loveable	easy to love
loveless	without love
loveliness	the quality of being beautiful
lovelorn	sad from unrequited love
lovemaking	sexual intimacy between partners
lover	a romantic partner
lovesick	longing painfully for love
lovingly	in a caring, affectionate way
lowball	to offer less than deserved
lowbrow	simple and unsophisticated
lowercase	small letters, not capital
lowered	brought down in level
lowering	darkening and threatening
lowland	relating to flat low ground
lowlife	a disreputable person
lowly	humble in rank or status
lox	smoked salmon
loyal	faithful and devoted
loyalist	a person who stays faithful
loyally	in a faithful, devoted way
loyalty	faithful devotion to someone
lozenge	a small medicated candy
luau	a hawaiian feast celebration
lube	a slippery substance for machinery
lubricant	a substance reducing friction
lubricate	to oil for less friction
lubricated	coated with oil
lubrication	the process of applying oil
lucent	shining brightly
lucerne	a clover-like forage plant
lucid	clear and easy to understand
lucidity	clarity of thought
lucifer	the devil, satan
luckily	fortunately
luckless	unlucky and unfortunate
lucrative	very profitable
lucre	money, especially ill-gotten
ludicrous	absurd and ridiculous
ludicrously	in an absurd, ridiculous way
ludo	a simple board game
luff	a sail's forward edge
lug	a projecting handle or part
luge	a small racing sled
luger	a luge rider
luggage	bags for traveling
lugubrious	gloomy and mournful
lukewarm	slightly warm, not hot
lull	a temporary period of calm
lullaby	a soothing song for babies
lulu	a remarkable example of something
lulz	amusement from mocking others
lumbar	relating to the lower back
lumber	rough cut wood for building
lumbering	moving heavily and clumsily
lumberjack	a tree-cutting worker
lumberyard	a place selling cut wood
lumen	a unit of light brightness
luminance	the brightness of light
luminary	a famous inspiring person
luminescence	a soft glow without heat
luminescent	glowing softly without heat
luminosity	the brightness of light
luminous	glowing with light
lump	a solid shapeless mass
lumpy	full of small lumps
lunacy	foolish or crazy behavior
lunar	relating to the moon
lunatic	a foolish or crazy person
luncheon	a formal midday meal
lunching	eating a midday meal
lunchroom	a room for eating meals
lunchtime	the time for midday eating
lung	an organ used for breathing
lunge	a sudden forward movement
lupin	a tall flowering plant
lupine	relating to wolves
lupus	an autoimmune disease
lurch	a sudden unsteady movement
lure	something that tempts or attracts
lurid	shockingly vivid or sensational
lurk	to wait hidden and watchful
lurker	a person who watches unseen
luscious	deliciously rich and sweet
lush	green and abundant with plants
lust	a strong desire, often sexual
luster	a soft glow or shine
lustful	full of strong sexual desire
lustre	a soft glow or shine
lustrous	shining softly
lusty	full of energy and vigor
lute	a stringed musical instrument
luthier	a maker of stringed instruments
lux	a unit of light brightness
luxe	luxurious and expensive
luxuriant	lush and abundant
luxuriate	to enjoy something fully
luxurious	extremely comfortable and expensive
luxuriously	in a lavish, comfortable way
lxi	the number sixty-one
lxx	the number seventy
lyceum	a hall for lectures
lychee	a small sweet fruit
lycopene	a red plant pigment
lye	a strong caustic substance
lymph	a clear bodily fluid
lymphatic	relating to the lymph system
lymphedema	swelling from fluid buildup
lymphocyte	a white blood cell type
lymphocytic	relating to white blood cells
lymphoid	relating to the lymph system
lymphoma	a lymph system cancer
lynch	to kill without a trial
lynching	an unlawful mob killing
lynchpin	an essential connecting element
lynx	a tufted-eared wildcat
lyre	an ancient stringed instrument
lyric	expressing personal emotion
lyrical	expressing personal feeling
lyrically	in an emotionally expressive way
lyricism	an expressive emotional quality
lyricist	a writer of song words
lysine	an essential amino acid
lysis	a cell breaking apart
maar	a shallow volcanic crater
macabre	disturbing and death-related
macadam	crushed stone for roads
macadamia	a rich round edible nut
macaque	a type of monkey
macaron	a sweet meringue sandwich cookie
macaroni	small tube-shaped pasta
macaroon	a small coconut cookie
macaw	a large colorful parrot
mace	a spice from nutmeg shells
machete	a large heavy knife
machinery	large mechanical equipment
machinist	a machine-tool operator
machismo	strong exaggerated masculinity
macho	aggressively masculine
macintosh	a waterproof raincoat
mack	a raincoat
mackerel	an oily edible fish
mackinaw	a heavy wool jacket
mackintosh	a waterproof raincoat
macon	cured pork, like bacon
macrame	knotted cord decorative work
macro	very large in scale
macroeconomic	relating to a whole economy
macroeconomics	the study of whole economies
macromolecular	relating to very large molecules
macron	a mark over a letter
macrophage	a cell that eats germs
macroscopic	visible to the naked eye
macula	a spot on the retina
madam	a polite title for a woman
madame	a polite title for a woman
madcap	wildly reckless and fun
madden	to make very angry
maddening	extremely irritating
madder	a red-dye plant
mademoiselle	an unmarried french woman
madhouse	a chaotic noisy place
madly	in a wild, frenzied way
madman	a crazy or violent man
madness	extreme foolish or crazy behavior
madras	a light cotton plaid fabric
madrasa	an islamic religious school
madrigal	a short vocal song
madwoman	a crazy or violent woman
maelstrom	a violent chaotic situation
maestro	a skilled music conductor
mafia	an organized crime group
mafioso	a member of the mafia
mag	a magazine
magdalen	a reformed prostitute
magenta	a bright purplish-pink color
maggot	a fly larva
magical	full of enchanting wonder
magically	as if by magic
magician	a performer of magic tricks
magisterial	authoritative and commanding
magistracy	the office of a judge
magistrate	a local court judge
maglev	a magnetically levitated train
magma	molten rock underground
magnanimity	generous forgiving nobility
magnanimous	generous and forgiving
magnate	a powerful wealthy businessperson
magnesia	a white mineral compound
magnesium	a light metallic element
magnet	an object that attracts metal
magnetic	having magnet-like attracting power
magnetically	by means of magnetism
magnetics	the study of magnetism
magnetism	magnetic attraction force
magnetite	a magnetic iron mineral
magnetization	the process of becoming magnetic
magnetized	made magnetic
magneto	a small electric generator
magnetometer	a device measuring magnetic fields
magnetosphere	a planet's magnetic field region
magnetron	a device generating microwaves
magnification	the enlarging of an image
magnificence	great and impressive beauty
magnificent	extremely impressive and beautiful
magnificently	in a splendid, impressive way
magnified	made to look larger
magnifier	a lens that enlarges images
magnify	to make something appear larger
magnitude	the great size of something
magnolia	a tree with large flowers
magnum	a large wine bottle
magpie	a black-and-white chattering bird
magus	an ancient wise sorcerer
maharaja	an indian prince or ruler
maharajah	an indian prince or ruler
mahatma	a revered wise indian leader
mahjong	a tile-based table game
mahogany	a reddish-brown hardwood
maid	a female household servant
maiden	first of its kind
maidenhead	virginity
maidservant	a female household servant
mailbag	a bag for carrying mail
mailbox	a box for receiving mail
mailed	sent through the postal system
mailer	a mail-sending person
mailing	a batch of sent letters
maillot	a one-piece swimsuit
mailman	a person who delivers mail
maim	to injure severely and permanently
maimed	seriously and permanently injured
mainframe	a large powerful computer
mainland	a country's main part
mainline	to inject a drug directly
mainsail	a ship's largest sail
mainstay	an essential supporting part
mainstream	the widely accepted normal trend
maintainable	easy to keep working
maintainer	one who keeps things running
maize	corn
majestic	grand and impressive
majestically	in a grand, impressive way
majesty	grand and dignified beauty
majolica	decorated glazed pottery
majors	a sport's top level
makeover	a complete appearance transformation
maker	a person who creates something
makeshift	temporary and improvised
mako	a fast ocean shark
malabsorption	poor nutrient absorption
malacca	a cane-making material
malachite	a green copper mineral
maladaptive	unhelpful and poorly suited
maladjusted	unable to cope normally
malady	an illness or disease
malaise	a general feeling of unease
malar	relating to the cheekbone
malaria	a mosquito-borne fever disease
malarial	relating to malaria
malarkey	nonsense talk
malcontent	discontented and rebellious
maleficent	causing harm or evil
maleness	the quality of being male
malevolence	a wish to cause harm
malevolent	wishing to cause harm
malfeasance	wrongdoing by an official
malformation	an abnormal bodily shape
malformed	abnormally or badly shaped
malfunction	a failure to work properly
malfunctioning	not working properly
malice	a desire to harm others
malicious	intending to cause harm
maliciously	with intent to cause harm
malign	harmful or evil
malignancy	a cancerous growth
malignant	harmful and cancerous
malik	an arabic word for king
mall	a large shopping building
mallard	a common wild duck
malleability	ease of being shaped
malleable	easily shaped or influenced
mallee	a small multi-stemmed eucalyptus tree
mallet	a wooden hammer
mallow	a soft-leaved flower
malnourished	lacking proper nutrition
malnourishment	a lack of proper nutrition
malnutrition	poor diet causing bad health
malpractice	careless or wrong professional conduct
malt	sprouted grain used in brewing
malted	made with sprouted grain flavor
maltose	a sugar made from starch
maltreatment	cruel or abusive treatment
malware	software made to harm computers
mama	mother
mamba	a fast poisonous snake
mambo	a lively latin dance
mamma	mother
mammal	a milk-feeding animal
mammalian	relating to milk-feeding animals
mammary	relating to milk-producing glands
mammogram	a breast x-ray image
mammography	x-ray screening of the breast
mammon	wealth valued as an idol
mammoth	huge in size
mammy	mother
mamo	a hawaiian honeycreeper bird
manageable	easy to control or handle
managerial	relating to running a business
manana	an uncertain future time
manatee	a large slow water mammal
mandala	a circular spiritual symbol
mandamus	a court duty order
mandarin	a small sweet citrus fruit
mandate	an official order or instruction
mandatory	required by rule or law
mandible	the jaw bone
mandibular	relating to the jaw
mandolin	a small stringed musical instrument
mandrake	a forked-root plant
mandrel	a shaft holding work
mane	long neck hair
maneuver	a planned skillful movement
maneuverability	ease of moving and steering
maneuverable	easy to steer or move
manfully	bravely and with determination
manga	japanese comic book art
manganese	a hard gray metal element
mange	a skin disease in animals
manger	a feeding trough for animals
mangle	a machine for pressing laundry
mangled	badly crushed or damaged
mango	a sweet tropical fruit
mangold	a cattle-feed beet
mangrove	a tropical coastal tree
mangy	shabby and diseased looking
manhandle	to handle roughly
manhattan	a mixed alcoholic cocktail
manhole	a covered underground opening
manhood	adult male status
manhunt	an organized person search
mania	extreme excitement or obsession
maniac	wildly crazy or violent
maniacal	wildly and dangerously crazy
maniacally	in a wildly crazy way
manic	overly excited or frantic
manicure	a cosmetic treatment for nails
manifest	clearly visible or obvious
manifestation	a visible sign of something
manifestly	clearly and obviously
manifesto	a public statement of beliefs
manifold	many and varied
manila	strong brown paper or rope
manilla	strong brown paper or rope
manioc	a starchy root vegetable
manipulate	to control skillfully or unfairly
manipulation	unfair skillful control
manipulative	controlling others unfairly
manipulator	one who controls others unfairly
mankind	the human race
manliness	the quality of being manly
manly	brave like a man
manna	unexpected help or food
manned	operated by a person
mannequin	a clothes-display figure
mannered	showing artificial or stylized behavior
mannerism	a habitual gesture
manners	polite social behavior
mannish	resembling a man in style
mannitol	a sugar alcohol sweetener
manoeuvrability	ease of moving and steering
manoeuvre	a planned skillful movement
manor	a large country estate
manorial	relating to a country estate
manpower	available workers or labor
manse	a minister's house
manservant	a male household servant
mansion	a very large house
manslaughter	unintended unlawful killing
manta	a large flat ocean ray
mantel	a shelf above a fireplace
mantelpiece	a shelf above a fireplace
manticore	a mythical lion-human monster
mantis	a folded-leg insect
mantle	a loose cloak
mantra	a repeated meditation phrase
mantua	an old-fashioned loose gown
manually	done by hand
manufactory	a factory that makes goods
manufacture	bulk goods making
manufactured	made in a factory
manufacturer	a company that makes goods
manure	animal waste used as fertilizer
manus	the hand or forepaw
manuscript	a handwritten or original document
manzanita	a small evergreen shrub
maple	a tree with winged seeds
mapper	something that creates maps
mapping	map-making process
mar	a body of water or lake
mara	a large south american rodent
maraschino	a sweet preserved cherry
marathon	a long-distance running race
marathoner	a person who runs marathons
marauder	a raiding attacker
marauding	roaming to raid and plunder
marble	a hard decorative stone
marbled	streaked like marble stone
marbles	small glass game balls
marbling	streaked marble-like pattern
marc	leftover grape residue after pressing
marcel	a wave set in hair
marching	group step walking
marchioness	the wife of a marquess
mare	a female horse
margarine	an oil butter substitute
margarita	a tequila cocktail with lime
margate	a seaside town in england
marge	the edge or border
margin	an edge or border
marginal	minor or barely significant
marginalia	notes in a book's margin
marginalisation	pushing a group aside
marginalization	pushing a group aside
marginalize	to push to the edges
marginally	only slightly
margrave	a medieval german nobleman
marguerite	a daisy-like flower
mariachi	traditional mexican street music
marigold	an orange garden flower
marihuana	a mind-altering plant drug
marijuana	a mind-altering plant drug
marimba	a wooden xylophone-like instrument
marina	a harbor for small boats
marinade	a food-soaking liquid
marinara	a tomato-based pasta sauce
marinate	to soak in flavored liquid
mariner	a sailor
marionette	a puppet moved by strings
mariposa	a type of wild lily
marital	relating to marriage
maritime	relating to the sea
marjoram	an aromatic cooking herb
markedly	noticeably or clearly
marker	a felt-tip pen
marketable	able to be sold easily
marketer	a person who promotes products
marketplace	a goods-trading place
marking	a distinctive mark or pattern
marksman	a person skilled at shooting
marksmanship	skill in shooting accurately
markup	an added charge above cost
marl	a clay-lime soil
marlin	a large ocean game fish
marly	containing clay and lime soil
marmalade	a citrus fruit preserve
marmite	a salty yeast-based spread
marmoset	a small tropical monkey
marmot	a large burrowing rodent
maroon	a dark brownish red color
marooned	stranded in an isolated place
marque	a brand of vehicle
marquee	a large entrance tent
marquess	a noble below a duke
marquetry	decorative inlaid woodwork
marquis	a noble below a duke
marquise	the wife of a marquis
marred	spoiled or damaged
marri	an australian eucalyptus tree
marriageable	suited to marry
marrow	the soft tissue inside bones
marseille	a port city in france
marsh	a low wet grassy land
marshal	an officer who enforces order
marshall	an officer who enforces order
marshland	low wet grassy land
marshmallow	a soft sweet white confection
marshy	wet and swampy
marsupial	a pouch-carrying mammal
mart	a market or store
marten	a small forest-dwelling mammal
martial	relating to war
martinet	a very strict disciplinarian
martingale	a horse head strap
martini	a gin and vermouth cocktail
martyr	one who dies for beliefs
martyrdom	death for a belief
marvel	something causing wonder
marvellous	wonderful and amazing
marvellously	in a wonderful amazing way
marvelous	wonderful and amazing
marvelously	in a wonderful amazing way
marzipan	a sweet almond paste
mascara	makeup for darkening eyelashes
mascarpone	a soft italian cream cheese
mascot	a luck-bringing symbol
masculine	having qualities typical of men
masculinity	qualities typical of manliness
maser	a device producing microwave radiation
mash	crushed soft food mixture
masher	a tool for crushing food
masjid	a muslim place of worship
masked	hidden or covered
masking	covering or hiding something
masochism	pleasure from one's own pain
masochist	one who enjoys own pain
masochistic	enjoying one's own pain
mason	a stone builder
masonic	relating to freemasons
masonry	stonework or brickwork construction
masque	a costumed theatrical entertainment
masquerade	a disguised pretense
massacre	brutal mass killing
massage	rubbing muscles to relax them
massager	a device for rubbing muscles
masse	a special billiard shot
masses	large crowds of ordinary people
masseur	a man who gives massages
masseuse	a woman who gives massages
massif	a compact group of mountains
massively	to a very large degree
mast	a ship's tall pole
mastectomy	surgical removal of a breast
masted	fitted with a tall pole
mastered	fully learned or controlled
masterful	highly skilled and confident
masterfully	with great skill and confidence
mastering	the process of perfecting skill
masterly	showing great skill
mastermind	a clever planner
masterpiece	an outstanding work of art
masterstroke	a brilliantly clever action
mastery	complete skill or control
masthead	a newspaper's title heading
mastic	a sticky resin or sealant
mastiff	a large powerful dog breed
mastitis	inflammation of the breast
mastodon	an extinct elephant-like animal
masturbate	to stimulate one's own genitals
masturbation	self-stimulation for sexual pleasure
masturbator	one who masturbates
mat	dull and not shiny
matador	a bullfighter
matai	a samoan family chief
matchbook	a small match folder
matchbox	a small box for matches
matched	paired or made similar
matching	corresponding or paired
matchless	without equal
matchmaker	a romance arranger
matchmaking	arranging romantic pairings
matchstick	a thin wooden match
matchup	a contest between opponents
mated	paired with a partner
mater	mother
materialise	to become real or appear
materialism	valuing possessions over other things
materialist	one who values possessions
materialistic	overly focused on possessions
materiality	importance or relevance of something
materialize	to become real or appear
materially	in a significant way
materiel	military equipment and supplies
maternal	relating to being a mother
maternity	the state of being pregnant
mates	friends or companions
matey	friendly and informal
mathematical	relating to numbers and math
mathematically	using numbers and math
mathematician	an expert in mathematics
mathematics	study of numbers and shapes
maths	study of numbers and shapes
matinee	an afternoon performance
mating	the act of animals reproducing
matins	morning prayers in church
matriarch	a family-leading woman
matriarchal	led by a mother
matriarchy	a society ruled by women
matric	a school qualifying exam
matriculation	official enrollment at a college
matrilineal	traced through the mother's line
matrimonial	relating to marriage
matrimony	the state of marriage
matrix	a grid-like structured arrangement
matron	a senior woman in charge
matte	dull and not shiny
matted	tangled into a thick mass
matting	woven material used as flooring
mattress	a padded sleeping surface
maturation	growing to full development
mature	fully grown and developed
matured	fully developed over time
maturely	in a grown-up sensible way
maturity	being fully grown
matzo	a flat unleavened cracker bread
maudlin	overly sentimental and tearful
maul	to injure by rough handling
mausoleum	a large tomb building
mauve	a pale purple color
maven	an expert on a subject
maverick	independent and unconventional
mavis	a type of songbird
maw	an animal's mouth or stomach
maxi	very large in size
maxilla	the upper jaw bone
maxillary	relating to the upper jaw
maxillofacial	relating to jaw and face
maxim	a short wise saying
maximal	the greatest possible
maximally	to the greatest possible degree
maximise	to increase greatly
maximising	increasing to the greatest extent
maximization	increasing to the greatest extent
maximize	to increase greatly
maximizing	increasing to the greatest extent
maxwell	a unit of magnetic flux
mayflower	an early spring blossoming plant
mayfly	a short-lived flying insect
mayhem	wild disorder and chaos
mayo	a creamy egg-based condiment
mayonnaise	a creamy egg-based condiment
mayoral	relating to a mayor
mayoralty	the office of mayor
maypole	a pole for dancing celebrations
maze	a confusing network of paths
mcg	a tiny weight unit
mead	a wine made from honey
meadow	a grassy wildflower field
meadowlark	a songbird of open fields
meager	small in amount
meagre	small in amount
mealtime	a time for eating
mealy	dry and powdery like flour
meander	a winding path or curve
meandering	wandering slowly and indirectly
meanie	an unkind person
meaningful	full of purpose or significance
meaningfully	in a purposeful way
meaningfulness	the quality of having purpose
meaningless	without purpose or significance
meaninglessness	having no purpose
meanness	unkind or petty behavior
meantime	the time between two events
meany	an unkind person
measles	a contagious viral rash disease
measly	pitifully small
measurable	able to be measured
measurably	to a measurable degree
measured	carefully calculated or controlled
measurement	a size or amount
measuring	finding the size of something
meatball	a ground-meat ball
meatless	made without meat
meatloaf	a baked ground-meat dish
meatpacking	processing meat for sale
meaty	full of meat or substance
mecca	a much-visited place
mechanic	a person who repairs machines
mechanically	in an automatic machine-like way
mechanics	science of motion and machines
mechanisation	using machines for work
mechanised	converted to use machines
mechanism	a working system part
mechanistic	viewing things as machine-like
mechanization	using machines for work
mechanized	converted to use machines
medalist	a medal winner
medallion	a round decorative pendant
medallist	a medal winner
meddle	to interfere in others' affairs
meddlesome	fond of interfering
meddling	interfering in others' affairs
medevac	emergency evacuation of the injured
mediaeval	relating to the middle ages
medial	located in the middle
medially	toward the middle
median	located in the exact middle
mediate	to help settle a dispute
mediated	settled through a go-between
mediation	settling a dispute
mediator	a dispute settler
medic	a medical care worker
medically	in a medicine-related way
medicate	to treat with drugs
medication	an illness-treating drug
medicinal	having healing properties
medicinally	in a healing way
medico	a doctor
medieval	from the middle ages
medina	an old walled city part
mediocre	only average in quality
mediocrity	being only average
meditate	to think calmly and deeply
meditation	calm, focused deep thought
meditative	quiet and thoughtful
medley	a mixture of different things
medulla	inner part of an organ
medullary	relating to the inner core
medusa	a jellyfish
meek	gentle and easily pushed around
meekly	in a gentle, submissive way
meekness	gentle, submissive nature
meerkat	a small burrowing african animal
meg	a million units
megabyte	a unit of computer memory
megahertz	a unit of frequency
megalithic	made of huge ancient stones
megalomania	a delusion of great power
megalomaniac	someone obsessed with power
megalopolis	a huge sprawling city
megaphone	a voice-amplifying device
megaton	a unit of explosive power
megawatt	a unit of electric power
mei	a plum blossom
meiosis	cell division making sex cells
meiotic	relating to reproductive cell division
melamine	a hard plastic material
melancholia	deep sadness
melancholic	sad and gloomy
melancholy	sad and gloomy
melange	a mixture of things
melanin	dark skin pigment
melanoma	a dangerous skin cancer
melatonin	a sleep-regulating hormone
meld	a blending together
melee	a chaotic close-up fight
mellifluous	sweet and smooth sounding
mellow	relaxed and calm
mellowed	became calmer over time
melodic	pleasant and tuneful
melodically	in a tuneful way
melodious	pleasant sounding
melodrama	an overly emotional story
melodramatic	overly emotional and exaggerated
melody	a tune
melon	a large sweet fruit
melt	melted cheese dish
meltdown	a serious breakdown or collapse
melted	turned from solid to liquid
melting	turning from solid to liquid
meltwater	melted snow water
mem	a unit of memory
membered	having certain parts
membrane	a thin flexible layer
membranous	like a thin flexible layer
meme	a shared joke image online
memento	a keepsake reminder
memo	a short written note
memoir	a life-story book
memorabilia	items kept for their memories
memorable	easy to remember
memorably	in a way worth remembering
memoranda	short official notes
memorandum	a short official note
memorialize	to honor in remembrance
memorise	to learn by heart
memorization	learning something by heart
memorize	to learn by heart
menace	a threat or danger
menacing	threatening and frightening
menacingly	in a threatening way
menage	a household
menagerie	a collection of wild animals
mend	a repaired spot
mendacious	dishonest and lying
mendacity	the habit of lying
mendicant	living by begging
mending	the act of repairing
menial	low-skilled and boring
meningitis	inflammation of brain membranes
meniscus	curved surface of a liquid
menopausal	relating to menstruation's end
menopause	the end of menstrual cycles
menorah	a jewish candle holder
mensch	a decent, honorable person
menses	monthly menstrual bleeding
menstrual	relating to monthly bleeding
menstruation	monthly bleeding in women
mentality	a particular way of thinking
mentally	in the mind
mentee	one guided by a mentor
menthol	a minty cooling substance
mentor	a trusted guide or advisor
menu	a list of food choices
meow	the sound a cat makes
mercantile	relating to trade or commerce
mercantilism	a trade-based economic system
mercenary	motivated only by money
mercer	a dealer in fine cloth
merchandise	goods for sale
merchandiser	someone who sells goods
merchandising	promoting goods for sale
merchant	a person who sells goods
merciful	showing kindness instead of punishment
mercifully	fortunately and kindly
merciless	without pity
mercilessly	without any pity
mercurial	changing mood quickly
mercury	a liquid metal element
mercy	kindness instead of punishment
mere	nothing more than
merge	to combine into one
merged	combined into one
merger	a joining of two companies
merging	combining into one
merica	a nickname for america
meridian	relating to noon or a map line
meringue	a sweet baked egg-white topping
merino	a fine-wool sheep
merit	a good quality deserving praise
merited	deserved
meritocracy	rule by the most able
meritocratic	based on ability and effort
meritorious	deserving praise
merle	a mottled coat coloring
merlin	a small falcon
mermaid	a mythical fish-tailed woman
merman	a mythical fish-tailed man
merrily	in a cheerful way
merriment	cheerful fun
merry	cheerful and happy
mesa	a flat-topped hill
mescaline	a hallucinogenic drug
mesenteric	relating to gut supporting tissue
mesh	a woven net-like material
meshed	fitted together closely
meshing	fitting together closely
mesmeric	completely captivating
mesmerised	completely fascinated
mesmerized	completely fascinated
mesmerizing	completely captivating
mesoderm	a middle embryo layer
mesolithic	relating to the middle stone age
meson	a subatomic particle
mesothelioma	a cancer from asbestos exposure
mesquite	a thorny desert tree
messaging	sending written communication
messenger	someone who carries messages
messiah	a expected savior figure
messianic	relating to a savior figure
messiness	the state of being untidy
messy	untidy and disordered
mestizo	a person of mixed ancestry
metabolic	relating to body chemistry
metabolically	in terms of body chemistry
metabolism	the body's chemical processes
metabolite	a substance from body chemistry
metabolize	to break down chemically
metacarpal	relating to the hand bones
metadata	data describing other data
metallic	made of or like metal
metallurgical	relating to metal science
metallurgist	an expert in metals
metallurgy	the science of metals
metalwork	objects made from metal
metalworking	the craft of shaping metal
metamorphic	changed by heat and pressure
metamorphism	rock change by heat
metamorphosis	a complete change in form
metaphor	a comparing figure of speech
metaphoric	using a figure of speech
metaphorical	used figuratively
metaphorically	in a figurative way
metaphysical	beyond the physical world
metaphysically	beyond the physical
metaphysics	the study of reality's nature
metastable	only briefly stable
metastasis	disease spread to new areas
metastasize	to spread to new areas
metastatic	relating to disease spread
metatarsal	relating to the foot bones
mete	an allotted portion
meteor	a falling-rock light streak
meteoric	extremely fast and impressive
meteorite	a space rock that lands
meteorological	relating to weather
meteorologist	a weather scientist
meteorology	the study of weather
meter	a measuring device
metformin	a diabetes medication
meth	an illegal stimulant drug
methadone	an addiction-treating drug
methamphetamine	a strong illegal stimulant
methane	a flammable gas
methanol	a toxic fuel alcohol
methicillin	an antibiotic drug
methionine	an essential amino acid
methodical	careful and systematic
methodically	in a careful, systematic way
methodological	relating to methods
methodologically	in terms of methods used
methodology	a system of methods
methotrexate	a cancer and arthritis drug
methyl	a chemical group in compounds
methylated	treated with a chemical additive
methylene	a chemical compound unit
methylphenidate	a stimulant medication
meticulous	extremely careful and precise
meticulously	with great care and precision
metre	a unit of length
metric	relating to measurement
metrical	relating to poetic rhythm
metrics	measurements of performance
metro	a city subway system
metrology	the science of measurement
metronidazole	an antibiotic medication
metronome	a musical-time keeper
metropolis	a large important city
metropolitan	relating to a large city
metrosexual	a stylish, grooming-focused man
mettle	strength of character
mew	a soft cat-like cry
mews	converted stable houses
mezcal	a mexican agave spirit
mezzanine	a low in-between floor
mezzo	a middle range singing voice
miasma	an unpleasant, unhealthy atmosphere
mic	a microphone
mica	a sheet-splitting mineral
mickle	a large amount
micro	extremely small
microbe	a tiny living organism
microbial	relating to tiny organisms
microbiologist	a scientist who studies microbes
microbiology	the study of tiny organisms
microbrewery	a small beer-making company
microcephaly	an unusually small head
microchip	a tiny electronic circuit
microcomputer	a small personal computer
microcosm	a small version of something
microeconomic	relating to individual economic choices
microeconomics	study of individual economic behavior
microelectronic	relating to tiny electronic parts
microelectronics	study of tiny electronics
microfiche	tiny photographed pages
microfilm	film with tiny photographed pages
microglia	tiny brain support cells
micrometer	a tiny-distance measurer
micron	a tiny length unit
micronutrient	an essential trace nutrient
microorganism	a tiny living organism
microphone	a sound-picking device
microprocessor	a computer's main processing chip
microscope	a tiny-thing viewer
microscopic	too small to see
microscopically	in extremely tiny detail
microscopy	the use of microscopes
microsecond	one millionth of a second
microsurgery	surgery on very small structures
microtubule	a tiny cell support structure
microwave	a radiation-heating oven
midair	the space above the ground
midazolam	a sedative drug
midbrain	the brain's middle part
midday	noon
midden	a pile of ancient waste
middleman	a buyer-seller connector
middleweight	a mid-range boxing weight class
middling	average, neither good nor bad
midfield	a sports field's center
midge	a tiny biting insect
midget	unusually small in size
midi	medium length
midland	relating to a country's interior
midline	the body's center line
midpoint	the exact middle
midrib	a leaf's central vein
midriff	the torso's middle part
midsection	the middle part
midshipman	a naval officer trainee
midst	the middle of something
midstream	the middle of a process
midsummer	the middle of summer
midterm	an exam given mid-course
midway	halfway between two points
midweek	the middle of the week
midwestern	relating to central usa
midwife	someone who helps deliver babies
midwifery	the practice of assisting childbirth
midwinter	the middle of winter
mien	a person's manner or bearing
miffed	slightly annoyed
mightily	with great strength or effort
mighty	very powerful
migraine	a severe throbbing headache
migrant	moving for work or conditions
migrate	to move to another place
migration	movement to another place
migratory	regularly moving between places
mikado	a japanese emperor
mil	a small unit of measurement
milch	kept for producing milk
mild	gentle and not extreme
mildew	a damp-growing fungus
mildly	in a gentle, slight way
mileage	distance traveled in miles
milepost	a marker showing distance
miler	a mile racer
milestone	an important stage in progress
milieu	a person's surroundings or environment
militancy	aggressive or combative behavior
militant	aggressively active for a cause
militarily	in a military way
militarism	belief in a strong military
militarist	someone who supports military strength
militaristic	favoring military strength
militarization	the buildup of military forces
militarized	equipped with military forces
militia	a group of citizen soldiers
milkmaid	a woman who milks cows
milkman	someone who delivers milk
milkshake	a blended cold milk drink
milkweed	a plant with milky sap
milky	pale white like milk
milled	ground in a mill
millennial	born around 1980s-90s
millennium	a thousand-year period
millet	a small grain crop
milligram	a tiny unit of weight
milliliter	a small liquid unit
millimeter	a tiny unit of length
millimetre	a tiny unit of length
milliner	someone who makes hats
millinery	the making of women's hats
milling	grinding grain or material
millionaire	one with a million dollars
millionth	one part in a million
millisecond	one thousandth of a second
millstone	a heavy grinding stone
millwork	factory-made wood fittings
millwright	someone who builds mills
milo	a type of grain sorghum
milord	a respectful lord's title
milt	fish sperm
mime	acting without words
mimesis	imitation of reality in art
mimetic	imitating something else
mimic	imitating another
mimicry	the act of imitating something
mimosa	a flowering tree or shrub
mina	an ancient unit of weight
minaret	a tall mosque tower
mince	finely chopped meat
mincemeat	a sweet chopped fruit filling
mincing	walking with small, dainty steps
minded	having a certain attitude
minder	someone who looks after another
mindfuck	a shocking, confusing experience
mindful	aware and attentive
mindfully	with careful awareness
mindfulness	calm awareness of the present
mindless	done without thought
mindlessly	without any thought
mindset	a person's usual attitude
mined	dug out of the ground
minefield	an area planted with explosives
miner	someone who digs for minerals
mineral	relating to natural rock substances
mineralogist	a scientist who studies minerals
mineralogy	the study of minerals
mineshaft	a vertical mine passage
minesweeper	a sea mine-clearing ship
mingle	to mix socially with others
mingling	mixing socially with others
miniature	very small in size
miniaturization	making something much smaller
minibar	a small hotel drink fridge
minibus	a small bus
minicab	a small taxi
minimal	as small as possible
minimalism	a style using very little
minimalist	using very little decoration
minimally	to the smallest degree
minimisation	reducing to the least
minimise	to reduce greatly
minimization	reducing to the least
minimize	to reduce greatly
minimized	reduced to the least amount
minimus	the smallest finger or toe
minion	a loyal follower or servant
miniscule	extremely small
miniskirt	a very short skirt
ministerial	relating to government officials
minivan	a small family van
mink	a small fur-bearing animal
minnow	a small freshwater fish
minors	people under legal adult age
minster	a large important church
minstrel	a traveling medieval singer
mint	in perfect unused condition
mintage	coins produced by a mint
minter	a maker of coins
minty	tasting of mint
minuet	a slow formal dance
minus	lacking or without something
minuscule	extremely tiny
minutely	in great detail
minutia	a small unimportant detail
minx	a bold flirtatious girl
miracle	an amazing wonderful event
miraculous	seeming like a miracle
miraculously	in an amazing unexpected way
mirage	a heat-caused false image
mire	deep mud or swamp
mired	stuck in difficulty
miro	a small native tree
mirrored	reflecting like a mirror
mirth	laughter and merriment
mirza	a nobleman's title
misadventure	an unlucky accident
misalignment	being out of proper position
misanthrope	someone who dislikes people
misanthropic	disliking people in general
misanthropy	a dislike of people
misapprehension	a mistaken understanding
misappropriated	stolen for wrong use
misappropriation	wrongful use of something
misbehave	to act badly
misbehavior	bad or improper behavior
misbehaviour	bad or improper behavior
miscalculation	a wrong calculation
miscarriage	early pregnancy loss
miscarry	to fail or go wrong
miscast	choosing the wrong actor
miscegenation	mixing of different races
miscellaneous	made up of various things
miscellany	a mixed collection of things
mischief	playful troublemaking
mischievous	fond of playful trouble
mischievously	in a playfully naughty way
misconception	a mistaken belief
misconduct	improper or bad behavior
misconstrue	to misunderstand someone's meaning
miscreant	a person who behaves badly
misdemeanor	a minor crime
misdemeanour	a minor crime
misdirect	to guide the wrong way
misdirection	guiding attention the wrong way
miser	someone who hoards money
miserable	very unhappy
miserably	in an unhappy way
miserly	stingy with money
misery	great unhappiness or suffering
misfire	a failed attempt or shot
misfit	someone who doesn't fit in
misfortune	bad luck
misguided	based on a wrong idea
mishap	a small unlucky accident
mishmash	a confused mixture
misinformation	false information
misinterpret	to understand wrongly
misinterpretation	a wrong understanding
misjudge	to judge wrongly
mislabeled	given the wrong label
mislaid	put somewhere and lost
mislead	to give a false impression
misleading	giving a false impression
misleadingly	in a way that deceives
mismanagement	poor handling of something
mismatch	a poor pairing of things
mismatched	not matching properly
misnomer	a wrong or misleading name
miso	a fermented soybean paste
misogynist	a person who hates women
misogynistic	showing hatred of women
misogyny	hatred of women
misplace	to lose track of
misplaced	put in the wrong place
misprint	a printing error
misquote	a wrongly repeated statement
misread	to read incorrectly
misreading	an incorrect reading
misrepresent	to describe falsely
misrepresentation	a false description
misrepresented	falsely described
misrule	bad or unjust governing
missal	a book of church prayers
misshapen	badly or oddly shaped
missile	a target-flying weapon
missionary	spreading religious belief
missive	a letter or message
misspell	to spell incorrectly
misspelling	an incorrect spelling
misstep	a wrong or careless move
missus	a wife
missy	a young girl, addressed casually
mist	a thin fog
mistaken	wrong or incorrect
mistakenly	by mistake
mistaking	confusing one thing for another
mistletoe	a plant used at christmas
mistral	a strong cold wind
mistranslation	an incorrect translation
mistreat	to treat badly
mistreated	treated badly
mistreatment	bad or cruel treatment
mistress	a woman in an affair
mistrial	a trial declared invalid
mistrust	a lack of trust
mistrustful	feeling suspicious
misty	covered in thin fog
misunderstand	to get the wrong meaning
misunderstanding	a mistaken interpretation
misunderstood	interpreted incorrectly
misuse	improper or wrong use
misused	used improperly
mite	a tiny insect-like creature
miter	an angled joint between pieces
mitigate	to make less severe
mitigated	made less severe
mitigation	the lessening of harm
mitogen	a substance causing cell division
mitosis	division of a cell's nucleus
mitotic	relating to cell division
mitral	relating to a heart valve
mitre	an angled joint between pieces
mitt	a padded glove
mitten	a one-finger hand covering
mitzvah	a good deed or commandment
mixer	a device that blends things
mixing	combining things together
mixologist	a skilled cocktail maker
mixology	the art of making cocktails
mixture	a combination of things
mizzen	a ship's rear sail
mnemonic	helping you remember something
mnemonics	memory aid techniques
moa	an extinct flightless bird
moan	a low sound of pain
moat	a ditch around a castle
mob	a disorderly crowd
mobilisation	gathering resources for action
mobilise	to organize for action
mobility	ability to move freely
mobilization	gathering resources for action
mobilize	to organize for action
mobster	a member of organized crime
moccasin	a soft flat shoe
mocha	a coffee and chocolate drink
mock	fake or imitation
mockery	ridicule or contempt
mocking	making fun of someone
mockingbird	a bird that imitates sounds
mockingly	in a scornful teasing way
mod	fashionably modern
modal	relating to mode or possibility
modality	a particular method or form
modeled	shaped or represented
modeler	someone who builds models
modeling	shaping or representing
modelled	shaped or represented
modeller	someone who builds models
modelling	shaping or representing
modem	an internet-connecting device
moderate	medium in degree
moderately	to a medium degree
moderating	making less extreme
moderation	avoiding excess
moderator	someone who oversees a discussion
moderne	stylishly modern in design
modernisation	the process of updating something
modernise	to make more modern
modernised	made more modern
modernism	a movement favoring new styles
modernist	a supporter of modern styles
modernistic	having a very modern style
modernity	the quality of being modern
modernization	the process of updating something
modernize	to make more modern
modernized	made more modern
modest	not boastful or excessive
modestly	in a humble simple way
modesty	humility about oneself
modicum	a small amount
modifiable	able to be changed
modification	a small change
modified	changed slightly
modifier	something that changes another
modify	to change slightly
modish	fashionable at the moment
mods	stylish young people or changes
modular	made of separate parts
modulate	to adjust or vary
modulated	adjusted in tone or level
modulation	the act of adjusting something
module	a separate self-contained part
modulus	a fixed measure or value
mogul	a powerful important person
mohair	soft goat-hair fabric
mohawk	a center-strip hairstyle
moiety	a part of a whole
moist	slightly wet
moisten	to make slightly wet
moisture	small amounts of water
moisturize	to add moisture to skin
mojo	personal charm or magic
moke	a small donkey
mol	a unit of substance amount
mola	a large ocean sunfish
molar	relating to back teeth
molasses	a thick dark syrup
mold	a shape for forming material
molded	shaped in a form
molding	a decorative shaped strip
moldy	covered in mold
mole	a small burrowing animal
molecular	relating to molecules
molecule	the smallest substance unit
molehill	a small mound of dirt
molest	to abuse someone sexually
molestation	sexual abuse of someone
molester	a sexual abuser
moll	a gangster's girlfriend
molle	a gear attachment system
mollie	a small tropical fish
mollify	to calm someone's anger
mollusc	a soft-bodied shelled animal
mollusk	a soft-bodied shelled animal
molly	a small tropical fish
moloch	a demanding destructive force
molt	shedding skin or feathers
molten	melted by heat
molting	shedding skin or feathers
molto	very, used in music
molybdenum	a hard gray metal element
momentarily	for a very short time
momentary	lasting only a moment
momentous	very important
momentum	force gained by movement
momma	mother, informally
mommy	mother, informally
monad	a single indivisible unit
monarch	a king or queen
monarchical	relating to monarch rule
monarchist	a supporter of monarchy
monarchy	rule by a king or queen
monastery	a home for religious monks
monastic	relating to monks and monasteries
monasticism	a monk's way of life
monetary	relating to money
monetise	to earn money from something
monetization	turning into income
monetize	to earn money from something
moneyed	having a lot of money
moneylender	a profit money lender
moneymaker	a big money earner
moneymaking	profitable
monger	a dealer or trader
mongo	a very large amount
mongoloid	an outdated racial term
mongoose	a small predatory mammal
mongrel	a mixed-breed dog
monied	having a lot of money
moniker	a nickname or name
monism	belief reality is one substance
monk	a religious man living communally
monkey	a small tree-climbing primate
monkfish	a large-headed edible fish
mono	single or one, not stereo
monoamine	a type of brain chemical
monochromatic	using only one color
monochrome	using only one color
monocle	a single eyeglass lens
monoclinic	a crystal structure type
monoclonal	from a single cell type
monoculture	growing one crop repeatedly
monocyte	a white blood cell type
monogamous	having only one partner
monogamy	having only one partner
monogram	initials combined into a design
monograph	a detailed single-subject study
monohydrate	a one-water-molecule compound
monolingual	speaking only one language
monolith	a large stone block
monolithic	huge, solid, and unified
monologue	a long solo speech
monomer	a chain-forming molecule
mononuclear	having a single nucleus
mononucleosis	a viral infection causing fatigue
monoplane	a single-wing airplane
monopolistic	dominating a market unfairly
monopolize	to control something entirely
monopoly	total control of a market
monorail	a single-rail train
monosyllabic	having only one syllable
monotheism	belief in one god
monotheistic	believing in one god
monotone	unchanging in pitch or tone
monotonic	staying the same throughout
monotonous	boring due to repetition
monotony	boring sameness
monotype	a single printed impression
monounsaturated	a type of healthy fat
monoxide	a one-oxygen compound
mons	a mound of flesh
monsoon	a seasonal heavy rain
monstrosity	something hideously large or ugly
monstrous	huge and horrifying
monstrously	in a horrifying huge way
montage	a series of combined images
montane	relating to mountains
monte	a card gambling game
monument	a structure honoring someone
monumental	extremely great or large
moo	the sound a cow makes
mooch	to beg without paying
moodiness	frequent changes in temper
moody	often changing in temper
moolah	money, informally
moonbeam	a ray of moonlight
moonless	without moonlight
moonlight	light from the moon
moonlit	lit by the moon
moonshine	illegally made alcohol
moonshot	a hugely ambitious project
moonstone	a pale shimmering gemstone
moonwalk	a backward-sliding dance step
moor	an open rocky wasteland
mooring	a boat anchor spot
moorland	open uncultivated land
moose	a large antlered deer
moot	debatable and not worth deciding
mop	a tool for washing floors
mope	a sad withdrawn feeling
moped	a small motorized bicycle
mopping	cleaning a floor
moraine	rocks left by a glacier
morale	group spirit and confidence
moralist	a person who preaches values
moralistic	preaching about right and wrong
morality	beliefs about right and wrong
moralizing	preaching about right and wrong
morally	regarding right and wrong
morals	standards of right and wrong
morass	a difficult confusing situation
moratorium	a temporary ban on something
moray	a large eel
morbid	obsessed with death
morbidity	the rate of disease
morbidly	focused on death
mordant	sharply critical or biting
morel	an edible wild mushroom
morello	a type of sour cherry
moreover	in addition
mores	customs of a social group
morgen	an old land unit
morgue	a place for dead bodies
moribund	dying or losing energy
morn	morning
morocco	fine soft leather
moron	a very stupid person
moronic	extremely stupid
morose	sullen and gloomy
morph	to change gradually
morpheme	the smallest unit of meaning
morphine	a strong pain-relief drug
morphogenesis	shaping of an organism
morphological	relating to structure or form
morphologically	in terms of structure
morphology	study of form
morrow	the next day
morsel	a small piece of food
mortal	subject to death
mortality	being subject to death
mortally	fatally
mortar	a brick-binding mix
mortgaged	pledged as loan security
mortgagee	a lender in a mortgage
mortician	someone who prepares the dead
mortification	deep embarrassment
mortified	deeply embarrassed
mortifying	causing deep embarrassment
mortise	a joint-receiving hole
mortuary	relating to death and burial
mosaic	a small-piece picture
mosey	to walk slowly and casually
mosh	to dance wildly
mosque	a muslim place of worship
mosquito	a small biting flying insect
moss	a small soft green plant
mossy	covered in moss
mot	a witty remark
mote	a tiny speck of dust
motel	a roadside hotel for travelers
moth	a night-flying winged insect
motherfucker	a very offensive insult
motherhood	being a mother
motherland	one's native country
motherless	having no mother
motherly	caring like a mother
motif	a recurring theme or design
motile	able to move itself
motility	the ability to move
motionless	not moving at all
motivate	to inspire someone to act
motivated	eager and determined to act
motivating	inspiring someone to act
motivation	a reason for acting
motivational	inspiring people to act
motivator	something that inspires
motive	causing or driving movement
motley	made of varied kinds
motorbike	a small two-wheeled engine vehicle
motorboat	an engine-driven boat
motorcade	a procession of cars
motorcar	an automobile
motorcycle	a two-wheeled engine vehicle
motorcycling	riding a motorcycle
motorcyclist	someone who rides a motorcycle
motored	powered by an engine
motoring	the activity of driving
motorised	powered by a motor
motorist	a car driver
motorized	powered by a motor
motorway	a fast wide highway
mottled	marked with patches of color
motto	a short guiding phrase
mould	a fungus on damp things
moulder	to slowly decay
moulding	a shaped strip of trim
mouldy	covered in fungus
moulin	a shaft in a glacier
moult	shedding of fur
mound	a small pile or hill
mountaineer	a person who climbs mountains
mountaineering	the sport of climbing mountains
mountainous	full of mountains
mountainside	the slope of a mountain
mounted	fixed or set in place
mounting	fixing something in place
mourn	to grieve a loss
mourner	someone grieving
mournful	full of sadness
mourning	showing grief over a death
mousepad	a mouse resting pad
mouser	a mouse-catching animal
mousetrap	a device for catching mice
mousse	a light, fluffy dessert
moustache	lip hair
mousy	shy and quiet
mouthful	an amount filling the mouth
mouthpiece	a mouth-held part
mouthwash	a mouth-rinsing liquid
mouton	fur-like treated sheepskin
movable	able to be moved
moveable	able to be moved
mover	a person who moves things
movingly	in a touching way
mow	a hay pile
mower	a machine for cutting grass
mown	cut short, as grass
moxie	courage and determination
mozzarella	a soft, mild white cheese
mph	miles per hour
mucin	a slimy body substance
muck	dirt or filth
muckle	a large amount
mucky	dirty and messy
mucosa	a moist inner body lining
mucosal	relating to a moist lining
mucous	relating to slimy body fluid
mucus	slimy body fluid
mud	wet, sticky dirt
mudder	a wet-track horse
muddied	made unclear or dirty
muddle	a confused mess
muddled	confused and unclear
muddy	covered in wet dirt
mudra	a symbolic hand gesture
mudslide	a wet-earth flow
muesli	an oat breakfast mix
muff	a hand warmer
muffin	a small baked cake
muffle	to soften a sound
muffled	sounding soft and unclear
muffler	a device that softens sound
mufti	ordinary civilian clothes
mug	a large drinking cup
mugger	someone who robs people violently
mugging	a violent robbery in public
muggy	warm and uncomfortably humid
mugshot	a police face photo
mujahid	a holy-war fighter
mujahideen	holy-war fighters
mulatto	mixed-race person
mulberry	a sweet dark berry
mulch	material spread to protect soil
mule	a horse-donkey hybrid
mull	to think over carefully
muller	a grinding tool
mullet	a type of fish
mulligan	a free extra try
multicellular	made of many cells
multicolor	having many colors
multicolored	having many colors
multicoloured	having many colors
multicultural	involving many different cultures
multiculturalism	many cultures together
multidimensional	having many aspects or layers
multiethnic	made of many ethnicities
multifaceted	having many sides
multifactorial	caused by many different factors
multifarious	having great variety
multilateral	involving several parties or nations
multilevel	having several levels
multilingual	able to speak many languages
multimedia	combined media forms
multinational	operating in many countries
multiphase	happening in several stages
multiplex	a cinema with several screens
multiplexer	a device combining several signals
multiplication	the process of multiplying numbers
multiplicative	relating to multiplication
multiplicity	a large number or variety
multiplied	increased many times over
multiplier	a number that multiplies another
multiply	many times over
multiprocessor	a computer with several processors
multipurpose	usable for many purposes
multiracial	made up of several races
multistage	a process with several stages
multitude	a very large number
multivariate	involving several variables
multivitamin	a pill with many vitamins
mumble	unclear quiet speech
mumbling	speaking quietly and unclearly
mumma	a word for mother
mummification	body preservation process
mummy	a preserved dead body
mumps	a gland-swelling illness
munch	a noisy bite of food
mundane	very ordinary and boring
mung	a small green bean
municipal	relating to a local town
municipality	a local town government
municipally	by the local government
munition	military weapons and ammunition
muon	a tiny subatomic particle
mural	painted on a wall
murderer	a person who kills someone
murderous	intending to kill
murine	relating to mice or rats
murk	darkness or gloom
murky	dark and unclear
murmur	a low, soft sound
murmuring	speaking softly
murphy	a potato
muscat	a sweet grape or wine
muscovite	a sheet-like mineral
muscular	having strong, well-built muscles
musculature	a body's muscle system
musculoskeletal	relating to muscles and bones
muse	a source of artistic inspiration
mush	a soft, pulpy mass
mushroom	a stalked fungus
mushy	soft and pulpy
musicality	a natural sense of music
musically	in a musical way
musician	a person who plays music
musicianship	skill in performing music
musicologist	a scholar who studies music
musicology	the scholarly study of music
musing	thinking deeply and quietly
musk	a strong, earthy scent
musket	an old-fashioned long gun
musketeer	a musket-armed soldier
muskrat	a large aquatic rodent
musky	having a strong, earthy scent
muslin	a light cotton fabric
muss	a state of disorder
mussel	a dark-shelled shellfish
mustache	lip hair
mustang	a wild horse
mustard	a yellow spicy condiment
muster	a gathering of troops
musty	smelling stale and damp
mutable	able to be changed
mutagen	a mutation-causing substance
mutagenesis	causing genetic mutation
mutagenic	causing genetic mutation
mutant	changed by a genetic mutation
mutate	to change genetically
mutation	a change in genetic material
mutational	relating to genetic change
mute	silent or unable to speak
muted	softened or quieted
mutilate	to injure by cutting
mutilated	badly damaged by cutting
mutilation	injury by cutting
mutinous	rebelling against authority
mutiny	a rebellion against authority
mutt	a mixed-breed dog
mutter	a low, quiet complaint
muttering	low complaining speech
mutton	meat from a sheep
mutual	shared by both sides
mutualism	a mutually helpful relationship
mutuality	a shared relationship
mutually	shared by both
muzzle	an animal's nose area
muzzy	confused and unclear
myasthenia	a disease causing muscle weakness
mycelium	a fungus's thread-like body
mycobacterium	a type of disease-causing bacteria
mycology	the scientific study of fungi
mycoplasma	a tiny disease-causing organism
myelin	a nerve fiber coating
myeloid	relating to bone marrow
myeloma	a bone marrow cancer
myocardial	relating to the heart muscle
myocarditis	inflammation of the heart muscle
myocardium	the heart's muscle wall
myopathy	a disease of the muscles
myopia	nearsightedness
myopic	unable to see far away
myosin	a muscle-contracting protein
myriad	very many
myrrh	a fragrant incense resin
myrtle	a fragrant evergreen shrub
mysterious	hard to understand or explain
mysteriously	in a puzzling, unexplained way
mystic	having spiritual or mysterious power
mystical	having spiritual or magical power
mysticism	belief in spiritual truth
mystified	completely puzzled
mystifying	very confusing
mystique	an air of mystery
myth	a traditional story, often untrue
mythic	like a legendary story
mythical	existing only in myths
mythological	relating to myths
mythology	a collection of traditional stories
naan	a soft flatbread
nab	to catch or grab suddenly
nacelle	a housing for an engine
nacho	a cheesy corn chip
nada	nothing at all
nadir	the lowest point
nag	a complaining horse
nagging	constantly complaining or worrying
nagi	a snake or serpent spirit
nail	a metal fastening spike
naira	the currency of Nigeria
naive	lacking experience or worldly wisdom
naively	in an innocent, unworldly way
naivete	innocence or lack of experience
naivety	innocence or lack of experience
nakedly	openly and without disguise
nakedness	having no clothes
naloxone	an overdose-reversing drug
naltrexone	an opioid-blocking drug
nameless	having no name
namely	that is to say
nameplate	a sign showing a name
namesake	someone named after another
naming	giving a name to something
nan	an affectionate word for grandmother
nance	an effeminate man
nandu	a large flightless bird
nanna	an affectionate word for grandmother
nanny	a child caretaker
nanometer	a tiny unit of length
nanosecond	a billionth of a second
nanotechnology	science of extremely tiny machines
nanotube	a tiny tube-shaped molecule structure
nap	a short sleep
napa	a type of Chinese cabbage
napalm	a sticky burning weapon fuel
nape	the back of the neck
naphtha	a flammable liquid fuel
naphthalene	a strong-smelling chemical compound
napkin	a mouth-wiping cloth
napoleon	a layered pastry dessert
napped	briefly slept
napping	taking a short sleep
nappy	having a fuzzy, curly texture
naproxen	a pain-relieving drug
narc	a drug enforcement officer
narcissism	excessive self-love or vanity
narcissist	a person obsessed with themselves
narcissistic	excessively self-admiring
narcissus	a daffodil-like flower
narcolepsy	a disorder causing sudden sleep
narcotic	causing sleep or numbing pain
nard	a fragrant plant oil
nardo	a car-testing racetrack
narrate	to tell a story
narration	telling a story
narrator	a story teller
narrowed	made smaller in width
narrowing	becoming smaller in width
narrowly	by a very small margin
narrowness	the quality of being narrow
narwhal	a tusked arctic whale
nary	not a single one
nasal	relating to the nose
nasally	through the nose
nascent	just beginning to develop
nastiness	unpleasant or cruel behavior
nasty	very unpleasant or unkind
natal	relating to birth
nationalisation	government takeover of industry
nationalise	to bring under government ownership
nationalism	strong pride in one's nation
nationalist	strongly devoted to one's nation
nationalistic	showing strong national pride
nationality	the country one belongs to
nationalization	government takeover of industry
nationalize	to bring under government ownership
nationally	throughout the whole country
nationhood	being a nation
nationwide	across the entire country
nativism	favoring native-born citizens over immigrants
nativist	favoring native-born citizens over immigrants
nativity	the birth of a person
natter	to chat casually
natty	neat and stylishly dressed
naturalisation	becoming a citizen
naturalised	made a citizen
naturalism	realistic representation in art
naturalist	a person who studies nature
naturalistic	imitating real life closely
naturalization	becoming a citizen
naturalize	to make a citizen
naturalized	made a citizen
naturalness	the quality of being natural
naturist	a person who practices nudism
naught	nothing
naughtiness	badly behaved conduct
naughty	badly behaved
nausea	feeling like vomiting
nauseated	feeling sick to the stomach
nauseating	causing a feeling of sickness
nauseous	feeling like vomiting
nautical	relating to ships and sailing
nautilus	a spiral-shelled sea creature
naval	relating to a navy
nave	a church's main part
navel	the belly button
navicular	boat-shaped
navigable	able to be traveled through
navigate	to find one's way
navigation	finding one's way
navigational	relating to finding one's way
navigator	a travel-directing person
nawab	an old indian ruler
nay	a vote against something
nazi	a fascist party member
neanderthal	crude and unintelligent
nearer	closer in distance
nearest	closest in distance
nearness	closeness in distance
nearsighted	unable to see far
neat	tidy and orderly
neatly	in a tidy, orderly way
neatness	the quality of being tidy
neb	a bird's beak
nebuchadnezzar	a huge wine bottle
nebula	a space gas cloud
nebulizer	a mist-making medicine device
nebulous	vague and unclear
necessitate	to make necessary
necessity	something that is needed
necked	having a certain neck
necker	a neck scarf
necking	kissing and cuddling
necklace	jewelry worn around the neck
neckline	clothing's neck edge
necktie	a neck cloth strip
necromancer	one who speaks with the dead
necromancy	supposed communication with the dead
necrophilia	sexual attraction to corpses
necropolis	an ancient large cemetery
necropsy	an examination of a corpse
necrosis	the death of body tissue
necrotic	relating to dead body tissue
nectar	sweet liquid from flowers
nectarine	a smooth-skinned peach
nee	born with the name of
needful	necessary
neediness	a strong need for help
needle	a thin pointed sewing tool
needlepoint	decorative sewing on canvas
needless	not necessary
needlessly	without any real need
needlework	sewing or embroidery
needy	lacking basic necessities
neem	a tree with medicinal leaves
nefarious	wicked and criminal
negate	to cancel out or undo
negation	a denial or opposite
negatively	in a discouraging way
negativity	a gloomy or critical attitude
neglect	failing to care for something
neglected	not given proper care
neglectful	failing to take proper care
negligence	failure to take proper care
negligent	careless and failing in duty
negligently	in a careless way
negligible	too small to matter
negotiable	open to discussion
negotiate	to discuss for agreement
negotiation	a discussion to reach agreement
negotiator	someone who arranges agreements
negro	relating to black people
negus	a hot spiced wine drink
neigh	the cry of a horse
neighbor	a person living nearby
neighboring	located close by
neighborly	friendly, as neighbors should be
neighbour	a person living nearby
neighbourhood	a local area or district
neighbouring	located close by
neighbourly	friendly, as neighbors should be
nelson	a wrestling hold
nematode	a tiny worm
nemesis	a long-standing rival or enemy
neo	new or revived
neoclassical	imitating ancient classical style
neocon	a strong conservative in politics
neoconservative	a strong conservative in politics
neocortex	the brain's outer thinking layer
neodymium	a silvery metallic element
neoliberal	favoring free-market policies
neoliberalism	belief in free-market policies
neolithic	relating to the late stone age
neologism	a newly coined word
neon	a glowing colorless gas
neonatal	relating to newborn babies
neophyte	a beginner or newcomer
neoplasia	abnormal growth of tissue
neoplasm	an abnormal tissue growth
neoplastic	relating to abnormal tissue growth
neoprene	a synthetic rubber material
nephew	a brother's or sister's son
nephritis	inflammation of the kidneys
nephrology	the study of kidneys
nephropathy	kidney disease
nepotism	favoring relatives unfairly
nerd	a socially awkward, studious person
nerve	a fiber carrying body signals
nerves	feelings of anxiety
nervously	in an anxious way
nervousness	a feeling of anxiety
nervy	bold or anxious
ness	land jutting into water
nest	a bird's twig home
nester	one that builds a nest
nestle	a snuggling settling in
nestled	comfortably tucked in
nestling	an unfledged young bird
netball	a ball game like basketball
nether	lower or below
netherworld	the underworld or afterlife
nett	total after deductions
netted	caught in a net
netting	a mesh material
nettle	a stinging weed
neural	relating to nerves
neuralgia	sharp nerve pain
neuroanatomy	nervous system structure study
neurobiological	relating to nervous system biology
neurobiology	nervous system biology
neuroblastoma	a childhood nerve tissue cancer
neuroendocrine	relating to nerves and hormones
neurofibromatosis	a genetic nerve tumor disorder
neurogenesis	growth of new nerve cells
neurogenic	originating from the nervous system
neurologic	relating to the nervous system
neurological	relating to the nervous system
neurologist	a nerve-treating doctor
neurology	nervous system study
neuromuscular	relating to nerves and muscles
neuron	a nerve cell
neuronal	relating to nerve cells
neuropathy	damage to nerves
neurophysiological	relating to nervous system function
neurophysiology	nervous system function study
neuropsychiatric	relating to mind and nerves
neuropsychological	relating to brain and behavior
neuropsychology	brain and behavior study
neuroscience	nervous system study
neuroscientist	a nervous system expert
neurosis	a mild anxiety disorder
neurosurgeon	a brain-operating doctor
neurosurgery	brain or nerve surgery
neurotic	overly anxious or obsessive
neuroticism	a tendency toward anxiety
neurotoxic	poisonous to nerves
neurotoxin	a poison that damages nerves
neurotransmitter	a nerve-signal chemical
neuter	neither male nor female
neutered	surgically unable to reproduce
neutering	surgery to prevent reproduction
neutral	not taking sides
neutralise	to cancel out an effect
neutralised	made ineffective
neutrality	not taking sides
neutralization	canceling out an effect
neutralize	to cancel out an effect
neutralized	made ineffective
neutrino	a tiny nearly massless particle
neutron	a nucleus particle
neutropenia	low white blood cell count
neutrophil	a white blood cell type
neve	compacted granular snow
nevermore	never again
nevertheless	even so
newbie	a beginner
newborn	just born
newcomer	someone recently arrived
newfangled	new and unfamiliar
newfound	recently discovered
newlywed	a recently married person
newmarket	a type of long coat
newness	the quality of being new
newsagent	a shop selling newspapers
newsboy	a boy who sells newspapers
newscast	a televised news broadcast
newscaster	a news reporter
newsflash	a brief urgent news report
newsgroup	an online discussion forum
newsletter	a printed update sent regularly
newsman	a journalist
newspaperman	a journalist
newspeak	deliberately misleading official language
newsprint	cheap paper used for newspapers
newsreader	a news reader
newsreel	a short filmed news report
newsroom	a news preparation office
newsstand	a stall selling newspapers
newsworthy	important enough to report
newt	a small lizard-like amphibian
newton	a unit of force
nexus	a connection linking things together
niacin	a b vitamin
nib	a pen's pointed tip
nibble	a small bite
nicely	in a pleasant way
niceness	the quality of being pleasant
niche	a specialized small market
nickel	a hard silvery metal
nickelodeon	an old coin-operated jukebox
nickname	an informal alternative name
nicotine	an addictive chemical in tobacco
niece	a brother's or sister's daughter
nifty	cleverly useful
nigella	a black-seeded plant
nigga	an offensive racial slur
nigger	a highly offensive racial slur
niggle	to complain about small things
niggling	slightly bothersome
nigh	near in time or place
nightcap	a warm drink before bed
nightclub	a venue for late-night entertainment
nightcrawler	a large earthworm
nightfall	the onset of darkness
nightgown	a sleep garment
nighthawk	a night-flying bird
nightie	a nightgown
nightingale	a songbird
nightjar	a nocturnal bird
nightlife	entertainment available at night
nightly	happening every night
nightmare	a frightening dream
nightmarish	extremely frightening
nightshade	a poisonous plant family
nighttime	the hours of darkness
nightwear	clothes worn for sleeping
nigra	an outdated racial term
nihil	nothing at all
nihilism	belief life has no meaning
nihilist	one who believes life is meaningless
nihilistic	believing life has no meaning
nil	nothing, zero
nim	a mathematical strategy game
nimble	quick and light in movement
nimbly	in a quick, agile way
nimbus	a rain cloud
niner	the number nine
nineteen	one more than eighteen
nineteenth	next after eighteenth
nineties	years ninety to ninety-nine
ninety	nine times ten
ninja	a stealthy trained fighter
ninjutsu	the ninja martial art
ninth	next after eighth
niobium	a rare metallic element
nip	a quick bite or pinch
nipper	a young child
nipping	sharply cold
nipple	the tip of a breast
nippy	unpleasantly cold
niqab	a face-covering veil
nirvana	a state of perfect peace
nisi	provisional, pending confirmation
nit	a louse egg
nitpick	to criticize small trivial faults
nitrate	a chemical compound with nitrogen
nitric	relating to nitrogen compounds
nitride	a compound of nitrogen
nitrile	a synthetic rubber compound
nitrite	a nitrogen-oxygen compound
nitrocellulose	a flammable chemical compound
nitrogen	a colorless gas in air
nitrogenous	containing nitrogen
nitroglycerin	a powerful explosive liquid
nitrous	relating to nitrogen
nitwit	a foolish person
nix	a refusal or cancellation
nob	a wealthy or high-ranking person
nobility	people of high social rank
noble	having high moral qualities
nobleman	a man of high rank
noblesse	nobility or aristocracy
noblewoman	a woman of high rank
nobly	in an honorable way
nock	to fit an arrow's bowstring
nocturnal	active at night
nocturne	a dreamy piece of music
nod	a head tilt down
nodding	tilting the head in agreement
node	a point of connection
nodular	having small rounded lumps
nodule	a small rounded lump
nog	a strong ale
noggin	a person's head
noiseless	making no sound
noisily	in a loud way
noisy	making a lot of sound
noma	a severe gangrenous infection
nomad	a place-to-place wanderer
nomadic	moving from place to place
nomenclature	a system of naming things
nominal	in name only
nominally	in name only
nominate	to propose for a position
nominated	proposed for a position
nomination	a proposal for a position
nominative	relating to a subject form
nominee	a person proposed for something
nonalcoholic	containing no alcohol
nonce	a number used only once
nonchalance	a calm, unconcerned manner
nonchalant	calm and unconcerned
nonchalantly	in a calm, unconcerned way
noncommercial	not intended to make money
noncommissioned	holding a lower military rank
noncommittal	not expressing a clear opinion
noncompliance	failure to follow rules
nonconforming	not following usual standards
nonconformist	someone who rejects usual standards
nonconformity	refusal to follow usual standards
nondescript	lacking distinctive features
nonessential	not absolutely necessary
nonetheless	even so
nonexistence	the state of not existing
nonexistent	not existing
nonfat	containing no fat
nonfiction	writing based on facts
nonfunctional	not working properly
nonhuman	not human
noninvasive	not requiring surgery
nonlethal	not causing death
nonlinear	not in a straight line
nonnegative	zero or positive
nonparametric	not based on fixed formulas
nonpareil	having no equal
nonpartisan	not favoring any political side
nonpayment	failure to pay
nonplussed	confused and unsure
nonprofit	not aiming to make money
nonproliferation	prevention of spreading weapons
nonpublic	not open to everyone
nonresident	not living in a place
nonsense	having no sensible meaning
nonsensical	making no sense
nonspecific	not clearly defined
nonstandard	not following the usual rules
nonsteroidal	not containing steroids
nonstick	preventing food from sticking
nonstop	without any pauses
nontoxic	not poisonous
nontraditional	different from the usual way
nonverbal	without using words
nonviolence	the avoidance of force
nonviolent	not using force
noodle	a thin pasta strip
nook	a small cozy corner
nookie	slang for sexual intercourse
noon	midday
noona	an older girl or woman
noonday	relating to midday
noose	a looped rope for hanging
nordic	relating to scandinavia
norepinephrine	a stress hormone and neurotransmitter
norm	a standard or usual way
normalcy	the state of being normal
normalisation	the process of making normal
normalise	to make normal
normality	the state of being normal
normalization	the process of making normal
normalize	to make normal
normative	setting a standard of behavior
northbound	traveling toward the north
northeast	between north and east
northeasterly	coming from the northeast
northeastern	relating to the northeast
northeastward	toward the northeast
norther	a strong north wind
northerly	coming from the north
northernmost	furthest to the north
northland	a northern region
northward	toward the north
northwards	toward the north
northwest	between north and west
northwesterly	coming from the northwest
northwestern	relating to the northwest
northwestward	toward the northwest
nosebleed	bleeding from the nose
nosed	having a certain nose
nosedive	a sudden steep drop
nosey	overly curious about others
nosh	a snack or light meal
nostalgia	a longing for the past
nostalgic	fondly longing for the past
nostalgically	with fond longing
nostril	an opening of the nose
nostrum	a dubious remedy
nosy	overly curious about others
notability	the quality of being noteworthy
notable	worth noticing
notably	especially or particularly
notary	an official who certifies documents
notation	a system of symbols
notch	a small cut or nick
notched	cut with a small nick
notebook	a small book for writing
notepad	a small pad of paper
noteworthy	deserving attention
nothingness	being empty or void
nothings	trivial remarks
noticeable	easy to notice
noticeably	in an easy-to-notice way
notification	a message informing someone
notify	to inform someone officially
notion	an idea or belief
notional	existing only as an idea
notoriety	fame for something bad
notorious	famous for something bad
notoriously	in a widely known bad way
notwithstanding	despite something
nougat	a chewy candy with nuts
nought	zero
noun	a word naming a thing
nourish	to feed and help grow
nourished	well fed and cared for
nourishing	providing healthy nutrition
nourishment	food for growth
nous	practical common sense
nova	a star that suddenly brightens
novation	replacing one contract with another
novelist	a writer of novels
novelization	a film-based novel
novella	a short novel
novelty	the quality of being new
novena	nine days of prayer
novice	a beginner
novitiate	religious training period
nowadays	in the present time
noxious	harmful or poisonous
nozzle	a spout for directing flow
nth	last in a long series
nuance	a subtle difference
nub	the core or main point
nubile	young and attractive
nuclease	a nucleic-acid-breaking enzyme
nucleon	a proton or neutron
nucleoside	a building block of dna
nucleotide	a building block of dna
nucleus	a cell's central part
nude	wearing no clothes
nudge	a gentle push
nudism	going without clothes
nudist	one who goes unclothed
nudity	the state of being unclothed
nugget	a small lump
nuisance	an annoying person or thing
nuke	a nuclear weapon
null	having no legal force
nullification	act of canceling something
nullified	made legally invalid
nullify	to cancel the effect of
nullity	something legally invalid
numb	unable to feel anything
numbered	given a specific number
numbering	act of counting or labeling
numberless	too many to count
numbing	causing loss of feeling
numbness	loss of feeling
numeracy	skill with numbers
numeral	made of numbers or digits
numerator	top part of a fraction
numeric	made up of numbers
numerical	relating to numbers
numerically	in terms of numbers
numerology	belief numbers have special meaning
numinous	having a spiritual, awe-inspiring quality
numismatics	the study of coins
nun	a woman in religious order
nuna	a type of dumpling
nuncio	a pope's diplomatic representative
nunnery	a place where nuns live
nuptial	relating to marriage
nuptials	a wedding ceremony
nursed	cared for while sick
nursemaid	a children's caretaker
nursery	a room for young children
nurture	care that helps something grow
nut	a hard-shelled edible seed
nutcase	a crazy person
nutcracker	a tool for cracking nuts
nuthatch	a small climbing bird
nutmeg	a spice from a seed
nutrient	providing nourishment
nutrition	taking in food
nutritional	relating to food and health
nutritionally	in terms of nourishment
nutritionist	an expert on healthy eating
nutritious	full of healthy nourishment
nutritive	providing nourishment
nutshell	a nut's hard covering
nutter	a crazy or eccentric person
nutty	tasting or smelling like nuts
nuzzle	to gently nose-rub
nylon	a strong synthetic fabric
nylons	thin stockings
nymph	a mythical nature spirit
nympho	one with excessive sexual desire
nymphomaniac	having excessive sexual desire
nystagmus	rapid involuntary eye movement
oaf	a clumsy, stupid person
oak	a large hardwood tree
oar	a boat-rowing pole
oasis	a desert's fertile spot
oat	a cereal grain
oath	a solemn promise
oatmeal	porridge made from oats
obdurate	stubbornly refusing to change
obedience	willingness to follow orders
obedient	willing to follow orders
obediently	following orders
obeisance	a gesture of submission
obelisk	a tall stone pillar
obese	very overweight
obesity	being very overweight
obey	to do as told
obfuscate	to make something unclear
obfuscation	making something unclear
obi	a kimono sash
obit	a short death notice
obituary	a published death notice
objectification	treating a person as an object
objectify	to treat as an object
objection	a statement of disagreement
objectionable	unpleasant or offensive
objectively	based on facts, not feelings
objectivity	fairness based on facts
objector	someone who disagrees
oblate	flattened at the poles
obligate	forced or required
obligated	required by duty
obligation	a duty one must fulfill
obligatory	required by rule or duty
oblige	to force someone to act
obliged	required or thankful
obliging	willing to help
oblique	slanting, not direct
obliquely	in an indirect way
obliterate	to destroy completely
obliterated	completely destroyed
obliteration	complete destruction
oblivion	a state of being forgotten
oblivious	unaware of what's happening
oblong	longer than it is wide
obnoxious	very unpleasant and annoying
obnoxiously	in a very unpleasant way
oboe	a woodwind musical instrument
obovate	egg-shaped, wider near the top
obscene	offensive to morals or decency
obscenely	in an offensive, indecent way
obscenity	offensive or indecent language
obscure	not well known
obscurity	the state of being unknown
obsequious	overly eager to please
observable	able to be noticed
observance	following a custom
observant	quick to notice things
observation	the act of watching carefully
observational	based on watching and noting
observatory	a sky-studying building
observe	to watch carefully
observer	someone who watches
observing	watching carefully
obsess	to think about constantly
obsessed	unable to stop thinking
obsession	an unshakable idea
obsessive	unable to let go
obsessively	in an unshakable way
obsidian	a dark volcanic glass
obsolescence	the process of becoming outdated
obsolescent	becoming outdated
obsolete	no longer used or needed
obstacle	something that blocks your way
obstetric	relating to childbirth
obstetrical	relating to childbirth
obstetrician	a doctor for childbirth
obstetrics	the medicine of childbirth
obstinacy	stubbornness
obstinate	stubborn, refusing to change
obstinately	in a stubborn way
obstruct	to block a path
obstructed	blocked from passing
obstruction	something that blocks the way
obstructionism	deliberately blocking progress
obstructionist	someone who deliberately blocks progress
obstructive	tending to block or hinder
obtainable	able to be gotten
obtrusive	noticeable in an unwanted way
obtuse	slow to understand
obverse	the front side of something
obviate	to make unnecessary
obviousness	the quality of being clear
oca	a small edible root vegetable
ocarina	a small wind instrument
occasional	happening now and then
occasions	special or particular events
occident	the western world
occidental	relating to the western world
occipital	relating to the head's back
occluded	blocked or closed off
occlusion	a blockage
occlusive	tending to block or close
occult	relating to hidden magical powers
occultation	one object hiding another
occultism	belief in hidden magical powers
occultist	a hidden-magic student
occupancy	living in a place
occupant	someone living in a place
occupation	a job or profession
occupational	relating to one's job
occupier	one who holds a place
occupy	to live in or fill
occurrence	something that happens
oceanfront	land bordering the ocean
oceanic	relating to the ocean
oceanographer	a scientist who studies oceans
oceanography	the scientific study of oceans
ocelot	a small wild spotted cat
ocher	a yellowish-brown color
ochre	a yellowish-brown color
octagon	a shape with eight sides
octagonal	having eight sides
octahedron	an eight-faced shape
octal	based on the number eight
octane	a fuel-quality measure
octave	eight musical notes
octavo	a small book size
octet	a group of eight
octogenarian	someone in their eighties
octopus	an eight-armed sea creature
ocular	relating to the eyes
oculus	a round window or opening
oddball	an unusual or eccentric person
oddity	something strange or unusual
oddly	in a strange way
odds	the likelihood of something happening
ode	a poem praising something
odious	extremely unpleasant
odium	widespread hatred or disgust
odometer	a device measuring distance traveled
odor	a smell
odorless	having no smell
odour	a smell
odyssey	a long, adventurous journey
oedema	swelling from fluid buildup
oesophagus	the mouth-to-stomach tube
oestrogen	a female hormone
oeuvre	an artist's body of work
offal	an animal's inner organs
offbeat	unusual or unconventional
offence	a crime or wrongdoing
offend	to upset or anger someone
offended	upset by something
offender	someone who breaks the law
offending	causing offense
offense	a crime or wrongdoing
offensively	in an insulting way
offhand	said without careful thought
officialdom	government officials as a group
officiant	a person leading a ceremony
officiate	to preside over an event
officiating	presiding over an event
officious	overly pushy with help
offing	the near future
offload	to unload or discard
offset	something that balances out another
offshoot	a branch off a main thing
offshore	located out at sea
offside	beyond a game's allowed line
offsides	beyond a game's allowed line
offspring	a person's or animal's children
offstage	away from the performance area
oft	often
oftentimes	often
ogle	to stare at with desire
ogre	a frightening giant monster
ohm	a unit of electrical resistance
oiled	covered or treated with oil
oiler	an oil worker or ship
oilfield	an oil-drilling area
oilman	an oil industry worker
oilseed	a seed grown for oil
oily	covered in or like oil
oink	the sound a pig makes
ointment	a soothing skin cream
oka	an old unit of weight
okey	an informal okay
okra	a green edible pod vegetable
ola	a greeting, hello
olden	from long ago
oldie	an old song or movie
oleander	a poisonous flowering shrub
olefin	a type of chemical compound
olfactory	relating to smell
oligarch	a small ruling group member
oligarchic	ruled by a small group
oligarchy	rule by a small group
oligonucleotide	a short genetic material chain
oligopoly	control by a few companies
olive	a dull yellowish-green color
olivine	a green mineral
olla	a clay cooking pot
ology	a field of study
olympian	godlike or majestic
ombudsman	an official who investigates complaints
omega	the last greek letter
omelet	beaten eggs cooked flat
omelette	beaten eggs cooked flat
omen	a sign of future events
omeprazole	a stomach acid medicine
omicron	a greek letter
ominous	suggesting something bad will happen
ominously	in a threatening way
omission	something left out
omit	to leave out
omnibus	covering many things at once
omnidirectional	sending from all directions
omnipotence	unlimited power
omnipotent	having unlimited power
omnipresence	being present everywhere
omnipresent	present everywhere at once
omniscience	knowledge of everything
omniscient	knowing everything
omnivore	a plant-and-meat eater
omnivorous	eating both plants and meat
oncogene	a cancer-causing gene
oncologist	a doctor who treats cancer
oncology	cancer medicine
oncoming	approaching from the front
oneness	a feeling of unity
onerous	difficult and tiring
onetime	former
onion	a round vegetable with layers
onlooker	someone watching an event
onomatopoeia	a sound-imitating word
onset	the beginning of something
onshore	on land near the sea
onside	within a game's allowed line
onslaught	a fierce, overwhelming attack
onstage	on the performance area
ontological	relating to the nature of being
ontology	the study of being
onus	a burden of responsibility
onward	moving forward
onwards	moving forward
onyx	a black gemstone
oocyte	an immature egg cell
oodles	a large amount
ooh	to sound surprised
oolong	a type of Chinese tea
oomph	energy or enthusiasm
ooze	a thick, slow-flowing substance
oozing	slowly leaking out
opacity	the quality of blocking light
opal	a shimmering gemstone
opaque	not able to be seen through
opencast	mined from the surface
opener	a tool for opening something
openly	without hiding anything
openness	willingness to share ideas
opera	a musical stage drama
operable	able to be operated on
operand	a value used in an operation
operant	acting or producing an effect
operatic	relating to opera
operational	ready and able to function
operationally	in terms of actual functioning
operative	in working effect
operatively	in a working way
operculum	a covering flap
operetta	a light, comic opera
operon	genes working together
ophthalmic	relating to the eyes
ophthalmologist	a doctor who treats eyes
ophthalmology	the medical study of eyes
opiate	an opium-based sedative
opine	to express an opinion
opinionated	strongly expressing one's views
opium	a addictive drug from poppies
opossum	a small nocturnal marsupial
oppa	an older male friend
opponent	an adversary in a contest
opportune	well-timed and favorable
opportunism	taking advantage of chances selfishly
opportunist	seeking advantage whenever possible
opportunistic	taking advantage of chances selfishly
opposable	able to press against another
oppose	to be against something
opposing	being against or facing
oppositely	in a completely different direction
oppress	to treat cruelly and unfairly
oppressed	treated cruelly and unfairly
oppression	cruel and unfair treatment
oppressive	cruel and unfair
oppressor	someone who treats others cruelly
opprobrium	harsh public criticism
opt	to choose
optic	relating to the eyes
optical	relating to sight or light
optically	in a visual way
optician	a glasses maker or seller
optics	the science of light
optimal	the best possible
optimally	in the best possible way
optimisation	making most effective
optimise	to make most effective
optimism	a hopeful outlook
optimist	someone who expects the best
optimistic	expecting the best outcome
optimistically	in a hopeful way
optimization	making most effective
optimize	to make most effective
optimum	the best possible amount
optional	not required
optionally	if one chooses
optometrist	a specialist who tests eyesight
optometry	the practice of testing eyesight
opulence	great wealth and luxury
opulent	extremely wealthy and luxurious
opus	a musical or artistic work
oracle	a wise-prediction giver
oral	spoken rather than written
orally	by speaking or by mouth
orang	a large red ape
orangutan	a large red ape
oration	a formal public speech
orator	a skilled public speaker
oratorical	relating to public speaking
oratorio	a large choral work
oratory	the skill of public speaking
orb	a sphere or globe
orbit	the path around another object
orbital	relating to a circular path
orbiter	a body-circling spacecraft
orca	a killer whale
orchard	a field of fruit trees
orchestra	a large group of musicians
orchestral	relating to an orchestra
orchestrate	to arrange carefully
orchestrated	carefully arranged
orchestration	the careful arranging of something
orchestrator	someone who carefully arranges things
orchid	a delicate flowering plant
ordain	to officially appoint as clergy
ordained	officially appointed as clergy
ordeal	a painful or difficult experience
ordering	arranging things in sequence
orderly	neat and well arranged
ordinal	showing position in a series
ordinance	an official rule or law
ordinarily	usually or normally
ordinate	a graph's vertical value
ordination	ceremony making someone a priest
ordnance	military weapons and ammunition
ore	rock containing valuable metal
oregano	a fragrant cooking herb
oreo	a chocolate sandwich cookie
organ	a job-specific body part
organelle	a tiny cell structure
organically	in a natural, connected way
organisational	relating to group arrangement
organise	to arrange things in order
organised	neatly arranged and planned
organiser	an arranging person or tool
organism	a living creature
organist	an organ player
organizational	relating to group arrangement
organizationally	in terms of group arrangement
organize	to arrange things in order
organizer	an arranging person or tool
organs	body parts with specific jobs
organza	a thin, stiff, sheer fabric
orgasm	the peak of sexual pleasure
orgy	a wild excess party
oriel	a wall-jutting window
orient	the east, especially asia
oriental	relating to eastern asia
orientalism	a western view of eastern cultures
orientalist	a scholar of eastern cultures
orientated	positioned a certain way
orientation	a general direction or attitude
oriented	positioned a certain way
orienting	helping someone find their bearings
orifice	an opening in the body
origami	the art of paper folding
originality	being new and creative
originate	to begin or come from
origination	the act of starting something
originator	the first creator
oriole	a brightly colored songbird
ornament	a decorative object
ornamental	decorative rather than useful
ornamentation	decorative details added to something
ornate	richly decorated
ornately	in a richly decorated way
ornery	stubborn and bad-tempered
ornithological	relating to bird study
ornithologist	a scientist who studies birds
ornithology	the scientific study of birds
orogeny	the process of mountain formation
oropharyngeal	relating to mouth and throat
orphan	a parentless child
orphanage	a home for orphans
orphaned	left without parents
orthodontic	relating to straightening teeth
orthodontics	teeth-straightening dentistry
orthodontist	a dentist who straightens teeth
orthodox	following traditional beliefs
orthodoxy	traditional or accepted beliefs
orthogonal	at a right angle
orthographic	relating to correct spelling
orthography	a language's spelling system
orthopaedic	relating to bone treatment
orthopaedics	bone and joint medicine
orthopedic	relating to bone treatment
orthopedics	bone and joint medicine
orthostatic	relating to standing upright
oryx	a large african antelope
oscillate	to swing back and forth
oscillating	swinging back and forth repeatedly
oscillation	a repeated back-and-forth movement
oscillator	a repeated-motion device
oscillatory	moving back and forth repeatedly
oscilloscope	an electrical-signal display device
osmium	a very dense metallic element
osmosis	liquid movement through a membrane
osmotic	relating to membrane liquid movement
osprey	a large fish-eating hawk
ossification	the hardening into bone
ossified	turned into bone or rigid
ostensible	appearing true but maybe not
ostensibly	seemingly, but maybe not truly
ostentation	showy display of wealth
ostentatious	showy and meant to impress
ostentatiously	in a showy, attention-seeking way
osteoarthritis	a joint-pain disease
osteomyelitis	a bone infection
osteopath	a bone-treating doctor
osteopathy	treatment of bones and muscles
osteoporosis	a disease that weakens bones
osteosarcoma	a type of bone cancer
ostomy	a surgical body opening
ostracism	exclusion from a group
ostrich	a large flightless bird
otc	available without a prescription
otherness	the quality of being different
otherworld	a realm beyond ours
otherworldly	seeming from another world
otitis	inflammation of the ear
otolaryngology	ear, nose and throat medicine
otter	a playful, water-loving mammal
ottoman	a cushioned footstool
ounce	a small unit of weight
oust	to force someone out
ouster	the forced removal of someone
ousting	forcing someone out
outage	a service loss period
outback	relating to remote rural areas
outbid	to offer more money
outboard	mounted outside a boat's hull
outbound	heading away from a place
outbreak	a sudden bad start
outbuilding	a small nearby building
outburst	a sudden strong release
outcall	visiting a client's location
outcast	rejected by society
outclassed	clearly beaten in quality
outcrop	rock sticking out
outcropping	rock sticking out
outcry	a strong public protest
outdated	no longer current or useful
outdo	to do better than another
outdoor	happening outside
outdoors	the world outside buildings
outdoorsman	an outdoor activities lover
outdoorsy	fond of outdoor activities
outer	on the outside
outermost	farthest from the center
outerwear	clothing worn over other clothes
outfall	a water drain point
outfield	a baseball field's far part
outfielder	an outfield baseball player
outfit	a set of clothes
outfitted	equipped with necessary items
outfitter	an equipment supplier
outfitting	equipping with necessary items
outflank	to gain a side advantage
outflow	something flowing out
outgoing	friendly and sociable
outgrow	to grow too big for
outgrowth	a natural result or offshoot
outhouse	an outdoor toilet
outing	a short trip for pleasure
outlander	a foreigner or outsider
outlandish	very strange or unusual
outlast	to last longer than
outlaw	illegal or banned
outlawed	made illegal
outlay	money spent on something
outlet	a release or sale place
outlier	something far from usual
outline	a basic summary or sketch
outlined	sketched or summarized briefly
outlive	to live longer than
outlook	one's general attitude or expectation
outlying	far from the main area
outmoded	no longer in fashion
outnumber	to be more numerous than
outpace	to move faster than
outpatient	a patient not staying overnight
outperform	to do better than
outplay	to play better than
outpost	a small distant base
outpouring	a great show of emotion
outrage	strong anger at something unfair
outraged	very angry at something unfair
outrageous	shockingly unacceptable
outrageously	in a shockingly unacceptable way
outrank	to rank higher than
outreach	an effort to help others
outrigger	a boat's supporting float
outright	complete and total
outro	a piece's closing section
outrun	to run faster than
outscore	to score more than
outsell	to sell more than
outset	the beginning of something
outshine	to be much better than
outsider	one not part of a group
outsize	larger than usual
outsized	much larger than usual
outskirts	a town's edges
outsmart	to defeat by being cleverer
outsource	to hire outside help
outspoken	direct and bold in speech
outstandingly	remarkably well
outstretched	spread out fully
outstrip	to become greater than
outtake	a cut film scene
outward	facing or toward the outside
outwardly	as it appears on the surface
outwards	toward the outside
outweigh	to be more important than
outwit	to defeat by being cleverer
oval	shaped like an egg
ovarian	relating to the ovary
ovary	an egg-producing organ
ovate	shaped like an egg
ovation	enthusiastic applause
oven	an appliance for baking food
overabundance	too much of something
overachiever	one who exceeds expectations
overacting	performing in an exaggerated way
overactive	unusually or excessively active
overage	older than a set limit
overawed	deeply impressed and afraid
overbearing	bossy and controlling
overbite	upper teeth sticking out
overblown	exaggerated beyond what is true
overboard	off a boat's side
overburden	an excessive load or responsibility
overburdened	loaded with too much
overcast	covered with clouds
overcharge	an unfairly high price charged
overclock	to run faster than normal
overcoat	a heavy outer coat
overcome	to successfully beat a difficulty
overcompensate	to react too strongly
overconfidence	too much self-assurance
overconfident	too sure of oneself
overcook	to cook something too long
overdo	to do something too much
overdone	cooked or done too much
overdose	to take too much of a drug
overdraft	borrowing beyond an account's balance
overdressed	too formally dressed
overdrive	an extra speed gear
overdue	late past expected time
overeat	to eat too much
overeating	eating too much food
overestimate	to guess too high
overestimation	a too-high guess
overexcited	too worked up with excitement
overexposure	too much exposure
overflow	an excess that spills over
overflowing	spilling over with too much
overgrown	covered with too many plants
overgrowth	an excessive growth of plants
overhand	thrown above the shoulder
overhang	a part sticking out
overhaul	a thorough repair or renovation
overhead	positioned above one's head
overhear	to hear something by accident
overheat	to become too hot
overheated	having become too hot
overheating	becoming dangerously too hot
overjoyed	extremely happy
overkill	more effort than necessary
overland	traveling across land
overlap	a shared part
overlapping	partly covering another thing
overlay	a top-placed layer
overload	too heavy a burden
overloaded	carrying too much
overlook	a landscape view spot
overlooked	not noticed or considered
overlooking	giving a view down over
overlord	a powerful ruler over others
overly	excessively
overlying	positioned on top of something
overnight	lasting through the night
overpass	a road-crossing bridge
overpay	to pay more than needed
overpayment	payment beyond what's owed
overplay	to exaggerate importance
overpopulation	too many people
overpower	to defeat with greater strength
overpowering	extremely hard to resist
overpressure	pressure beyond the normal level
overpriced	priced above its worth
overproduction	making more than is needed
overprotective	excessively guarding someone from harm
overreach	to try too much
overreaching	trying too much
overreact	to respond too strongly
overreaction	too strong a response
override	a canceling command
overriding	more important than everything else
overripe	past best ripeness
overrule	to reject with higher authority
overrun	an amount beyond planned
oversea	from across the ocean
overseas	across the ocean
oversee	to supervise and manage
overseer	a person who supervises work
oversensitive	reacting too strongly
overshadow	to make seem less important
overshoot	going past the intended target
overshot	gone past the intended point
oversight	a not-noticing mistake
oversimplification	an overly simple explanation
oversimplify	to explain too simply
oversize	larger than the usual size
oversized	much bigger than normal
overspend	to spend more than planned
overstate	to describe as too big
overstated	described as too big
overstatement	an exaggerated claim
overstay	to stay longer than allowed
overstep	to go past a limit
overstock	to stock too much
overstuffed	packed too full
oversubscribed	having too much demand
oversupply	more than is needed
overt	done openly and not hidden
overtake	to catch up and pass
overtaking	passing another vehicle
overthink	think too much
overthrow	forced removal of a leader
overtime	extra hours worked beyond normal
overtly	openly and obviously
overtone	an added implied meaning
overture	an introductory piece of music
overturn	reversal of a decision
overturned	flipped upside down
overuse	using something too much
overview	a brief general summary
overwatch	protective watching from a distance
overweight	weighing more than is healthy
overwhelm	completely overpower
overwhelming	intensely hard to handle
overwhelmingly	by a huge margin
overwork	too much work or effort
overworking	working excessively
overwrite	replace with new data
overwrought	extremely anxious or overexcited
overzealous	excessively eager or enthusiastic
oviduct	egg-carrying tube
ovoid	shaped like an egg
ovulate	release an egg
ovulation	release of an egg
ovum	a female reproductive egg cell
owe	must pay back
owing	needing to be paid back
owl	a nocturnal bird of prey
oxalate	a plant acid salt
oxalic	relating to a plant acid
oxbow	a river bend
oxen	plural of ox
oxidant	a substance that causes oxidation
oxidase	an oxidation enzyme
oxidation	a chemical reaction with oxygen
oxidative	relating to oxidation
oxide	oxygen compound
oxidised	combined with oxygen chemically
oxidize	to combine chemically with oxygen
oxidized	combined with oxygen chemically
oxidizer	a substance that causes oxidation
oxtail	cattle tail meat
oxygen	a gas needed for breathing
oxygenation	the process of adding oxygen
oxymoron	a phrase with contradictory terms
oxytocin	a bonding hormone
oyster	a pearl-making shellfish
ozone	upper-atmosphere oxygen form
paca	a large burrowing rodent
pacemaker	a device that regulates heartbeat
pacer	a speed-setting runner
pacha	an ottoman official title
pachinko	a japanese pinball-like gambling game
pacification	the act of calming unrest
pacifier	a baby soother
pacifism	the belief in avoiding violence
pacifist	opposed to war and violence
pacify	to calm someone down
pacing	rhythm of an activity
packaged	wrapped for sale or shipping
packaging	the material wrapping a product
packer	one who packs goods
packet	a small wrapped parcel
packing	putting things in containers
pact	a formal agreement between parties
pad	a soft flat cushion
padded	filled with soft material
padding	soft material used for cushioning
paddle	a small boat oar
paddock	a fenced field for horses
paddy	a rice field
padlock	a portable hinged lock
padre	a military chaplain or priest
paean	a song of praise
paediatric	relating to children's medicine
paediatrician	a doctor who treats children
paediatrics	the medical care of children
paedophile	adult attracted to children
paedophilia	sexual attraction to children
paella	a spanish rice dish
pagan	relating to ancient nature-based religions
paganism	an ancient nature-based religion
pageant	a public show contest
pageantry	elaborate ceremonial display
pager	a message-receiving device
pagination	numbering of pages
paging	page numbering or signaling
pagoda	a tiered asian temple tower
pail	a bucket for carrying liquid
pained	hurt or upset
painfully	in a way that hurts
painkiller	medicine that stops pain
painless	not causing pain
painlessly	without causing pain
pains	great care or effort
painstaking	done with great care
painstakingly	with great care
paintball	game with paint pellet guns
paintbrush	brush for painting
painter	person who paints
painterly	like a painting
paired	matched together in twos
pairing	a matching of two things
paisa	small unit of money
paisley	curved teardrop pattern
pajama	loose clothes for sleeping
pal	a close friend
paladin	a heroic knight or champion
palaeolithic	from the early stone age
palaeontologist	scientist who studies fossils
palaeontology	study of ancient fossils
palanquin	covered chair carried on poles
palatable	pleasant to taste
palatal	made with mouth's roof
palate	sense of taste
palatial	like a grand palace
palatinate	territory ruled by a noble
palatine	relating to a royal official
palaver	fuss or lengthy talk
pale	light in color
paleolithic	from the early stone age
paleontological	relating to fossil study
paleontologist	scientist who studies fossils
paleontology	study of ancient fossils
palette	board for mixing paint colors
palfrey	a gentle riding horse
palimpsest	old text written over
palindrome	word same read backward
paling	a fence made of stakes
palisade	fence of pointed stakes
pall	a dark cloud or gloom
palladium	a rare silvery metal
pallet	flat platform for stacking goods
palliative	easing pain without curing
pallid	pale, lacking color
pallor	pale color of the skin
pally	friendly, like a pal
palm	inner surface of the hand
palmar	relating to the palm
palmetto	a small fan-leafed palm tree
palmyra	a tall tropical palm tree
palomino	a golden-colored horse
palpable	able to be felt
palpably	in a way clearly noticeable
palpation	examining by feeling
palsy	loss of muscle control
paltry	very small or worthless
pamper	to indulge kindly
pampering	treating someone with great indulgence
pamphlet	a small printed booklet
panacea	a cure for everything
panache	stylish confidence and flair
pancake	flat fried batter cake
panchayat	a village council
pancreas	organ that helps digest food
pancreatic	relating to the pancreas
pancreatitis	inflammation of the pancreas
panda	black and white bear
pandemic	spreading over a whole region
pandemonium	wild noisy chaos
pander	someone who arranges immoral favors
pane	a sheet of glass
panegyric	praising someone highly
paneled	covered with flat wooden boards
paneling	flat boards covering a wall
panelist	member of a discussion panel
panelled	covered with flat wooden boards
panelling	flat boards covering a wall
panellist	member of a discussion panel
pang	a sudden sharp feeling
pangolin	scaly ant-eating mammal
panhandle	narrow strip of land
panic	sudden overwhelming fear
panicked	suddenly overcome with fear
panicky	nervous and full of fear
pannier	a bike or animal bag
panoply	an impressive collection or array
panopticon	circular prison allowing full view
panorama	a wide view
panoramic	showing a wide view
pansexual	attracted regardless of gender
pansy	a small colorful garden flower
pant	a short quick breath
pantheism	belief that god is everything
pantheon	a group of famous figures
panther	a large wild black cat
panting	breathing hard and fast
panto	a comic musical stage show
pantomime	a silly comic stage play
pantry	small room for storing food
pantsuit	matching jacket and trousers set
panty	a woman's underwear
pantyhose	thin tight leg coverings
panzer	a military tank
pap	soft bland food
papa	father
papacy	the office of the pope
papal	relating to the pope
paparazzo	photographer who chases celebrities
papaya	sweet tropical orange fruit
paperback	bound in flexible paper
paperboard	stiff paper used for boxes
paperboy	boy who delivers newspapers
paperclip	small wire clip for papers
papermaking	the process of making paper
paperweight	object holding papers in place
paperwork	written or printed documents
papery	thin and dry like paper
papillary	relating to small nipple-like bumps
papilloma	a small benign growth
papillon	a small toy dog breed
papist	relating to catholic belief
papoose	baby carried on back
pappa	father
pappus	fluffy plant seed hairs
paprika	red powdered spice
papyrus	ancient writing material from reeds
par	an equal or standard level
para	a paragraph or paratrooper
parable	a teaching story
parabola	a curved u-shaped line
parabolic	shaped like a curve
parachute	a safe-fall device
parachuting	jumping with a parachute
parachutist	one who parachutes
parade	a public march or procession
paradigm	a typical example or pattern
paradigmatic	serving as a typical example
paradise	a place of perfect happiness
paradox	a self-contradicting statement
paradoxical	seeming contradictory but true
paradoxically	in a seemingly contradictory way
paraffin	a waxy fuel substance
paragliding	flying with a soft wing
paragon	a perfect example of something
paragraph	a section of connected sentences
parakeet	a small colorful parrot
paralegal	assistant to a lawyer
parallax	apparent positional shift
parallel	side by side, never meeting
parallelism	the state of being parallel
parallelogram	four-sided parallel shape
paralyse	to make unable to move
paralysis	loss of ability to move
paralytic	unable to move
paralyze	to make unable to move
paralyzed	unable to move
paramagnetic	weakly attracted to magnets
paramedic	emergency medical worker
parameter	a shaping limit
parametric	described using variable measurements
paramilitary	organized like a military force
paramount	more important than anything else
paramour	a secret lover
parang	a large jungle knife
paranoia	unreasonable fear or suspicion
paranoid	overly fearful or suspicious
paranormal	beyond normal scientific explanation
parapet	a low protective wall
paraphernalia	equipment used for an activity
paraphrase	restated in different words
paraplegia	paralysis of the lower body
paraplegic	paralyzed in the lower body
parapsychology	study of unexplained mental powers
parasite	organism living off another
parasitic	living off another organism
parasitism	living off another organism
parasol	an umbrella for shade
parasympathetic	calming nervous system part
parathyroid	gland that controls calcium levels
paratrooper	soldier who parachutes into battle
parcel	a wrapped package
parched	extremely dry or thirsty
parchment	animal-skin writing material
pardon	forgiveness for an offense
pare	to trim away
parenchyma	an organ's main tissue
parentage	one's family origin
parental	relating to parents
parenteral	given by injection
parenthesis	a mark adding extra info
parenthetical	added as extra information
parenthood	state of being a parent
parfait	a layered glass dessert
pariah	an outcast rejected by others
parietal	relating to skull walls
paring	a thin strip trimmed off
parish	a local church district
parishioner	a local church member
parity	equal status or amount
parka	a warm hooded jacket
parked	left standing in place
parkland	open grassy land
parkour	running and jumping sport
parkway	a wide landscaped road
parlance	a particular way of speaking
parlay	turn small gains bigger
parley	a dispute-settling talk
parliamentarian	a member of parliament
parliamentary	relating to a parliament
parlor	a sitting room
parlour	a sitting room
parochial	narrow or limited in outlook
parody	a humorous imitation of something
parole	early release from prison
parolee	early-released prisoner
parotid	relating to a salivary gland
paroxysmal	occurring in sudden attacks
parquet	flooring made of wood pieces
parr	a young salmon
parrot	a colorful tropical bird
parrotfish	a colorful tropical reef fish
parry	a defensive block
parse	to break down and analyze
parser	a text-analyzing program
parsimonious	unwilling to spend money
parsimony	extreme thriftiness
parsley	a cooking herb
parsnip	a pale root vegetable
parson	a church minister
parsonage	a minister's house
partake	to take part in something
parted	separated or divided
partial	not complete
partiality	unfair favoring of one side
partially	not completely
participant	one taking part
participating	taking part in something
participatory	involving people taking part
participle	verb form as adjective
particle	a tiny piece of matter
particularity	a specific distinguishing detail
particulate	made of tiny separate particles
parting	a separation or farewell
partisan	strongly supporting one side
partisanship	strong support for one side
partition	a wall dividing a space
partitioning	dividing something into parts
partizan	strongly supporting one side
partridge	a small game bird
parttime	for less than full hours
pas	a dance step
pascal	a unit of pressure
paschal	relating to easter or passover
paseo	a leisurely evening walk
pasha	a high-ranking ottoman official
passable	acceptable but not excellent
passage	a route or corridor
passageway	a narrow route between places
passant	shown walking, facing sideways
passbook	a booklet recording bank transactions
passe	no longer fashionable
passer	someone who passes by
passerby	a person walking past
passionate	full of strong feeling
passionately	with strong feeling
passive	not acting or resisting
passively	without acting or resisting
passivity	lack of action or resistance
passport	document for international travel
password	secret word for access
pasta	italian noodle dish
paste	a thick soft mixture
pasted	stuck on with glue
pastel	a soft pale color
pasteurization	heating to kill germs
pasteurized	heated to kill germs
pastiche	a work imitating other styles
pastime	an activity done for enjoyment
pastor	a church leader
pastoral	relating to peaceful country life
pastorate	a pastor's position
pastrami	seasoned smoked beef
pastry	baked dough food
pasture	grassy land for grazing animals
pasty	pale, like paste
pat	exactly fitting or convenient
patch	a small covering piece
patched	repaired with a small piece
patching	repairing with a small piece
patchouli	a strong sweet plant scent
patchwork	made of joined small pieces
patchy	uneven, only in some spots
pate	top of the head
patella	the kneecap
patellar	relating to the kneecap
patent	officially protected as an invention
patented	officially protected as an invention
patently	clearly and obviously
pater	father
paternal	relating to a father
paternalism	controlling for others' good
paternalistic	acting like an overprotective authority
paternity	state of being a father
paternoster	the lord's prayer
pathetic	causing pity or sadness
pathetically	in a pitiable way
pathfinder	one who finds new ways
pathogen	a germ that causes disease
pathogenesis	the way a disease develops
pathogenic	causing disease
pathologic	relating to disease
pathological	relating to disease
pathologically	in a diseased way
pathologist	a doctor who studies diseases
pathology	the study of diseases
pathos	a quality that stirs pity
pathway	a path or route
patience	calm ability to wait
patiently	in a calm, waiting way
patina	an aged surface layer
patio	an outdoor paved area
patisserie	a shop selling pastries
patois	a regional dialect
patriarch	male family head
patriarchal	ruled by men
patriarchate	a patriarch's territory
patriarchy	a society ruled by men
patrician	relating to nobility
patrilineal	tracing descent through the father
patrimony	inheritance from one's father
patriot	someone who loves their country
patriotic	showing love for one's country
patriotism	love for one's country
patristic	relating to early christian writers
patrol	a group guarding an area
patrolman	a police officer on patrol
patron	a cause's supporter
patronage	support given by a patron
patroness	a woman who gives support
patronise	to talk down to someone
patronised	treated as if inferior
patronising	treating someone as inferior
patronize	to talk down to someone
patronized	treated as if inferior
patronizing	treating someone as inferior
patsy	easily blamed person
patten	an old wooden overshoe
patter	quick light tapping sound
patterned	decorated with a repeated design
patty	a small flat food piece
paucity	a small or insufficient amount
paunch	a large protruding belly
pauper	a very poor person
pause	a brief stop
pavan	a slow formal dance
pave	cover with hard surface
paved	covered with a hard surface
pavement	a hard walking surface
pavilion	a large open tent
paving	a hard surface for walking
pavlova	a meringue dessert with fruit
paw	an animal's foot
pawn	a person used by others
pawnbroker	lends money for goods
pawnshop	lends money for goods
pawpaw	a tropical fruit tree
pax	peace
payable	needing to be paid
payables	money owed to others
payback	revenge or return on investment
paycheck	a payment for work done
payday	the day wages are paid
payee	person who receives payment
payer	person who makes a payment
payload	the cargo a vehicle carries
paymaster	person who pays wages
payoff	a final result or reward
payroll	list of paid employees
paywall	payment content barrier
pct	percent
pdl	a unit of force
pea	a small round green vegetable
peaceable	inclined to avoid conflict
peaceably	in a calm, non-violent way
peaceful	calm and free of conflict
peacefully	in a calm, quiet way
peacefulness	a state of calm
peacekeeper	a soldier maintaining peace
peacekeeping	aimed at maintaining peace
peacemaker	someone who settles disputes
peacetime	a period without war
peach	a soft round orange fruit
peachy	very pleasant or fine
peacock	colorful-tailed bird
peaked	reached the highest point
peaky	looking pale and unwell
peal	a loud ringing sound
peanut	a small oily edible seed
peanuts	very small amounts of money
pear	a sweet green fruit
pearl	smooth gem from oysters
pearly	shiny like a pearl
peasant	a poor farm worker
peasantry	poor farm workers
peat	dark soil used as fuel
peaty	tasting or smelling of peat
peavey	a lever tool for logs
peavy	a lever tool for logs
pebble	a small smooth stone
pecan	a sweet brown nut
peck	to strike with a beak
pecker	a bird's beak
peckish	slightly hungry
pecs	chest muscles
pectin	a substance that thickens jam
pectoral	relating to the chest
pectoralis	a chest muscle
peculiar	strange or unusual
peculiarity	an odd feature
peculiarly	in a strange way
pecuniary	relating to money
pedagogic	relating to teaching
pedagogical	relating to teaching
pedagogue	a strict teacher
pedagogy	the method of teaching
pedal	operated by foot
pedant	someone overly fussy about rules
pedantic	overly focused on small details
pedantry	excessive attention to petty details
peddle	sell door to door
peddler	one who sells around
peddling	the selling of goods around
pedestal	a statue's base
pedestrian	dull and unoriginal
pediatric	relating to children's medicine
pediatrician	a doctor for children
pediatrics	the medical care of children
pedicel	a small flower stalk
pedicle	a small stalk or stem
pedicure	a foot treatment
pedigree	having a distinguished ancestry
pediment	triangular part above door
pedometer	a device that counts steps
pedophile	an adult attracted to children
pedophilia	sexual attraction to children
peduncle	stalk of flower or fruit
pee	urine
peeing	the act of urinating
peek	a quick, secret look
peekaboo	a game hiding and reappearing
peel	the skin of a fruit
peeled	with the skin removed
peeler	a tool for removing skin
peeling	removing skin or coating
peen	rounded hammer end
peep	a quick look
peephole	small viewing hole
peer	a person of equal standing
peerage	the rank of nobility
peerless	better than everyone else
peeve	a thing that annoys
peeved	annoyed
peewee	a very small thing
peg	a small fastening pin
pegboard	board with peg holes
pejorative	expressing disapproval
pel	small unit of image color
pelagic	living in the open sea
pelican	pouch-throated bird
pellet	a small round ball
pelt	an animal skin with fur
pelting	falling heavily and rapidly
pelvic	relating to the hips
pelvis	hip bone structure
penal	relating to punishment
penalise	punish for a rule break
penalize	punish for a rule break
penance	act showing sorrow
penchant	a strong liking for something
pencil	pointed writing tool
penciled	marked with pencil
pencilled	marked with pencil
pendant	hanging down
pendent	hanging down
pending	waiting to be decided
pendragon	an ancient British war leader
pendulous	hanging loosely and swinging
pendulum	swinging weight
penetrate	go into something
penetrating	sharp and piercing
penetration	act of going into
penetrative	able to pass into something
penetrator	something that pierces through
penguin	flightless sea bird
penicillin	a common antibiotic medicine
penile	relating to the penis
peninsula	land nearly surrounded by water
peninsular	relating to a peninsula
penis	the male sex organ
penitence	deep regret for wrongdoing
penitent	feeling sorry for wrongdoing
penitential	showing sorrow for sin
penitentiary	relating to a prison
penknife	a small folding pocketknife
penman	a skilled writer or scribe
penmanship	the skill of handwriting
pennant	a small flag, often triangular
penne	short tube-shaped pasta
penniless	having no money
penning	the writing of something
penny	a low-value coin
pennyworth	the value of a penny
pension	regular payments after retirement
pensioner	a person receiving retirement payments
pensive	deep in thought
pent	held back or confined
pentagon	a five-sided shape
pentagonal	having five sides
pentagram	a five-pointed star
pentameter	five-beat poetry line
pentathlon	five-event contest
pentatonic	using five musical notes
pentecostal	relating to a Christian movement
penthouse	top-floor luxury apartment
pentobarbital	a sedative drug
penultimate	second to last
penumbra	a partial shadow
penury	extreme poverty
peon	a lowly worker or laborer
peony	a large flowering garden plant
peopled	filled with inhabitants
peoples	groups of nations
pep	lively energy
peplum	flared skirt garment piece
pepper	a spicy seasoning or vegetable
peppercorn	dried pepper berry
pepperidge	a type of tree
peppermint	a strong minty flavor
pepperoni	a spicy cured sausage
peppery	sharp and spicy
peppy	full of energy
peptic	relating to digestion
peptide	chain of amino acids
perceivable	able to be noticed
perceive	notice or become aware
perceived	regarded a certain way
percentile	ranking out of a hundred
perceptible	able to be noticed
perception	the way something is understood
perceptive	quick to notice things
perceptual	relating to perceiving
perch	a bird's resting place
perchance	perhaps
perchlorate	a chemical compound with chlorine
percolate	to filter through slowly
percolation	slow liquid filtering
percussion	instruments played by striking
percussionist	a musician who plays drums
percussive	relating to striking or hitting
percutaneous	done through the skin
perdition	eternal damnation
peregrine	a fast-flying falcon
peremptory	commanding and allowing no refusal
perennial	lasting a long time
perennially	constantly or repeatedly
perestroika	soviet reform policy
perfected	made flawless
perfection	the state of being flawless
perfectionism	the demand for flawless results
perfectionist	a person who demands flawlessness
perfidious	deceitful and disloyal
perfidy	betrayal of trust
perforate	pierced with small holes
perforated	pierced with small holes
perforation	a small pierced hole
perforce	necessarily
performer	one who performs
perfume	pleasant-smelling liquid
perfumed	having a pleasant scent
perfumer	someone who makes perfume
perfumery	the making of perfumes
perfunctory	done with little care
perfusion	blood flow through tissue
pergola	lattice-roofed garden structure
peri	a beautiful supernatural being
perianth	outer parts of a flower
pericardial	relating to heart's sac
pericardium	the sac surrounding the heart
peridot	a green gemstone
perigee	orbit's closest point
perihelion	closest point to sun
peril	serious danger
perilous	full of danger
perilously	dangerously
perimeter	an area's outer boundary
perinatal	relating to time around childbirth
perineal	relating to the perineum
perineum	area between genitals and anus
periodic	happening at regular intervals
periodical	a magazine published regularly
periodically	from time to time
periodicity	regular recurrence
periodontal	relating to gums and teeth
periodontitis	a gum disease
peripatetic	traveling from place to place
peripheral	on the outer edge
peripherally	in a minor way
periphery	the outer edge of something
periscope	viewing tube over obstacles
perish	to die or be destroyed
perishable	likely to decay quickly
peritoneal	relating to abdomen lining
peritoneum	abdominal cavity lining
peritonitis	inflammation of the abdominal lining
periwinkle	a small blue-flowered plant
perjury	lying under oath
perk	a small extra benefit
perky	cheerful and lively
perm	a treatment that curls hair
permafrost	permanently frozen ground
permanence	the state of lasting forever
permanency	the state of being permanent
permanently	forever, without change
permeability	ability to let pass through
permeable	letting liquid or gas through
permeate	to spread through something completely
permeating	spreading through completely
permeation	the spreading through of something
permissible	allowed
permissive	allowing much freedom of behavior
permit	an official document giving permission
permutation	one items arrangement
pernicious	causing harm gradually
peroxidase	peroxide-breaking enzyme
peroxide	a bleaching chemical
perpendicular	at a right angle
perpendicularly	at a right angle
perpetrate	to carry out a wrongdoing
perpetrator	one who commits a crime
perpetual	never ending
perpetually	constantly, without stopping
perpetuate	to make something continue
perpetuation	the continuing of something
perpetuity	a state lasting forever
perplexed	confused
perplexing	confusing
perplexity	a state of confusion
perry	a pear alcoholic drink
persecute	treat cruelly for beliefs
persecution	cruel and unfair treatment
persecutor	someone who persecutes others
perseverance	steady effort despite difficulty
persevere	to keep trying despite difficulty
persevering	continuing despite difficulty
persimmon	an orange sweet fruit
persist	to continue firmly despite difficulty
persistence	steady continuation despite difficulty
persistent	continuing firmly despite difficulty
persistently	in a continuing, determined way
persisting	continuing despite difficulty
persona	presented public image
personable	pleasant and friendly in manner
personage	an important person
personalise	suit to one person
personalised	made to suit one person
personalize	suit to one person
personalized	made to suit one person
personhood	state of being a person
personification	idea shown as human
personify	represent as human
perspiration	sweat
perspire	to sweat
persuade	convince to act
persuasion	the act of convincing someone
persuasive	able to convince others
persuasively	in a convincing way
pert	cheeky and confident
pertain	to relate to something
pertinent	relevant to the matter
perturbation	a disturbance or disruption
perturbed	worried or unsettled
pertussis	whooping cough
perusal	a careful reading of something
peruse	to read carefully
perusing	reading carefully
perv	sexually unwanted person
pervade	to spread through completely
pervasive	present throughout something
pervasiveness	the quality of spreading throughout
perverse	deliberately unreasonable
perversely	in a deliberately contrary way
perversion	distortion of normal
perversity	a stubborn contrariness
pervert	abnormal sexual person
perverted	distorted from what is normal
pes	the foot or foot-like structure
peshmerga	kurdish military fighters
pesky	annoying
peso	a money unit
pessimism	expecting the worst
pessimist	someone who expects the worst
pessimistic	expecting the worst outcome
pest	an annoying or destructive creature
pester	to bother someone repeatedly
pestered	bothered repeatedly
pestering	bothering someone repeatedly
pesticide	a chemical that kills pests
pestilence	a deadly widespread disease
pestis	the plague
pestle	a mortar-grinding tool
pesto	basil and oil sauce
petal	colored flower part
petiole	the stalk of a leaf
petite	small and slim in build
petitioner	one making formal request
petrel	a small seabird
petrochemical	chemical from oil or gas
petrol	fuel used in vehicle engines
petroleum	oil pumped from the ground
petrology	the study of rocks
petter	a person who pets animals
petticoat	a woman's underskirt
pettiness	small-minded meanness
petting	the stroking of an animal
petty	unimportant or small-minded
petulance	childish irritability
petulant	irritable in a childish way
petunia	a common garden flower
pew	a church bench
pewter	a gray metal alloy
peyote	hallucinogenic small cactus
phaeton	an old open horse-drawn carriage
phage	a virus that infects bacteria
phagocytosis	cell engulfing particles
phalanx	a tightly packed group formation
phallic	shaped like a penis
phallus	a penis symbol
phantasm	a ghostly figure
phantasy	a fanciful imagined story
phantom	existing only in appearance
pharisee	a self-righteous hypocrite
pharma	the pharmaceutical industry
pharmaceutical	relating to medicinal drugs
pharmacist	medicine-preparing professional
pharmacokinetics	how drugs move in body
pharmacologic	relating to drug study
pharmacological	relating to drug study
pharmacologically	in terms of drug effects
pharmacology	study of how drugs work
pharmacopoeia	a book listing medicinal drugs
pharmacy	a shop that sells medicines
pharos	a lighthouse
pharyngeal	relating to the throat
pharynx	back of the throat
pheasant	a long-tailed game bird
phenobarbital	a sedative drug
phenol	a disinfectant chemical
phenolic	relating to a chemical compound
phenomenal	remarkably impressive
phenomenally	remarkably
phenomenology	the study of conscious experience
phenomenon	a remarkable occurrence
phenotype	an organism's observable traits
phenotypic	relating to observable traits
phenylalanine	an essential amino acid
phenytoin	a medicine for seizures
pheromone	a chemical signal between animals
phi	a greek letter
philander	to have casual affairs
philanderer	man with many affairs
philanthropic	generous in helping others
philanthropist	generous cause giver
philanthropy	generous giving to good causes
philatelic	relating to stamp collecting
philately	the hobby of collecting stamps
philharmonic	relating to an orchestra
philistine	indifferent to art
philological	relating to language study
philologist	a scholar who studies language
philology	the study of language history
philosopher	deep-questions thinker
philosophic	relating to philosophy
philosophical	relating to deep questions
philosophically	in a calm, reasoned way
philosophizing	thinking deeply about serious questions
phlegm	thick mucus from the throat
phlegmatic	calm and not easily excited
phloem	plant tissue that carries food
phlox	a flowering garden plant
phobia	an intense irrational fear
phobic	having an intense irrational fear
phoebe	a small songbird
phoenix	ash-reborn mythical bird
phon	a unit of loudness
phonebook	a directory of phone numbers
phoneme	basic speech sound unit
phonemic	relating to speech sounds
phonetic	relating to speech sounds
phonetically	according to speech sounds
phonetics	the study of speech sounds
phoney	fake or not genuine
phonics	teaching reading by sound
phonograph	an old record player
phonological	relating to speech sound patterns
phonology	study of language sounds
phony	fake or not genuine
phosphatase	an enzyme that removes phosphate
phosphate	fertilizer chemical salt
phosphine	a poisonous gas compound
phospholipid	cell membrane fat molecule
phosphor	a light-glowing substance
phosphorescent	glowing faintly in the dark
phosphoric	containing phosphorus
phosphorous	containing phosphorus
phosphorus	a glowing chemical element
phot	a unit of light brightness
photobomb	to intrude into someone's photo
photochemical	light-caused chemical reaction
photocopier	a machine that copies documents
photocopy	a copied document
photoelectric	light-produced electricity
photoelectron	an electron released by light
photogenic	looking good in photographs
photograph	a camera picture
photographer	someone who takes photographs
photographic	relating to photographs
photographically	in a photograph-like way
photojournalism	news reporting through photographs
photojournalist	photo-reporting journalist
photometric	relating to measuring light
photometry	the measurement of light
photon	a tiny particle of light
photosensitive	reacting strongly to light
photoshop	to digitally alter an image
photosphere	a star's visible surface
photosynthesis	plants making food from light
photosynthetic	able to make food from sunlight
photovoltaic	converting sunlight into electricity
phrasal	relating to a word group
phraseology	a particular style of wording
phrasing	the way words are arranged
phrenology	false skull-shape study
phylogenetic	relating to evolutionary relationships
phylogeny	species' evolutionary history
phylum	broad related-species group
physic	a medicine
physicality	the quality of being physical
physician	a medical doctor
physicist	a scientist who studies physics
physicochemical	relating to physics and chemistry
physiognomy	a person's facial features
physiologic	relating to body function
physiological	relating to body function
physiologically	in terms of body function
physiologist	body-function scientist
physiology	study of body function
physiotherapist	exercise-injury treater
physiotherapy	exercise injury treatment
physique	a body's shape and build
phytoplankton	tiny plants floating in water
pia	thin brain-covering membrane
pianist	someone who plays the piano
pianoforte	old name for piano
piazza	an open public square
pic	a picture
pica	a unit of type size
picador	a bull-spearing horseman
picaresque	about a roguish wandering hero
picayune	trivial or petty
piccolo	a small high-pitched flute
pickaxe	hard-ground breaking tool
picker	someone who picks things
pickerel	a small freshwater fish
picket	a place protester
pickings	things easily gained or stolen
pickle	a food preserved in vinegar
pickled	preserved in vinegar
pickpocket	someone who steals from pockets
pickup	a small open-backed truck
picky	overly fussy about choices
picnic	an outdoor meal
picot	small decorative lace loop
pictorial	relating to pictures
pictured	shown in an image
picturesque	pretty like a picture
picturing	imagining something in the mind
pidgin	a simplified mixed language
pie	a crusted baked dish
piecemeal	done a little at a time
pied	having patches of different colors
piedmont	land at mountain's base
pier	a platform extending over water
pierce	make a hole through
pierced	having a hole punched through
piercing	sharp and penetrating
pieta	mary holding dead Jesus
piety	deep religious devotion
piezoelectric	producing electricity from pressure
pig	meat-raised farm animal
pigeon	a common gray bird
pigeonhole	small sorting compartment
piggy	greedy or pig-like
piggyback	riding on someone's back
piglet	a baby pig
pigment	a substance that gives color
pigmentation	coloring of skin or tissue
pigskin	leather made from pig hide
pigtail	a braid of hair
pika	a small rabbit-like mountain animal
pike	a long-bodied freshwater fish
pilaf	rice cooked in broth
pilar	relating to hair
pile	a heap of things
piles	swollen veins near the anus
pileup	a crash involving many vehicles
pilfer	to steal small things
pilgrim	holy-place traveler
pilgrimage	journey to sacred place
piling	ground-driven support post
pill	a small tablet of medicine
pillage	violent looting during war
pillaged	looted violently
pillaging	violent looting
pillar	a tall supporting post
pillared	supported by tall posts
pillbox	a small container for pills
pillion	seat behind motorcycle rider
pillory	a device for public punishment
pillow	soft head cushion
pillowcase	cloth pillow cover
piloting	flying or steering a craft
pimento	a mild red pepper
pimp	someone who exploits prostitutes
pimpernel	a small red-flowered plant
pimple	a small skin bump
pin	a small pointed fastener
pinafore	a sleeveless apron dress
pinata	treat-filled decorated container
pinball	bouncing-ball arcade game
pincer	a claw for gripping
pinch	finger-thumb squeeze
pinche	a small amount grabbed
pinched	squeezed tightly
pincushion	small pin holder
pine	an evergreen tree
pineal	relating to a brain gland
pineapple	a spiky tropical fruit
pinecone	pine tree seed case
ping	a short sharp sound
pinhead	a very small-minded person
pinhole	a tiny hole
pining	longing sadly for something
pinion	a small gear wheel
pinkie	the smallest finger
pinkish	slightly pink
pinko	a mildly left-wing person
pinky	the smallest finger
pinna	outer visible ear part
pinnacle	the highest point of success
pinnate	having leaflets arranged in rows
pinner	someone who pins things
pinning	fastening with a pin
pinpoint	a very precise location
pinstripe	thin cloth stripe pattern
pint	a unit of liquid measure
pinto	a horse with patchy coloring
pinwheel	wind-spinning toy
pion	a tiny subatomic particle
pioneer	first explorer or developer
pious	deeply religious
pip	a small seed in fruit
pipe	liquid-carrying hollow tube
pipeline	pipe system for liquid or gas
piper	pipe instrument player
pipette	thin liquid-measuring tube
pipework	a system of connected pipes
piping	a system of pipes
piquant	pleasantly sharp in taste
pique	a feeling of irritation
piquet	a two-player card game
piracy	illegal copying or sea robbery
piranha	a small aggressive fish
pirate	ship-robbing sea criminal
pirouette	a spinning turn in dance
piss	urine
pissed	very annoyed
pissing	urinating
pistachio	a green edible nut
piste	a marked ski trail
pistol	a small handgun
piston	engine cylinder moving part
pit	a deep ground hole
pita	a flat round bread
pitched	thrown or sloped
pitcher	a container for pouring liquid
pitchfork	sharp-pronged farm tool
pitching	throwing or presenting persuasively
pitfall	a hidden danger or trap
pith	soft peel layer
pithy	brief and full of meaning
pitiable	deserving pity
pitiful	arousing pity or contempt
pitifully	in a pity-arousing way
pitiless	showing no mercy
pitman	a coal miner
pitta	a flat round bread
pittance	very small money amount
pitted	marked with small holes
pitting	forming small holes or dents
pituitary	relating to a hormone gland
pity	sorrow for someone's suffering
pivot	a turning point
pivotal	crucially important
pix	pictures
pixel	tiny image dot
pixie	a small mischievous fairy
pizzazz	lively excitement and style
pizzeria	a restaurant serving pizza
pizzicato	plucked rather than bowed
placard	a sign carried or displayed
placate	to calm someone's anger
placating	calming someone's anger
placebo	a fake medical treatment
placeholder	temporary substitute item
placement	act of putting somewhere
placenta	fetus-nourishing organ
placental	relating to the placenta
placer	a deposit of valuable minerals
placid	calm and peaceful
plage	bright sun surface area
plagiarised	copied without permission
plagiarism	copying others' work
plagiarize	copy others' work
plagiarized	copied without permission
plagioclase	a common rock-forming mineral
plague	a deadly widespread disease
plaice	a flat edible fish
plaid	a checkered cloth pattern
plainly	clearly and simply
plaintiff	a lawsuit-bringing person
plaintive	sounding sad and mournful
plait	braid of hair or rope
planar	flat and two-dimensional
planer	a tool for smoothing wood
planetarium	star display building
planetary	relating to planets
plank	long flat wood piece
planking	flat boards used for building
plankton	tiny organisms floating in water
planktonic	relating to tiny floating organisms
planner	a person who organizes plans
plantain	a starchy banana-like fruit
plantar	relating to foot's sole
plantation	single-crop large farm
planted	put in ground to grow
planter	a container for growing plants
planting	putting seeds in soil
plaque	a flat commemorative panel
plasma	hot ionized matter state
plasmid	small bacterial DNA ring
plasminogen	clot-dissolving blood protein
plasmodium	a parasite that causes malaria
plaster	wall-hardening paste
plasterboard	interior wall board
plastered	covered with plaster
plasterer	a person who applies plaster
plastering	applying plaster to walls
plasticity	ability to be reshaped
plastique	a moldable explosive material
plat	a map of land divisions
plateau	flat raised land area
platelet	clot-helping blood cell
platen	printing press flat plate
plater	a worker who plates metal
plating	a thin metal coating
platinum	a valuable silvery-white metal
platitude	an overused, meaningless remark
platonic	affectionate but not romantic
platoon	a small group of soldiers
platter	a large flat serving dish
platypus	duck-billed egg-laying mammal
plaudits	praise for an achievement
plausibility	the quality of seeming believable
plausible	seeming reasonable or believable
plausibly	in a believable way
playable	able to be played
playback	replaying recorded sound or video
playbill	a poster advertising a play
playbook	a set of standard tactics
playboy	a wealthy pleasure-seeking man
playful	fond of fun and games
playfully	in a fun, lighthearted way
playfulness	a fun and lighthearted quality
playground	children's outdoor play area
playhouse	small children's play house
playlist	list of songs to play
playmaker	scoring-chance setup player
playmate	a friend to play with
playoff	season-deciding match
playpen	safe baby play enclosure
playroom	a room for children's play
plaything	a toy
playtime	time set aside for play
playwright	someone who writes plays
plaza	an open public square
plea	an urgent request
plead	to beg earnestly
pleading	begging earnestly
pleasance	a pleasant garden or park
pleasant	nice and enjoyable
pleasantly	in an enjoyable way
pleaser	one who pleases others
pleasing	giving satisfaction or enjoyment
pleasingly	in a satisfying way
pleasurable	giving enjoyment
pleat	a folded crease in cloth
pleb	an ordinary common person
plebeian	common and ordinary
plebiscite	a public issue vote
pledge	a solemn promise
pledged	solemnly promised
plenary	fully attended by everyone
plenipotentiary	a diplomat with full authority
plentiful	existing in large amounts
plenum	a full assembly meeting
plethora	an overwhelming amount
pleural	relating to lung lining
pleurisy	painful lung lining inflammation
plexiglass	a strong clear plastic
plexus	network of nerves or vessels
pliable	easily bent or shaped
pliant	easily bent or influenced
pliers	gripping and bending tool
plight	a difficult or dangerous situation
plinth	a base supporting a statue
plod	a slow heavy walk
plodding	moving slowly and heavily
plonk	cheap wine
plop	a soft dropping sound
plotted	secretly planned
plotter	someone who secretly plans something
plough	soil-turning farm tool
ploughed	turned soil with a plow
ploughing	turning soil with a plow
plover	a small shorebird
plow	soil-turning farm tool
plowed	turned soil with a plow
plowing	turning soil with a plow
plowman	a farmer who plows fields
ploy	a cunning trick
pluck	courage and determination
plucked	pulled out quickly
plucky	brave and determined
plug	a sealing or connecting device
plugged	fitted with a plug
plum	a small sweet purple fruit
plumage	a bird's feathers
plumb	exactly vertical
plumber	pipe installer and fixer
plumbing	a system of water pipes
plume	a long feather
plumed	decorated with a feather
plummet	a sudden steep drop
plump	pleasantly rounded and full
plumping	making something fuller or rounder
plunder	war or raid stolen goods
plundered	stolen through looting
plundering	looting and stealing
plunge	a sudden dive or drop
plunger	a tool for unclogging pipes
plunk	a dull hollow sound
plural	referring to more than one
pluralism	many groups coexisting
pluralist	diversity-supporting person
pluralistic	involving many different groups
plurality	largest share, not majority
plush	soft and luxurious
plutocracy	rule by the wealthy
pluton	cooled underground rock mass
plutonic	formed deep from cooled magma
plutonium	a radioactive metal element
ply	a layer or thickness
plywood	glued thin-layer wood
pneumatic	operated by compressed air
pneumatics	study of air pressure systems
pneumococcal	relating to pneumonia bacterium
pneumonia	a serious lung infection
pneumonic	relating to the lungs
pneumothorax	a collapsed lung condition
poach	to cook gently in liquid
poached	cooked gently in liquid
poacher	someone who hunts illegally
poaching	illegal hunting or gentle cooking
pock	a small scar or pit
pocketbook	a small wallet or purse
pocketful	amount a pocket holds
pod	a plant seed case
podcast	a recorded audio show online
podiatrist	a doctor for feet
podiatry	the medical care of feet
podium	a small standing platform
poem	a rhythmic piece of writing
poet	a person who writes poems
poetess	a woman poet
poetic	like poetry
poetical	like poetry
poetically	in a poetic way
poetics	the study of poetry
pogrom	organized violent group attack
poi	a mashed taro paste dish
poignancy	deeply moving quality
poignant	deeply moving or sad
poignantly	in a deeply moving way
poinsettia	a plant with red leaves
pointedly	in a clearly deliberate way
pointer	something that points or hints
pointless	having no purpose
pointlessly	without any purpose
poise	calm graceful confidence
poised	calm and ready
poison	a harmful substance
poisoning	harm from a toxic substance
poisonous	able to harm or kill
poke	a light jab or push
poker	metal fire-tending rod
pokey	small and cramped
poking	the act of jabbing lightly
pol	a politician
polar	relating to a pole
polarisation	splitting into opposite groups
polarity	having two opposite states
polarization	splitting into opposite groups
polarize	to split into opposite groups
pole	a long thin rod
polecat	a small smelly weasel-like animal
polemic	fiercely arguing against something
polemical	fiercely arguing against something
polemics	the practice of fierce argument
polenta	a cooked cornmeal dish
polestar	a guiding star
policeman	a male police officer
policewoman	a female police officer
policyholder	an insurance policy owner
polio	paralysis-causing disease
poliomyelitis	paralysis-causing disease
poliovirus	the virus that causes polio
polish	a shine or gloss
polished	made smooth and shiny
polisher	a shining tool or person
polishing	making something shiny
politburo	a communist party's ruling committee
polite	well mannered and respectful
politely	in a respectful, courteous way
politeness	good manners
politic	wise and careful
politically	in a governmental way
politician	public office holder
politicize	to make something political
politico	a politician
polity	a system of government
polka	a lively couple dance
pollack	an edible ocean fish
pollard	trunk-trimmed tree
pollen	fine powder from flowers
pollinate	carry pollen to plants
pollination	pollen transfer between flowers
pollinator	an animal that spreads pollen
pollock	an edible ocean fish
polls	places or results of voting
pollster	someone who surveys public opinion
pollutant	environment-dirtying substance
pollute	to make dirty or unclean
polluted	made dirty or unclean
polluter	something that dirties the environment
pollution	dirt or waste harming nature
polo	a game played on horseback
polonium	a rare radioactive element
poltergeist	a noisy mischievous ghost
polyamide	tough plastic fiber
polychrome	having many colors
polycrystalline	made of many small crystals
polyester	a synthetic fabric material
polyethylene	a common plastic material
polygamist	a person with multiple spouses
polygamous	having multiple spouses
polygamy	having multiple spouses at once
polyglot	speaking many languages
polygon	many-sided shape
polygonal	having many straight sides
polygraph	a lie detector machine
polyhedral	having many flat faces
polyhedron	many-faced solid shape
polymath	skilled in many fields
polymer	repeated-unit large molecule
polymerase	genetic-chain building enzyme
polymeric	made of large repeated molecules
polymerization	joining molecules into chains
polymorphic	able to take many forms
polymorphism	ability to take many forms
polynomial	an expression with several terms
polyp	small growth or sea creature
polypeptide	chain of amino acids
polyphonic	having many melodic voices
polyphony	music with many independent melodies
polypropylene	a common tough plastic
polysaccharide	a large sugar molecule chain
polystyrene	a light foam plastic
polytechnic	a school for technical skills
polytheism	belief in many gods
polytheistic	believing in many gods
polythene	a thin flexible plastic
polyunsaturated	a type of healthy fat
polyurethane	durable plastic or foam
pom	a small fluffy dog
pomade	a hair styling paste
pomegranate	many-red-seed fruit
pomfret	a flat edible fish
pommel	saddle or sword knob
pomp	grand and showy ceremony
pompadour	a hairstyle swept up high
pompano	a small edible ocean fish
pomposity	self-important behavior
pompous	self-important and arrogant
ponce	an arrogant or showy man
poncho	simple head-hole cloak
pond	small still water body
ponder	to think carefully about something
pondering	thinking deeply about something
ponderosa	a large pine tree
ponderous	slow and heavy
pone	cornmeal bread
pong	a strong unpleasant smell
pons	a part of the brainstem
pontifex	a high priest
pontiff	the pope
pontifical	relating to the pope
pontificate	a pope's period in office
pontoon	a floating platform or boat
pony	a small horse
ponytail	hair tied back
pooch	a dog
poodle	a curly-haired dog breed
poof	a sudden puff or disappearance
poon	a type of tropical tree
poop	solid waste from an animal
poorhouse	home for the very poor
poorly	badly or unwell
popcorn	popped kernels of corn
popish	relating to the pope
poplar	a tall fast-growing tree
popper	a device that pops open
poppet	term of endearment for child
poppin	lively and exciting
popping	making a quick sharp sound
poppy	a flower with bright petals
popsicle	a frozen flavored ice treat
populace	ordinary people of a place
popularise	to make widely liked
popularity	being well liked
popularization	making something widely known
popularize	to make widely liked
popularly	widely or commonly
populate	fill with people
populated	filled with people
populism	appeal to ordinary people's concerns
populist	appeals to ordinary people
populous	having many people
porcelain	fine white ceramic material
porch	covered house entrance
porcine	relating to pigs
porcupine	a spiny rodent
porcupines	spiny rodents
pore	a tiny opening in skin
porgy	an edible ocean fish
pork	meat from a pig
porno	pornographic material
pornographer	a maker of pornography
pornographic	showing explicit sexual content
pornography	explicit sexual material
porosity	quality of tiny holes
porous	full of tiny holes
porphyria	a rare blood disorder
porphyry	a type of reddish rock
porpoise	a small whale-like sea mammal
porridge	a soft cooked cereal dish
porta	an opening or passage
portability	ease of being carried
portable	easy to carry around
portage	carrying boats between waters
portal	an entrance or doorway
portcullis	a heavy castle gate
portend	signal something coming
portent	sign of what's coming
portentous	seeming to foretell something important
porter	a person who carries luggage
porterhouse	a large cut of steak
portfolio	a case for carrying documents
porthole	small round ship window
portico	a covered entrance with columns
portly	somewhat fat
portmanteau	a word blending two others
portrait	a picture of a person
portraiture	the art of making portraits
portray	to depict or represent
portrayal	depiction of someone
portrayed	depicted or represented
portraying	depicting or representing
pose	a body position
posed	arranged in a particular position
poser	a person who acts fake
posh	fancy and upper-class
posing	arranging the body
posit	a stated assumption
positional	relating to placement or position
positioning	arranging in a place
positively	definitely or with certainty
positivism	belief only in observable facts
positivist	believing only in observable facts
positivity	a hopeful, optimistic attitude
positron	a tiny positively charged particle
posse	a group formed to act
possess	to own or have
possessed	controlled by an evil spirit
possessive	overly controlling
possessiveness	the desire to control something
possessor	an owner of something
possum	a small tree-dwelling animal
postage	the cost of mailing something
postal	relating to mail delivery
postcard	a mailed picture card
postcode	a mail delivery area code
postdoc	a researcher after a doctorate
postdoctoral	after earning a doctorate
poster	a large printed notice
posterior	located at the back
posterity	future generations
postgraduate	after a first college degree
posthumous	happening after death
posthumously	occurring after someone's death
postman	a person who delivers mail
postmark	a mail date stamp
postmaster	a post office head
postmenopausal	after menopause
postmodern	later artistic style
postmodernism	a later art movement
postmodernist	relating to postmodernism
postmortem	happening after death
postnatal	occurring after childbirth
postoperative	occurring after surgery
postpaid	paid for after use
postpartum	occurring after childbirth
postpone	to delay until later
postponement	a delay until later
postscript	a note added after
postulate	to assume as true
postural	relating to body position
posture	body position or stance
posturing	behaving to impress others
postwar	occurring after a war
posy	a small bunch of flowers
potable	safe to drink
potash	a mineral used in fertilizer
potassium	a soft metallic element
potato	a starchy root vegetable
potbelly	a round protruding stomach
potency	strength or power
potent	very strong or powerful
potentiality	the possibility of something happening
potentiation	boost in strength
potentiometer	a device that measures voltage
pothead	a frequent marijuana user
pothole	a hole in a road
potion	a magical or medicinal drink
potlatch	a ceremonial gift-giving feast
potluck	a shared bring-food meal
potpourri	dried scented flower mix
potted	grown in a pot
potter	a maker of clay pots
pottery	clay pots and bowls
potty	silly or slightly crazy
pouch	a small flexible bag
poultice	a medicinal skin paste
poultry	farm birds raised for food
pounce	a sudden grabbing leap
pounder	something that hits with force
pounding	hitting hard and repeatedly
pour	to make liquid flow out
pouring	flowing steadily
pout	a sulky facial expression
poutine	fries with gravy cheese
powder	a fine dry substance
powdered	made into fine powder
powdery	like fine loose dust
powerboat	a fast motor-driven boat
powered	made to run by energy
powerfully	with great strength
powerhouse	a very strong force
powerless	without any power or control
powerlessness	lack of control
powwow	a gathering to discuss something
pox	a disease causing skin spots
practicable	able to be done
practicality	the quality of being useful
practically	almost or in effect
practiced	skilled through repeated experience
practise	to do repeatedly to improve
practised	skilled through repeated experience
practitioner	a working professional
praetor	an ancient Roman magistrate
praetorian	ancient roman guard related
pragmatic	practical and sensible
pragmatically	in a practical, sensible way
pragmatics	study of language use
pragmatism	a practical approach to problems
pragmatist	a practical, sensible person
prairie	a large area of grassland
praiseworthy	deserving approval
praising	expressing approval or admiration
praline	a sweet nut candy
pram	a baby carriage
prance	a lively bouncing step
prang	a crash or collision
prank	a mischievous practical joke
prankster	a joke player
prat	a foolish person
prater	a pointless talker
prattle	meaningless chatter
prawn	a small edible shellfish
praxis	putting theory into practice
prayerful	devoted to prayer
preach	to give a moral talk
preacher	a religious speaker
preaching	giving a moral talk
preachy	overly moralizing
preamble	an introductory statement
prebend	a clergy member's income allowance
prebendary	a clergy stipend holder
precancerous	likely to become cancer
precarious	unsafe or unstable
precariously	in an unstable, risky way
precast	molded ahead of time
precaution	a harm-preventing action
precautionary	done to prevent possible harm
precede	to come before
precedence	priority over other things
precedent	a standard-setting example
preceding	coming before
precept	a rule guiding behavior
preceptor	a teacher or instructor
precession	slow rotation shift
precinct	a specific district or area
precipice	a very steep cliff edge
precipitate	sudden and hasty
precipitating	causing something to happen suddenly
precipitation	rain or snow
precipitous	very steep
precipitously	very steeply suddenly
precis	a short summary
precise	exact and accurate
precisely	exactly
precision	exactness and accuracy
preclinical	before human testing stages
preclude	to prevent from happening
precocious	unusually mature for one's age
precognition	knowing the future
preconceived	formed before actual experience
preconception	an idea formed in advance
precondition	a required first step
precursor	something that comes before another
predate	to exist before something else
predation	hunting other animals
predator	an animal that hunts others
predatory	hunting and preying on others
predecessor	one's role before
predestination	fate already decided
predestined	determined in advance by fate
predetermined	decided in advance
predicament	a difficult or awkward situation
predicate	the sentence's action part
predict	to say what will happen
predictability	the quality of being expected
predictable	able to be foreseen
predictably	as could be expected
prediction	a statement about the future
predictive	able to forecast outcomes
predictor	a future-outcome sign
predilection	a strong preference
predispose	make prone to
predisposed	inclined toward something
predisposition	a tendency toward something
prednisolone	a steroid medicine
prednisone	a steroid medicine
predominance	being most common
predominant	most common or noticeable
predominantly	mostly or mainly
predominate	being the most common
preeclampsia	a pregnancy blood pressure disorder
preemie	a baby born early
preeminence	greatest importance or status
preeminent	better than all others
preempt	act first to block
preemption	a blocking first action
preemptive	done to block ahead
preen	to groom oneself carefully
preexisting	already there before
prefab	built in advance from parts
preface	an introduction to a book
prefect	a school student with authority
prefectural	local district related
prefecture	a government district
preferable	more desirable
preferably	if possible, more desirably
preference	a favored choice
preferential	giving special treatment
preferentially	favoring one over another
preferment	promotion to a higher position
prefix	added before a word
preform	to shape in advance
prefrontal	front of the brain
preheat	to heat in advance
prehensile	able to grip things
prehistoric	from before written records
prehistory	the time before written records
prejudge	judge before knowing
prejudice	an unfair prior opinion
prejudiced	having unfair opinions about others
prejudicial	unfairly damaging
prelate	a high-ranking church official
prelim	a preliminary event or test
preliminary	coming before the main event
prelims	early qualifying rounds
prelude	an introductory event or piece
premarital	before marriage
premature	happening too early
prematurely	too early
prematurity	being born too early
premeditated	planned beforehand
premeditation	planning something in advance
premenstrual	just before a monthly period
premiere	first or most important
premiership	prime minister's post
premise	a plan's basic idea
premises	a property's land buildings
premonition	a feeling of doom
prenatal	before birth
prentice	a trade learner
prenuptial	before a marriage
preoccupation	something that fills your thoughts
preoccupied	deeply absorbed in thought
preoperative	before a surgery
prep	preparation for something
prepackaged	already packaged before sale
prepaid	paid for in advance
preparatory	getting ready for
preparedness	the state of being ready
prepay	to pay in advance
prepayment	money paid in advance
preponderance	the greater part or number
preposition	a position-showing word
prepositional	relating to a preposition
preposterous	ridiculous and unreasonable
prepper	someone who stockpiles for disaster
prepubescent	just before puberty
prerecorded	recorded ahead of time
prerequisite	needed beforehand
prerogative	a special right or privilege
presage	a coming sign
presbyter	a church elder or minister
presbytery	church elders group
preschool	school for very young children
preschooler	a child of preschool age
prescience	knowledge of what will happen
prescient	able to foresee events
prescribe	to officially recommend a treatment
prescribed	officially recommended or ordered
prescription	doctor-ordered medicine
prescriptive	stating rules to be followed
preseason	before the sports season
presentable	fit to be seen
presentational	about how shown
presenter	someone who introduces a show
presently	soon, or at this time
preservation	keeping something safe
preservative	food-spoilage blocker
preserve	protected area or jam
preserved	kept in its original state
preserver	a safety keeper
preserves	fruit cooked with sugar
preset	already set in advance
preside	run a meeting
presidency	the position of a president
presidio	a fortified military post
presidium	a governing committee
pressed	forced or squeezed together
pressing	needing urgent attention
pressman	a journalist or printing worker
pressurize	to keep air pressure controlled
prestige	widespread respect and admiration
prestigious	widely respected and admired
presto	quick and lively
presumably	most likely
presume	to assume something without proof
presumption	an assumption made without proof
presumptive	assumed to be true
presumptuous	overly bold and disrespectful
presuppose	to assume something beforehand
presupposition	an assumption made in advance
preteen	just before the teenage years
pretence	a false show of something
pretended	falsely appeared as something
pretender	a false claimant
pretending	acting falsely
pretense	a false show of something
pretension	a false claim to importance
pretentious	falsely self-important
preternatural	beyond the natural
pretext	a false excuse
pretrial	before the court trial
prettily	in an attractive way
prettiness	the quality of being attractive
pretzel	a salty twisted baked snack
prevail	to win out over others
prevailing	most common at this time
prevalence	how common something is
prevalent	widespread and common
preventable	stoppable in advance
preventative	acting to stop ahead
prevention	stopping something early
preventive	acting to stop ahead
preview	an early look at something
prewar	before a war
prey	an animal hunted by another
priceless	extremely valuable
pricey	expensive
pricing	the setting of costs
prick	a small sharp puncture
pricking	a small stinging sensation
prickly	covered with small sharp points
pricy	expensive
prideful	full of excessive self-regard
priestess	a female religious leader
priesthood	the office of a priest
priestly	relating to a priest
prim	very formal and proper
prima	first or leading
primacy	being most important
primal	basic and instinctive
primate	apes and monkeys group
primed	made ready for use
primer	a basic introductory guide
primeval	from earliest times
priming	preparing something for use
primitive	very simple or basic
primitivism	favoring simple forms
primo	of the best quality
primogeniture	firstborn's inheritance right
primordial	existing from the very beginning
primrose	a small pale yellow flower
primula	a small flowering garden plant
primus	the leading or first person
princely	generous and grand
principality	a small prince-ruled state
principally	mainly or mostly
principled	acting according to strong morals
printable	able to be printed
printer	a machine that prints documents
printing	producing printed material
printmaker	an artist who makes prints
printmaking	art of printed images
printout	a printed computer copy
prion	a disease-causing protein
prioress	a convent's female head
prioritise	rank by importance
prioritize	rank by importance
priory	a small monastery or convent
prise	to force something open
prism	a light-splitting glass
prismatic	showing many bright colors
prisoner	someone held in captivity
prissy	overly proper and fussy
pristine	in its original, perfect condition
privateer	a private warship captain
privately	not in public
privates	the sexual organs
privation	a lack of basic necessities
privatisation	shift to private ownership
privatise	to transfer to private ownership
privatization	shift to private ownership
privatize	to transfer to private ownership
privet	a shrub used for hedges
privilege	a special advantage or right
privileged	having special advantages
privy	secretly aware of something
prizefighter	a professional boxer
proactive	acting ahead of problems
probabilistic	based on likelihood
probability	the chance something will happen
probable	likely to be true
probate	settling a will legally
probation	a trial period under supervision
probationary	relating to a trial period
probative	proving or testing something
probe	an exploring device
probing	deeply questioning or examining
probiotic	a helpful bacteria for digestion
probity	honesty and strong moral principles
problematic	causing difficulty or concern
proboscis	a long flexible snout
procedural	following set steps
proceed	to go forward or continue
proceeding	a course of action
proceedings	a formal series of events
proceeds	money gained from an activity
processed	altered from its natural state
procession	a moving orderly group
processional	relating to a formal march
processor	a device that processes information
proclaim	to announce publicly
proclaimed	publicly announced
proclamation	an official public announcement
proclivity	a natural tendency toward something
proconsul	an ancient province governor
procrastinate	to delay doing something
procrastination	the habit of delaying tasks
procrastinator	someone who delays tasks
procreate	to produce offspring
procreation	the producing of offspring
proctor	someone who supervises an exam
procurator	an affairs-managing official
procure	to obtain something
procurement	the act of obtaining something
prod	a small poke or push
prodding	pushing someone into action
prodigal	wastefully extravagant
prodigious	remarkably great in amount
prodigiously	to a remarkably great degree
prodigy	an exceptionally talented youth
productive	producing good results
productively	yielding good results
productivity	rate of useful output
prof	a college teacher
profane	disrespectful of sacred things
profaned	treated without proper respect
profanity	offensive or vulgar language
profess	to openly declare a belief
professed	openly claimed or declared
professing	openly declaring something
profession	a paid occupation requiring training
professionalism	skilled proper conduct
professionalization	becoming a formal profession
professionally	in a skilled manner
professorial	typical of a college professor
professorship	the position of a professor
proffer	an offer of something
proficiency	skill in doing something
proficient	skilled and competent
profiling	analyzing someone's characteristics
profitability	ability to earn profit
profitable	earning a good profit
profitably	earning a profit
profiteer	an unfair crisis profiteer
profligacy	wasteful and reckless spending
profligate	wastefully extravagant
profound	very deep and meaningful
profoundly	very deeply
profundity	great depth of thought
profuse	given in large amounts
profusely	in great abundance
profusion	a large abundant amount
progenitor	an ancestor or originator
progeny	someone's children or descendants
progesterone	a hormone involved in pregnancy
progestin	a synthetic hormone like progesterone
prognosis	an illness forecast
prognostic	predicting a future outcome
programing	the writing of computer code
programmer	someone who writes computer code
progression	a gradual movement forward
progressively	in a gradually increasing way
progressivism	support for reform
prohibit	to forbid something
prohibited	officially forbidden
prohibition	an official ban on something
prohibitionist	someone who supports banning something
prohibitive	discouragingly high
prohibitively	discouragingly so
projected	expected or estimated in advance
projectile	throwable or shootable
projecting	sticking out from a surface
projection	an estimate of future results
projectionist	a film projector operator
projector	an image-displaying device
prokaryotic	simple nucleus-free cells
prolactin	a milk-producing hormone
prolapse	a body part slipping out
proletarian	relating to the working class
proletariat	the working class
proliferate	to increase rapidly in number
proliferation	a rapid increase in number
prolific	producing a great deal
proline	a type of amino acid
prologue	an introduction to a story
prolong	to make something last longer
prolongation	making last longer
prolonged	lasting for a long time
prom	a formal school dance
promenade	a public walkway for strolling
promethazine	a medicine that treats allergies
prominence	being important noticeable
prominently	in a very noticeable way
promiscuity	having many casual sexual partners
promiscuous	having many casual sexual relationships
promising	likely to turn out well
promissory	involving a promise to pay
promo	a short advertisement
promontory	a land point over water
promoter	an event organizer
promotional	intended to advertise something
prompt	quick to act
prompter	a line-feeding helper
prompting	encouraging a response
promptly	without delay
promulgate	officially enact a law
promulgated	officially put into effect
promulgation	official law announcement
prone	likely to suffer something
prong	a fork's pointed part
pronged	having pointed parts
pronghorn	a north american deer-like animal
pronominal	relating to a pronoun
pronoun	a noun-replacing word
pronounce	say a word clearly
pronounced	very noticeable
pronouncement	an official announcement
pronto	right away
pronunciation	how a word sounds
proofed	checked for errors
proofread	to check writing for errors
proofreader	a writing error checker
prop	a supporting object
propaganda	misleading information spread to persuade
propagandist	spreading persuasive misleading information
propagandistic	full of persuasive misleading information
propagate	to spread or reproduce widely
propagation	spreading or reproducing
propane	a heating fuel gas
propel	to push something forward
propellant	a forward-pushing substance
propeller	a vehicle-driving blade
propelling	pushing something forward
propensity	a natural tendency
prophecy	a prediction of the future
prophesy	to predict what will happen
prophet	someone who speaks divine predictions
prophetess	a female prophet
prophetic	predicting what will happen
prophylactic	preventing disease or infection
prophylaxis	action taken to prevent disease
propitious	favorable and likely to succeed
proponent	an idea's supporter
proportion	relative size of parts
proportional	matching in size or amount
proportionality	proper proportion state
proportionally	in matching relative amounts
proportionate	matching in size or amount
proportionately	in matching relative amounts
propose	suggest a plan
proposer	someone who suggests an idea
proposition	a suggested plan or idea
propranolol	a heart-slowing medicine
proprietary	privately owned and controlled
proprietor	the owner of a business
proprietorship	ownership of a business
propriety	correct and proper behavior
proprioception	sense of body position
props	stage items
propulsion	forward-driving force
propulsive	driving something forward
propylene	a plastic-making gas
prosaic	plain and unremarkable
proscenium	stage area before curtain
prosciutto	a thin dry-cured Italian ham
proscribed	officially forbidden
prose	ordinary written or spoken language
prosecute	bring legal charges
prosecution	the accusing legal side
prosecutor	a charge-bringing lawyer
proselytize	try to convert others
prosodic	rhythm and sound related
prosody	speech rhythm patterns
prospect	a possibility of something happening
prospective	likely to happen or become
prospector	a mineral searcher
prospectus	an investment offer document
prosper	to succeed and thrive
prospering	succeeding and thriving
prosperity	success and wealth
prosperous	successful and wealthy
prostaglandin	a hormone-like body substance
prostate	relating to a male gland
prostatectomy	surgery to remove the prostate
prostatic	relating to the prostate gland
prosthesis	an artificial body part
prosthetic	an artificial body part
prosthetics	artificial body parts
prostitute	someone paid for sex
prostitution	selling sex for money
prostrate	lying flat, face down
prostration	a state of total exhaustion
protagonist	the main character
protean	able to change easily
protease	a protein-breaking enzyme
protectionism	shielding home industries from competition
protectionist	someone favoring trade barriers
protective	keeping someone or something safe
protectively	in a guarding, caring way
protector	someone who guards or defends
protectorate	a controlled territory
protege	a mentored person
proteinuria	protein found in urine
proteolysis	the breakdown of proteins
proteolytic	able to break down proteins
proteome	all an organism's proteins
proteomics	the study of proteins
proterozoic	an ancient geologic era
protestant	christian reform related
protester	someone who publicly objects
protip	a helpful piece of advice
proto	an early or original form
protocol	a set of official rules
proton	a positively charged particle
prototype	an early test model
prototypical	being a perfect typical example
protozoan	relating to tiny single-celled organisms
protracted	lasting longer than expected
protractor	a tool for measuring angles
protrude	to stick out
protruding	sticking out noticeably
protrusion	a part that sticks out
proudly	in a satisfied, dignified way
provable	able to be shown true
provably	in a provable way
provenance	an item's origin
provencal	relating to southern france
proverb	a short traditional saying
proverbial	well known, saying-like
providence	fate's protective care
provident	planning wisely for the future
providential	fortunate, divinely helped
provider	someone who supplies something needed
provincial	narrow-minded or limited in outlook
provincially	in a narrow, small-town way
provision	the act of supplying something
provisional	temporary, until confirmed later
provisionally	temporarily, subject to change
provisions	supplies of food and goods
proviso	an agreement's condition
provocateur	someone who deliberately stirs trouble
provocation	something that causes anger
provocative	deliberately causing strong reaction
provocatively	in a deliberately challenging way
provoke	to cause a strong reaction
provoked	made angry or upset
provoking	causing a strong reaction
provost	a senior official in charge
prow	the front of a ship
prowess	great skill or ability
prowl	a stealthy search for prey
prowler	a lurking would-be criminal
prox	near or close by
proximal	located close to the center
proximate	very near in time
proximity	closeness in space or time
proxy	someone acting on another's behalf
prude	someone easily shocked by impropriety
prudence	careful, sensible judgment
prudent	careful and sensible
prudential	showing careful, wise judgment
prudently	in a careful, sensible way
prudish	overly modest or easily shocked
prune	a dried plum
pruning	cutting back plants
prurient	excessively sexually interested
pruritus	an intense itching feeling
pry	a nosy inquiry
prying	nosily curious
psalm	a sacred religious song
psalmist	a writer of sacred songs
pseudo	fake or not genuine
pseudoephedrine	a stuffy-nose medicine
pseudonym	a writer's fake name
pseudonymous	written under a false name
pseudoscience	claims falsely presented as scientific
pseudoscientific	falsely claiming to be scientific
psi	a greek letter symbol
psilocybin	a hallucinogenic compound from mushrooms
psoriasis	a scaly, itchy skin condition
psyche	a person's mind or soul
psychedelia	art inspired by mind-altering drugs
psychedelic	causing vivid altered perceptions
psychiatric	relating to mental illness treatment
psychiatrist	a doctor treating mental illness
psychiatry	medical mental health treatment
psychic	relating to supposed mind powers
psychical	mind or spirit related
psychically	through supposed mental powers
psycho	a dangerously disturbed person
psychoactive	affecting the mind or mood
psychoanalysis	therapy exploring the unconscious mind
psychoanalyst	a therapist using psychoanalysis
psychoanalytic	relating to psychoanalysis
psychoanalytical	unconscious-mind analysis related
psychogenic	caused by mental factors
psychological	relating to the mind
psychologically	in a mental way
psychologist	someone who studies the mind
psychometric	relating to measuring mental abilities
psychomotor	mental-driven muscle activity
psychopath	someone without empathy
psychopathic	lacking empathy or conscience
psychopathology	the study of mental disorders
psychopathy	lack of empathy conscience
psychopharmacology	study of mind-altering drugs
psychosexual	mental aspects of sex
psychosis	severe break from reality
psychosomatic	stress-caused physical symptoms
psychotherapeutic	talk-based mental treatment related
psychotherapist	a talk-therapy mental healer
psychotherapy	mental treatment through talking
psychotic	severely detached from reality
psychotropic	affecting mood or mental state
psyop	a mind-manipulation tactic
ptarmigan	a mountain grouse bird
pterodactyl	an extinct flying reptile
pub	a bar serving drinks
puberty	becoming sexually mature
pubes	hair around the genitals
pubescent	going through puberty
pubic	relating to the genital area
pubis	a bone in the pelvis
publically	in view of everyone
publican	a pub keeper
publicise	to make widely known
publicised	made widely known
publicist	someone who manages public image
publicity	public attention or notice
publicize	to make widely known
publicized	made widely known
publicizing	making something widely known
publicly	in view of everyone
publish	to release for public reading
publisher	a company that produces books
puck	a hockey rubber disk
pucker	a wrinkled fold in something
pud	a sweet dessert
pudding	a soft, sweet dessert
puddle	a small pool of water
pudge	softness from extra body fat
pudgy	slightly fat and round
pueblo	a native american village
puerile	silly and immature
puff	a light or airy quality
puffed	swollen with air
puffer	something that blows out air
puffin	a black-white seabird
puffing	breathing heavily
puffy	swollen and soft-looking
pug	a small flat-faced dog
pugilist	a professional boxer
pugnacious	eager to fight or argue
puke	vomit
puking	throwing up
pul	a small unit of currency
pula	botswana's currency unit
pullback	a withdrawal or decrease
puller	something that pulls
pulley	a load-lifting wheel
pullout	a withdrawal from something
pullover	a head-pulled sweater
pulmonary	relating to the lungs
pulp	a soft, wet mass
pulpit	a raised platform for preaching
pulpy	soft and mushy
pulsar	a rapidly spinning neutron star
pulsation	a regular rhythmic beating
pulse	a regular heartbeat
pulsing	beating rhythmically
pulverised	crushed into powder
pulverize	to crush into powder
pulverized	crushed into powder
puma	a large wild cat
pumice	a light, porous volcanic rock
pummel	to strike repeatedly with fists
pump	a device that moves fluid
pumped	very excited
pumpkin	a large orange squash
pun	a joke using word sounds
puncher	a punching tool or person
punchline	a joke's funny end
punctual	arriving exactly on time
punctuality	being on time
punctually	right on time
punctuate	to interrupt at intervals
punctuation	marks used in writing
puncture	a small hole from piercing
punctured	pierced with a hole
pundit	an expert commentator
pungent	having a sharp, strong smell
punic	relating to ancient carthage
punish	make suffer for wrongdoing
punishable	deserving of punishment
punished	made to suffer for wrongdoing
punishing	extremely harsh or exhausting
punitive	intended as punishment
punk	rebellious and unconventional
punks	rebellious young troublemakers
punky	a rebellious young person
punning	making jokes with word sounds
punny	full of wordplay jokes
punt	a forward-sending kick
punter	someone who bets or gambles
punting	kicking a ball forward
puny	small and weak
pup	a young dog
pupa	an insect's cocoon stage
pupal	cocoon-stage insect related
pupil	a student or eye's center
pupillary	relating to the eye's pupil
puppet	a hand-or-string-moved doll
puppeteer	someone who operates puppets
puppetry	the art of using puppets
puppy	a young dog
purchasable	able to be bought
purchaser	someone who buys something
purchasing	buying goods or services
purdah	a practice of secluding women
purebred	of unmixed animal breeding
puree	blended smooth food
purely	completely and only
purgatory	a place of temporary suffering
purge	a forceful removal
purging	forcefully removing unwanted things
purification	making something clean
purifier	a device that cleans something
purify	to make something clean
purifying	making something clean
purine	a chemical compound in dna
purist	a strict-correctness insister
puritan	someone with strict moral views
puritanical	excessively strict about morals
purity	being clean or unmixed
purl	a knitting stitch
purplish	somewhat purple in color
purport	the claimed meaning of something
purportedly	according to claim, though unproven
purposeful	having a clear aim
purposefully	with a clear intention
purposeless	without any clear aim
purposely	on purpose, intentionally
purpura	skin bleeding purple spots
purr	a soft, low cat sound
purse	a small money bag
purser	an officer managing ship finances
pursuance	carrying something out
pursuant	in accordance with a rule
pursue	to chase after
pursued	chased after
pursuer	someone chasing another
pursuing	chasing after something
pursuit	the act of chasing something
purveyor	a supplier of goods
purview	scope of authority
pus	thick yellowish fluid from infection
pushcart	a hand-pushed cart
pushchair	a wheeled baby seat
pusher	someone who sells illegal drugs
pushover	someone easily persuaded or beaten
pushup	a body-raising exercise
pushy	overly forceful
puss	a cat
pussy	weak or cowardly
pussycat	a gentle house cat
putative	generally assumed to be true
putrefaction	the rotting of dead matter
putrid	rotten and foul-smelling
putsch	a sudden government overthrow
putt	a gentle golf stroke
putter	a short-stroke golf club
putty	a glass-fixing soft paste
putz	a foolish, clumsy person
puzzle	a game that tests thinking
puzzled	confused and unsure
puzzlement	a feeling of confusion
puzzler	a difficult problem to solve
puzzling	confusing and hard to understand
pygmy	an unusually small being
pyjama	sleepwear for the night
pylon	a tall wire-carrying tower
pyramid	a triangular-shaped structure
pyramidal	shaped like a pyramid
pyre	a body-burning wood pile
pyridine	a strong-smelling chemical compound
pyrimidine	a chemical compound in dna
pyrite	a shiny mineral resembling gold
pyrolysis	chemical breakdown by intense heat
pyrophosphate	a living-cell chemical
pyrotechnic	relating to fireworks
pyrotechnics	a fireworks display
pyrrhic	won at too great cost
python	a large nonvenomous snake
quack	fake or fraudulent, especially medical
quackery	fraudulent medical treatment
quad	a rectangular open courtyard
quadrangle	a rectangular courtyard
quadrangular	having four sides and angles
quadrant	one quarter of a circle
quadratic	involving a squared variable
quadrature	an area-measuring process
quadriceps	the large thigh muscle
quadrilateral	having four straight sides
quadrille	an old square dance
quadrillion	a thousand trillion
quadriplegic	someone paralyzed in all limbs
quadruped	walking on four legs
quadruple	four times as much
quadrupling	multiplying by four
quagmire	a difficult, messy situation
quail	a small game bird
quaint	charmingly old-fashioned
quake	a sudden ground shaking
quaker	a peaceful religious group member
qualification	a job skill requirement
qualifier	a preliminary round or condition
qualify	to meet the required standard
qualifying	meeting a required standard
qualitative	relating to quality, not numbers
qualitatively	by quality, not number
quandary	a difficult, confusing situation
quantifiable	able to be measured
quantification	the act of measuring something
quantifier	a word showing amount
quantify	to measure an amount
quantitative	relating to measurable amounts
quantitatively	in terms of measurable amounts
quantity	an amount of something
quantization	dividing into fixed amounts
quantized	divided into fixed, discrete amounts
quantum	a tiny energy unit
quarantine	isolation to stop disease spread
quarantined	isolated to stop disease spread
quark	a tiny fundamental particle
quarrel	an angry argument
quarrelsome	prone to arguing
quarry	a stone-digging pit
quarrying	digging stone from a pit
quart	a unit of liquid measure
quarterback	a key football player
quarterdeck	a ship's rear upper deck
quarterfinal	a match before the semifinal
quartering	dividing something into four parts
quarterly	happening every three months
quartermaster	an officer managing supplies
quarters	a place to stay
quartet	a group of four musicians
quartile	one of four statistical parts
quarto	an old book page size
quartz	a common hard mineral
quartzite	a quartz-based hard rock
quasar	a bright distant object
quash	to put down forcefully
quasi	seeming but not quite
quaternary	fourth in order or rank
quatrain	a four-line poem stanza
quay	a landing platform beside water
queasy	feeling sick to the stomach
queer	strange or odd
queerness	the quality of being strange
quell	put an end to
quelled	put down or suppressed
quelling	putting an end to something
quench	satisfy thirst or douse fire
quenched	satisfied or put out
quenching	satisfying thirst or dousing fire
query	a question or inquiry
quesadilla	a folded cheese tortilla
quest	a long search or journey
questionable	doubtful or suspicious
questionably	in a doubtful manner
questioner	someone who asks questions
questioning	asking many questions
questionnaire	a written set of questions
quetzal	a colorful tropical bird
queue	a line of waiting people
quibble	a minor, petty objection
quiche	a savory egg pie
quicken	to speed up
quickening	the process of speeding up
quicker	at a faster speed
quickest	fastest of all
quickie	something done fast
quickness	speed and swiftness
quicksand	trapping loose wet sand
quicksilver	fast-changing and unpredictable
quickstep	a fast lively dance
quid	a british pound
quidditch	a fictional flying ball game
quiescent	inactive and still
quieten	to make calm and silent
quietly	in a calm silent way
quietness	a state of calm silence
quiff	a forehead hair tuft
quill	a writing bird feather
quilt	a padded bed cover
quilted	stitched with padded layers
quilting	sewing padded fabric layers
quin	one of five twins
quince	a hard yellow fruit
quinine	a bitter fever-fighting medicine
quinoa	a protein-rich edible seed
quint	one of five twins
quintal	a unit of weight
quintessence	the purest most typical example
quintessential	the most typical example
quintet	a group of five performers
quintuple	five times as much
quip	a witty remark
quire	a set of paper sheets
quirk	an odd habit or trait
quirkiness	an unusual and charming oddness
quirky	oddly unconventional and charming
quisling	someone who betrays their country
quits	even, with debts settled
quitter	someone who gives up easily
quiver	a case for carrying arrows
quivering	shaking with small trembling movements
quixotic	idealistic and impractical
quiz	a short test of knowledge
quizzical	puzzled and questioning
quorum	the minimum needed to vote
quota	a fixed limited amount
quotable	worth repeating as a quote
quotation	a repeated exact phrase
quotidian	ordinary and everyday
quotient	the result of dividing numbers
rabbi	a jewish religious teacher
rabbinic	relating to jewish religious teachers
rabbinical	relating to jewish religious teachers
rabbit	a small long-eared animal
rabble	a disorderly crowd
rabid	extremely fanatical or furious
rabidly	in a fanatical furious way
rabies	a deadly animal disease
raccoon	a small masked nocturnal animal
racecourse	a track for horse races
racehorse	a horse bred for racing
racer	someone who competes in races
racetrack	a track for racing vehicles
raceway	a track built for racing
rachis	a plant part's main stem
racially	related to race
racism	unfair treatment based on race
rack	a frame for holding things
racket	a loud confusing noise
racketeer	someone who runs illegal schemes
racketeering	running illegal money schemes
racking	causing great pain or strain
raconteur	a skilled storyteller
racoon	a small masked nocturnal animal
racquet	a ball-hitting strung bat
racquetball	a small-racquet ball game
racy	slightly shocking or suggestive
rad	very good or exciting
radar	a distant-object detector
radial	spreading out from a center
radially	spreading outward from a center
radian	a unit for measuring angles
radiance	a bright glowing light
radiant	shining brightly and happily
radiate	giving off light or heat
radiating	spreading outward from a center
radiation	energy given off as rays
radiator	a heat-giving device
radicalism	support for extreme change
radicalize	push toward extreme views
radically	in an extreme, fundamental way
radioactive	giving off dangerous energy rays
radioactivity	giving off energy rays
radiocarbon	a dating carbon form
radiographic	x-ray image related
radiography	taking pictures with x-rays
radioisotope	a radioactive element form
radiological	relating to x-rays and radiation
radiologist	a doctor who reads x-rays
radiology	the medical use of x-rays
radiometer	a device that measures radiation
radiotelephone	a radio-signal phone
radiotherapy	treating disease with radiation
radish	a small spicy root vegetable
radium	a radioactive metallic element
radius	center-to-edge distance
radix	a number system's base
radon	an invisible radioactive gas
raffia	fiber from palm leaves
raffle	a lottery for a prize
raft	a flat floating platform
rafter	a beam supporting a roof
rafts	flat floating platforms
rag	a scrap of old cloth
rage	intense uncontrolled anger
ragged	torn and worn out
raging	very intense and violent
raglan	a collar-reaching sleeve
ragtag	a disorganized mixed group
ragtime	an early jazzy piano style
ragweed	a weed that causes allergies
raid	a sudden surprise attack
raider	someone who carries out raids
raiding	carrying out a sudden attack
railcar	a train carriage
railing	a protective fence-like barrier
railroading	forcing something through quickly
rails	long metal tracks for trains
raiment	clothing
rainbow	a sky color arc
raincoat	a waterproof coat
raindrop	a single drop of rain
rainfall	amount of fallen rain
rainforest	a dense tropical wet forest
raining	falling as rain
rainmaker	a success or rain bringer
rainstorm	a heavy fall of rain
rainwater	water collected from rain
rainy	full of rain
raiser	someone who raises something
raisin	a dried grape
raj	former british rule in india
raja	an indian prince or ruler
rajah	an indian prince or ruler
rake	a garden tool with teeth
rakish	stylishly careless or dashing
rallying	gathering support enthusiastically
ram	a male sheep
ramble	a long relaxed walk
rambler	someone who walks for pleasure
rambling	wandering on without clear direction
rambunctious	boisterous and uncontrollable
rammer	a material-packing tool
ramona	a person's name
ramp	a sloped surface connecting levels
rampage	a violent wild outburst
rampant	spreading uncontrolled everywhere
rampart	a defensive wall
ramrod	a gun-loading rod
ramshackle	poorly built and falling apart
ramus	a branch-like body part
ranch	a large livestock farm
rancher	someone who runs a ranch
ranching	raising livestock on a ranch
rancid	smelling or tasting spoiled
rancor	deep bitter resentment
rancour	deep bitter resentment
rand	south africa's currency
randomised	arranged in no fixed order
randomization	arranging with no order
randomized	arranged in no fixed order
randomly	without any fixed order
randomness	lack of pattern or order
randy	sexually excited
rangefinder	a device that measures distance
rangeland	open land for grazing animals
ranger	someone who patrols protected land
ranging	varying between limits
rani	an indian queen
ranking	holding a certain position
ransack	to search roughly, causing mess
ransacked	searched roughly and messily
ransacking	searching roughly and messily
ransom	captive-freeing payment
ransomed	freed after payment of money
ransomware	file-locking payment malware
rant	a long angry outburst
ranting	speaking angrily at length
rap	sung rhythmic spoken lyrics
rapacious	greedy and grasping
raped	forced into sex against will
raper	someone who commits rape
rapeseed	an oil-producing plant seed
rapidity	great speed
rapier	a thin sharp sword
rapist	someone who commits rape
rappel	descend a rope down a cliff
rapper	a rhythmic-lyrics performer
rapport	a close understanding between people
rapporteur	someone who reports on proceedings
rapprochement	the restoring of friendly relations
rapt	completely absorbed and attentive
raptor	a bird of prey
rapture	intense joy and delight
rapturous	full of intense joy
rarefied	exclusive and refined
raring	very eager and ready
rarity	something uncommon or scarce
rascal	a mischievous person
rash	acting without careful thought
rashly	without careful thought
rasp	a rough grating sound
raspberry	a small red juicy fruit
rasping	making a rough grating sound
raspy	rough and harsh sounding
raster	a dotted digital image
rat	a long-tailed rodent
ratan	a furniture-making climbing palm
ratatouille	a french vegetable stew
ratchet	a gripping mechanism tool
ratepayer	someone who pays local taxes
ratification	official approval of an agreement
ratified	officially approved
ratify	to officially approve an agreement
ration	a fixed allowed amount
rational	based on clear logical thinking
rationale	the reasoning behind a decision
rationalisation	a logical-sounding excuse
rationalise	to make something seem logical
rationalism	belief in reason over emotion
rationalist	relying on reason over emotion
rationality	the quality of being logical
rationalization	a logical-sounding excuse
rationalize	to make something seem logical
rationally	in a clear logical way
rationed	given in fixed limits
rationing	giving in fixed limits
rattan	a furniture-making climbing palm
ratting	informing on someone secretly
rattle	quick clattering sounds
rattled	shaken and made anxious
rattler	a rattling-sound snake
rattlesnake	a venomous rattling-tail snake
rattling	making quick clattering sounds
ratty	shabby and worn out
raucous	loud and harsh sounding
raunchy	crudely sexual
ravage	severe damage or destruction
ravaged	badly damaged or destroyed
ravaging	causing severe damage
rave	to talk with wild enthusiasm
ravel	a tangled mess of threads
raven	a large black crow-like bird
ravenous	extremely hungry
raver	someone who attends wild parties
ravine	a deep narrow gorge
raving	talking wildly or deliriously
ravioli	small pasta parcels with filling
ravish	to fill with overwhelming delight
ravishing	extremely beautiful
rawhide	untanned animal hide
rawness	an unfinished, raw quality
rayon	a soft synthetic fabric
raze	to destroy completely
razed	completely destroyed
razing	completely destroying
razor	a tool for shaving hair
razorback	having a sharp ridged back
razz	to teasingly mock someone
razzle	a wild night out
rbi	a baseball scoring statistic
reabsorption	taking something back in again
reachable	able to be reached
react	to respond to something
reactance	resistance to an electric current
reactant	a reaction's chemical ingredient
reactionary	strongly resistant to change
reactivate	to make active again
reactive	responding readily to stimulus
reactivity	the tendency to react chemically
reactor	a device producing nuclear energy
readability	ease of reading
readable	easy to read
readership	a publication's readers
readily	without hesitation or difficulty
readiness	the state of being prepared
readjust	adapt again to conditions
readjustment	a further adaptation
readmission	being let back in again
readout	displayed information from a device
readying	preparing for something
reaffirm	to state again firmly
reaffirmation	a renewed firm statement
reagent	a chemical-test substance
realign	adjust back into position
realisation	the moment of becoming aware
realise	to become fully aware of
realised	became fully aware of
realism	seeing things as they are
realist	one who sees things clearly
realistic	true to life and practical
realistically	in a practical, true-to-life way
realization	the moment of becoming aware
reallocate	to assign again differently
reallocation	assigning again differently
realm	a kingdom or field
realness	the quality of being genuine
realpolitik	practical politics over ideals
realty	property and land
ream	a large quantity of paper
reanimate	to bring back to life
reanimated	brought back to life
reap	to gather a harvest
reaper	someone or something that harvests
reappear	to appear again
reappearance	a return after disappearing
reapportionment	redividing something into new shares
reappraisal	a fresh reconsideration
rearguard	a back defensive force
rearing	raising up on hind legs
rearm	to arm again for war
rearmament	building up weapons again
rearrange	to organize differently
rearrangement	a new different organization
rearward	toward the back
reasonableness	being fair and sensible
reasonably	in a fair sensible way
reasoned	based on logical thinking
reasoning	thinking something through logically
reassemble	to put back together again
reassembly	putting back together again
reassert	to state firmly again
reassess	to evaluate again
reassessment	a fresh evaluation
reassign	give a new task
reassignment	giving a new task
reassurance	comforting words to ease worry
reassure	to comfort and ease worry
reassured	comforted and put at ease
reassuring	comforting and calming
reassuringly	in a comforting calming way
rebate	a partial refund
rebel	someone who fights against authority
rebellion	an organized revolt against authority
rebellious	resisting authority and control
rebelliousness	a tendency to resist authority
rebirth	a new beginning after decline
reboot	to restart a computer
reborn	given a fresh new start
rebound	a bounce back after impact
rebroadcast	a repeated program airing
rebuff	a blunt rejection
rebuild	to construct again
rebuilding	constructing something again
rebuke	a sharp expression of disapproval
rebus	a picture-word puzzle
rebut	to argue against a claim
rebuttal	an argument against a claim
recalcitrant	stubbornly resistant to authority
recalculate	to work out again
recant	take back a statement
recap	a short summary
recapitulation	a brief summary
recapture	taking back something lost
recast	give a new role
recasting	giving a new role
recce	an information-gathering scouting trip
recede	to move gradually backward
receding	moving gradually backward
receipt	a paper proving a purchase
receipts	papers proving purchases
receivable	able to be legally collected
receivables	money owed to a business
receiver	someone or something that receives
receivership	legal control during bankruptcy
recency	how recent something is
receptacle	a container for holding things
reception	a formal welcoming gathering
receptionist	a visitor-greeting worker
receptive	open to new ideas
receptivity	openness to new ideas
receptor	a stimulus-sensing cell part
recess	a short break from work
recessed	set back into a surface
recession	a period of economic decline
recessive	tending to stay hidden
recharge	to refill with energy
rechargeable	refillable with power
recherche	deliberately rare and refined
recidivism	the tendency to reoffend
recipe	instructions for cooking a dish
recipient	someone who receives something
reciprocal	given and returned equally
reciprocally	in a mutually returned way
reciprocate	return a favor
reciprocation	the returning of a favor
reciprocity	mutual exchange of favors
recirculation	moving something around again
recital	a musical performance
recitation	a spoken text performance
recitative	a speech-like style of singing
recite	to say aloud from memory
reckless	careless of danger or consequence
recklessly	in a careless dangerous way
recklessness	acting without caring about danger
reckon	to think or guess
reckoning	a settling of accounts
reclaim	take back
reclaimed	taken back or restored
reclamation	getting land back
reclassification	putting into a new category
reclassify	put into a new category
recline	to lean back comfortably
recliner	a chair that leans back
reclining	lying back position
recluse	living alone away from others
reclusive	preferring to live alone
recode	change into new code
recognisable	able to be identified
recognise	know upon seeing
recognised	known and accepted
recognizable	able to be identified
recognizably	identifiably
recognizance	a court-appearance promise
recoil	a fearful jump back
recollect	to remember
recollection	a memory of something
recombinant	made by combining genetic material
recombination	combining genes anew
recombine	combine again anew
recommence	to start again
recommendation	advice about what to do
recommit	promise again
recompense	payment for loss or trouble
reconcile	make peace again
reconciled	brought back into agreement
reconciliation	restoring a friendly relationship
reconciling	bringing back into agreement
reconnaissance	exploring to gather information
reconsider	think again about
reconsideration	thinking again about a decision
reconstitute	restore an earlier form
reconstruct	to build again
reconstructed	built again after damage
reconstruction	the act of rebuilding
reconstructive	aimed at rebuilding something
reconvene	meet again later
recorder	a device that records sound
recount	a retelling of events
recounting	telling about past events
recoup	to get back money lost
recourse	a way to get help
recover	to get better after illness
recoverable	able to be gotten back
recovered	got back to normal
recovering	getting better after illness
recreate	to make happen again
recreation	fun activities for enjoyment
recreational	done for fun
recrimination	an angry accusation in response
recruit	a new group member
recruiter	someone who finds new members
recruitment	finding new members
rectal	relating to the rectum
rectangle	a right-angled shape
rectangular	shaped like a rectangle
rectification	the act of correcting something
rectified	corrected or made right
rectifier	a current-correcting device
rectify	to correct a mistake
rectilinear	made of straight lines
rectitude	moral correctness
recto	a book's right-hand page
rector	a church or school leader
rectory	a rector's house
rectum	the intestine's lower end
rectus	a straight body muscle
recumbent	lying down
recuperate	to recover health after illness
recuperation	recovery of health
recur	to happen again
recurrence	something happening again
recurrent	happening again and again
recurring	happening again repeatedly
recursion	a process that repeats itself
recursive	repeating in a self-referring way
recurve	to curve backward
recurved	curved backward
recusal	stepping aside from a decision
recuse	step aside from deciding
recyclable	reusable after processing
recycle	to process waste for reuse
recycling	processing waste for reuse
redact	to blacked-out or remove text
redaction	the removal of sensitive text
redden	to become or make red
reddened	made red, often from embarrassment
reddish	somewhat red in color
rede	to advise or counsel
redecorate	change a room's look
redeem	make up for a fault
redeemable	exchangeable for value
redeemed	saved or made up for
redeemer	someone who saves others
redeeming	making up for faults
redefine	explain in a new way
redefinition	a new explanation of meaning
redemption	being saved from wrongdoing
redemptive	able to make amends
redeploy	move to a new position
redeployment	moving to a new position
redesign	to design again differently
redevelop	rebuild in a new way
redevelopment	rebuilding of an area
redeye	an overnight flight
redfish	a type of reddish fish
redhead	a person with red hair
redheaded	having red hair
redirect	send a new direction
rediscover	to find again something forgotten
rediscovery	finding again something forgotten
redistribute	to share out again differently
redistributed	shared out again differently
redistribution	sharing out again differently
redline	mark for cutting
redneck	a rural working-class person
redness	the quality of being red
redo	to do something again
redolent	strongly reminiscent of something
redouble	to greatly increase effort
redoubled	greatly increased
redoubt	a small defensive fort
redoubtable	respected and slightly feared
redox	an electron-transfer reaction
redress	a fix for a wrong
redshift	light shifting toward red
reducer	something that lessens a mixture
reducible	able to be made smaller
reductase	a reduction-aiding enzyme
reductio	an argument disproving by absurdity
reductionism	explaining complex things too simply
reductionist	overly simplifying complex ideas
reductive	oversimplifying something complex
redundancy	something no longer needed
redundant	no longer needed
reduplication	repeating a word part
redux	brought back or revived
redwing	a small red-marked bird
redwood	a very tall evergreen tree
reed	a tall grass by water
reedy	thin and high-pitched
reef	a near-surface rock ridge
reefer	a marijuana cigarette
reek	a strong unpleasant smell
reeking	giving off a bad smell
reel	a thread or film spool
reelection	winning office again
reenact	to act out again
reenactment	acting out a past event
reentry	coming back into something
reestablish	to set up again
reevaluate	to judge again
reevaluation	judging something again
reeve	a local official
reexamination	looking at something again carefully
reexamine	to look at again carefully
ref	a game judge
refectory	a dining hall
referee	a game judge
refereeing	judging a sports game
referenced	mentioned or pointed to
referendum	a public vote
referent	pointing to something
referential	referring to something else
referral	being sent for help
refill	a fresh supply
refilling	adding more again
refinance	to arrange a new loan
refine	to make purer
refined	made purer or more polished
refinement	an improvement in quality
refiner	a purifier of substances
refinery	a purifying plant
refining	the process of purifying something
refit	fixing up a ship
reflectance	amount of light bounced back
reflected	bounced back, as light
reflecting	bouncing back light or image
reflection	a bounced-back image
reflective	able to bounce back light
reflectivity	ability to bounce back light
reflector	a light-bouncing surface
reflex	an automatic quick reaction
reflexive	done without thinking, automatic
reflexively	automatically, without thinking
reflexology	foot massage for healing
reflux	a backward flow of fluid
refocus	to concentrate attention again
refocusing	concentrating attention again
reforestation	replanting a forest
reformation	a major improvement
reformatory	meant to correct behavior
reformed	changed for the better
reformer	a change-seeker
reformist	favoring gradual change
reformulate	to restate differently
refraction	the bending of light
refractive	causing light to bend
refractory	stubborn and hard to manage
refrain	a repeated song line
refresh	to renew
refreshed	made to feel new energy
refresher	something that renews
refreshing	pleasantly new or invigorating
refreshingly	in a pleasantly new way
refreshment	energy-restoring food or drink
refrigerant	a cooling substance
refrigerate	to keep cold to preserve
refrigerated	kept cold to preserve
refrigerating	keeping something cold
refrigeration	keeping things cold
refrigerator	a cold-food appliance
refuel	to add more fuel
refueling	adding more fuel
refuge	a safe place from danger
refugee	someone fleeing danger or hardship
refund	money given back
refurbish	to repair something old
refurbishment	repair of something old
refusal	saying no to something
refutation	proof that something is wrong
refute	to prove something wrong
regain	to get back something lost
regaining	getting back something lost
regal	fit for royalty
regale	to entertain with stories
regalia	fancy ceremonial clothing
regatta	a boat racing event
regency	rule by a stand-in
regenerate	grown back
regenerating	growing back after loss
regeneration	growing back after damage
regent	acting ruler
reggae	a style of Jamaican music
regicide	the killing of a king
regimen	a planned course of treatment
regiment	a large military unit
regimental	relating to a military unit
regimented	strictly organized and controlled
regionalism	loyalty to one's own region
regionally	within a particular area
registrant	a person who registers officially
registrar	an official who keeps records
registry	an official list of records
regress	a return to worse
regression	a return to worse
regressive	moving backward instead of forward
regretful	feeling sorry about something
regretfully	with a feeling of sorrow
regrets	feelings of sorrow
regrettable	worth feeling sorry about
regrettably	unfortunately
regroup	to reorganize
regrow	to grow back again
regularity	happening at consistent intervals
regularization	making rules consistent
regulate	to control according to rules
regulated	controlled according to rules
regulating	controlling according to rules
regulator	a controlling device
regulatory	relating to official control
regurgitate	to bring back up
regurgitation	bringing swallowed food back up
rehabilitate	to restore to health
rehabilitation	restoring someone to health
rehabilitative	aimed at restoring health
rehash	an old idea presented again
rehearing	a second hearing
rehearsal	a practice run
rehearse	to practice before a performance
reheat	to warm up again
reign	a ruler's period in power
reigning	currently in power
reignite	to start again
reimburse	to pay back money spent
reimbursement	money paid back for expenses
rein	a horse-control strap
reincarnate	reborn in a new body
reincarnation	rebirth in a new body
reindeer	a cold-region deer
reinforce	to make stronger
reinforced	made stronger with extra support
reinforcement	extra support that strengthens something
reinstall	to install again
reinstate	to restore to a position
reinstatement	restoration to a position
reinsurance	insurance for insurance companies
reintegrate	to bring back in
reinterpret	to explain anew
reinterpretation	a new explanation
reintroduce	to bring back again
reintroduction	bringing something back again
reinvent	to change completely and creatively
reinvestment	putting profits back into something
reinvigorate	to give new energy to
reinvigorated	given new energy
reissue	a new release of something
reiterate	to say again for emphasis
reiteration	saying something again for emphasis
reject	something turned down as unsuitable
rejection	being turned down
rejoice	to feel great joy
rejoicing	feeling or showing great joy
rejoin	to join again
rejoinder	a quick reply
rejuvenate	to make feel young again
rejuvenation	feeling young again
rekindle	to revive
relapse	a return to illness
relapsing	falling back into illness
relatable	easy to identify with
relate	to connect or tell about
relatedness	the state of being connected
relational	concerning relationships between things
relativism	truth depends on view
relativistic	related to shifting viewpoints
relativity	things depend on perspective
relax	to become less tense
relaxant	a substance that eases tension
relaxation	being calm and at ease
relaxed	calm and at ease
relaxer	something that eases tension
relaxing	causing calm and ease
relay	passing something along
relearn	to learn again
releasing	letting go or setting free
relegate	to move to a lower rank
relegating	moving to a lower rank
relegation	being demoted
relent	to soften
relentless	never stopping or slowing down
relentlessly	without ever stopping or easing
relevance	importance to the matter
relevancy	importance to the matter
reliability	the quality of being trustworthy
reliable	able to be trusted
reliably	dependably
reliance	dependence on something or someone
reliant	dependent on someone or something
relic	an old object
relict	a leftover from the past
relieve	to ease pain or worry
relieved	no longer worried
reliever	something that eases pain
religiosity	strong religious devotion
religiously	very strictly
relinquish	to give up
relinquished	given up
relinquishing	giving up
reliquary	a container for holy relics
relish	great enjoyment of something
relishing	greatly enjoying something
relive	to experience again in memory
reliving	experiencing something again in memory
reload	to refill with ammo or data
relocate	to move somewhere new
relocated	moved to a new place
relocation	moving to a new place
reluctance	unwillingness to do something
reluctant	unwilling to do something
reluctantly	in an unwilling way
rely	to depend on
rem	a unit of radiation dose
remainder	what is left over
remake	a new version
remaking	making a new version
remand	sending back into custody
remark	a brief comment
remarkable	worthy of special notice
remarkably	in a surprisingly notable way
remarriage	marrying again
remarry	to marry again
rematch	a second contest
remedial	intended to correct a problem
remediate	to fix a problem
remediation	the correction of a problem
remedy	a cure for a problem
remembering	keeping something in mind
remembrance	the act of remembering someone
reminder	something that helps you remember
reminisce	to fondly remember the past
reminiscence	a fond memory
reminiscent	bringing back memories of something
remiss	careless about one's duty
remission	a temporary lessening of illness
remit	a task's scope
remittance	money sent as payment
remnant	a small remaining piece
remodel	to redesign
remorse	deep regret for wrongdoing
remorseful	feeling deep regret for wrongdoing
remorseless	without any regret for wrongdoing
remotely	from a distance
remoteness	being far away
remount	putting back on a mount
removable	able to be taken off
remover	something that takes away
remunerated	paid for work done
remuneration	payment for work
renal	relating to the kidneys
rename	to give a new name
rend	to tear apart violently
render	a version made
rendering	a made version or image
rendezvous	a planned meeting
rending	deeply upsetting
rendition	a performance or version
renegade	rebellious and disloyal
renege	going back on a promise
renegotiate	to change a deal
renew	to make valid again
renewable	able to be extended
renewal	extending or restoring
renewed	made fresh again
renewing	making fresh again
renin	a blood-pressure enzyme
rennet	substance used to curdle milk
renounce	to formally give up
renovate	to repair and improve
renovation	repairing a building
renown	widespread fame
renowned	famous and well respected
rental	relating to renting
renter	a person who rents something
renting	paying to use something temporarily
renunciation	giving something up formally
reopen	to open again
reorder	a new arrangement
reordering	arranging again in new order
reorganisation	restructuring of something
reorganise	to arrange differently
reorganised	arranged in a new way
reorganization	restructuring of something
reorganize	to arrange differently
reorganized	arranged in a new way
reorient	to adjust direction
reorientation	adjusting to a new direction
repaint	to paint again
repairer	a person who fixes things
repairman	a person who fixes things
reparation	payment made for harm done
repartee	quick, witty conversation
repatriate	one sent home
repatriation	sending someone home
repay	to pay back
repayable	required to be paid back
repayment	money paid back
repeal	the cancelling of a law
repeatable	able to be done again
repeated	done more than once
repeatedly	over and over again
repeater	something that repeats
repeating	happening again and again
repel	to push away
repellant	keeping something away
repellent	keeping something away
repelling	pushing away
repent	to feel sorry for wrongdoing
repentance	sorrow for wrongdoing
repentant	feeling sorry for wrongdoing
repercussion	an indirect result
repertoire	a range of skills
repertory	a stock of works
repetition	doing something again
repetitious	done too many times
repetitive	done again and again
repetitively	in a repeating manner
rephrase	to say in different words
replaceable	able to be swapped
replacing	putting something new instead
replant	to plant again
replay	a repeated showing
replenish	to fill up again
replenishment	refilling of a supply
replete	completely filled
replica	an exact copy
replicate	to copy exactly
replication	the act of copying
reportable	needing to be officially reported
reportage	factual news reporting
reportedly	according to what people say
repose	restful stillness
reposition	a new placement
repositioning	moving to a new position
repository	a storage place
repossess	to reclaim unpaid property
repossession	reclaiming unpaid property
repost	a shared copy
reprehensible	deserving strong criticism
representational	showing things realistically
repress	to hold back or suppress
repressed	held back or suppressed
repressing	holding back or suppressing
repression	holding down feelings
repressive	harshly controlling
repressor	something that suppresses
reprieve	a delay of punishment
reprimand	a formal scolding
reprint	a new printing
reprinting	printing something again
reprisal	an act of revenge
reprise	to repeat something earlier
reproach	blame or disapproval
reprobate	morally corrupt
reproduce	to make a copy of
reproducibility	ability to repeat results
reproducible	able to repeat results
reproduction	a copy of an original
reproductive	relating to producing offspring
reptile	a cold-blooded scaly animal
reptilian	like a reptile
republicanism	belief in no monarch
republication	printing something again
republish	to print again
repudiate	to reject as untrue
repudiation	rejection as false
repugnant	extremely distasteful
repulse	a driving away or rejection
repulsion	a strong feeling of disgust
repulsive	causing strong disgust
repurchase	buying something back
reputable	having a good reputation
repute	general opinion of someone
reputedly	as generally believed
requester	one who asks
requiem	a piece honoring the dead
requirement	something that is needed
requisite	necessary or required
requisition	an official request for supplies
reread	to read again
rerun	a repeated broadcast
resale	selling something again
reschedule	to set a new time
rescind	to cancel officially
rescission	the official cancelling of something
rescued	saved from danger
rescuer	a person who saves someone
researcher	a subject studier
resection	surgical removal of tissue
reseda	a plant with fragrant flowers
resell	to sell something bought
resemblance	a similar look
resemble	to look like
resent	to feel bitter about
resentful	feeling bitter about unfair treatment
resentment	bitter feeling about unfair treatment
reservation	a booking made in advance
reserved	shy and quiet
reserves	supplies kept for later use
reservist	a part-time soldier
reservoir	a water storage place
reset	a return to start
resettle	to move anew
resettled	moved to a new place
resettlement	moving to a new place
reshape	to change the form of
reshoot	to film again
reshuffle	a rearrangement of positions
reshuffling	rearranging positions
reside	to live in a place
residency	the state of living somewhere
residual	remaining after most is gone
residue	what remains after something happens
resign	to formally quit a job
resignation	quitting a job
resilience	ability to recover quickly
resiliency	ability to recover quickly
resilient	able to recover quickly
resin	a sticky substance from plants
resinous	full of sticky plant substance
resist	to fight against
resistant	not easily affected or defeated
resistive	tending to resist
resistivity	a material's resistance to current
resistor	a current-limiting device
resize	to change the size of
resolute	firm and determined
resolutely	in a firm, determined way
resolve	firm determination
resolved	firmly decided
resolving	settling a problem
resonance	a rich, echoing sound
resonant	deep and echoing
resonate	to strike a chord
resonating	echoing strongly
resonator	a device that produces resonance
resorption	tissue breaking down
resound	to echo loudly
resounding	loud and clear
resoundingly	very clearly
resourceful	good at finding solutions
resourcefulness	skill at finding solutions
respectability	the state of being respectable
respectable	deserving respect
respectably	in a way deserving respect
respected	admired and esteemed
respectful	showing respect
respectfully	in a respectful manner
respective	belonging to each separately
respects	polite greetings or regard
respiration	the process of breathing
respirator	a breathing aid
respiratory	relating to breathing
respite	a short rest
resplendent	brilliantly impressive
respondent	replying or answering
responder	an emergency reactor
responsibly	in a dependable, careful way
responsive	quick to react
responsiveness	quickness in reacting
restart	to start again
restate	to say again differently
restatement	saying something again differently
restaurateur	a restaurant runner
rested	refreshed after sleep
restful	calm and relaxing
restitution	making up for harm
restive	restless and impatient
restless	unable to stay calm
restlessly	in an uneasy, unsettled way
restlessness	an uneasy, unsettled feeling
restock	to fill up supplies again
restoration	bringing back original state
restorative	restoring health
restore	to bring back
restorer	a repairer of old things
restrain	to hold back
restrained	held back or controlled
restraint	self-control or a holding back
restrict	to limit
restricted	limited or controlled
restricting	limiting or controlling
restriction	a rule that limits something
restrictive	limiting freedom or choice
restroom	a public toilet
restructure	to reorganize completely
resubmit	to send in again
resultant	happening as a result
resume	a summary of work experience
resumption	the act of starting again
resurface	to appear again
resurgence	a return after a lull
resurgent	rising again in strength
resurrect	to bring back to life
resurrection	a bringing back to life
resuscitate	to revive someone unconscious
resuscitated	revived from unconsciousness
resuscitation	reviving someone unconscious
ret	to soak plant stems
retailer	a customer-selling business
retailing	selling goods to customers
retain	to keep hold of
retained	kept in place
retainer	a holding device
retake	a second attempt or filming
retaking	doing again or filming again
retaliate	to strike back
retaliation	striking back after an attack
retaliatory	done in revenge
retard	something that slows progress
retardant	a slowing substance
retardation	a slowing down of progress
retarded	slowed in development
retch	an attempt to vomit
rete	a network of vessels
retell	to tell again
retention	the ability to hold
retentive	good at remembering
rethink	a fresh reconsideration
reticence	unwillingness to speak openly
reticent	unwilling to speak openly
reticle	crosshairs in an optical device
reticular	forming a network pattern
reticulum	a network-like structure
retina	the eye's light sensor
retinal	relating to the eye's retina
retinitis	inflammation of the retina
retinol	a vitamin a form
retinopathy	a disease of the retina
retinue	a group of attendants
retire	to stop working permanently
retiree	one who stopped working
retiring	shy and avoiding attention
retool	to change equipment or methods
retort	a sharp, quick reply
retouch	to make small improvements to
retrace	to go back over
retract	to pull back
retractable	able to pull in
retracted	pulled back or withdrawn
retraction	a withdrawal of a statement
retractor	a pulling-back tool
retrain	to teach new skills
retraining	teaching new skills
retread	an old thing renewed
retreat	a withdrawal from danger
retreated	withdrew from danger
retrenchment	a spending cutback
retrial	a second court trial
retribution	punishment for wrongdoing
retributive	relating to deserved punishment
retrieval	getting something back
retrieve	to get something back
retriever	a breed of hunting dog
retro	styled like the past
retroactive	applying to the past
retroactively	applying to the past
retrofit	an added new part
retrograde	moving backward
retrospect	looking back on the past
retrospective	looking back on past events
retrospectively	when looking back later
retrovirus	a gene-altering virus
retry	to attempt again
returnable	able to be given back
reunification	bringing separated parts back together
reunion	a gathering after separation
reunite	to bring back together
reuptake	reabsorbing a substance
reusable	able to be used again
reuse	to use again
rev	a fast engine speed
revaluation	a new, higher official value
revamp	to improve and update
revealing	showing more than usual
reveille	a morning wake-up signal
revel	a lively celebration
revelation	a surprising truth revealed
revelatory	revealing something surprising
revelry	lively, noisy celebration
revenant	returning from the dead
revenge	harm returned for harm
reverberate	to echo repeatedly
reverberating	echoing repeatedly
reverberation	a repeated echo
revere	deep respect
revered	deeply respected
reverence	deep respect and admiration
reverend	a clergy title
reverent	showing deep respect
reverential	showing great respect
reverently	with deep respect
reverie	a daydream
reversal	a change to the opposite
reversed	turned to the opposite
reversibility	the ability to be undone
reversible	able to be undone
reversibly	in an undoable way
reversion	a return to before
revert	to go back
reverting	going back
reviewer	a person who evaluates something
revise	a corrected new version
revised	changed and corrected
revising	correcting and improving
revision	a corrected new version
revisionism	reinterpreting accepted history
revisionist	a person who reinterprets history
revisit	to look at again
revitalisation	giving new energy to something
revitalise	to give new energy to
revitalised	given new energy
revitalization	giving new energy to something
revitalize	to give new energy to
revitalized	given new energy
revitalizing	giving new life and energy
revival	a return to popularity
revivalist	a promoter of religious revival
revive	to bring back to life
revived	brought back to life
reviving	bringing back to life
revocable	able to be cancelled
revocation	the cancelling of something official
revoke	the cancelling of an order
revolt	an uprising against authority
revolting	extremely disgusting
revolutionary	radically new and different
revolutionise	to change completely and radically
revolutionize	to change completely and radically
revolve	to turn around a center
revolved	turned around a center point
revolver	a rotating-chamber handgun
revue	a light theatrical show
revulsion	a strong feeling of disgust
rewarding	giving a sense of satisfaction
rewatch	a repeated viewing
rewind	to run backward
rewire	to replace electrical wiring
reword	to say in different words
rework	to revise and improve
rewrite	a newly written version
rewriting	writing something again
rhapsody	an enthusiastic musical piece
rhea	a large flightless bird
rheology	study of how matter flows
rhesus	a small brown monkey
rhetoric	the art of persuasive speaking
rhetorical	meant to persuade, not answer
rhetorically	in a persuasive way
rheumatic	relating to joint pain
rheumatism	painful stiffness in joints
rheumatoid	relating to joint inflammation
rheumatologist	a joint disease doctor
rheumatology	the study of joint diseases
rhinestone	a fake sparkly gem
rhinitis	inflamed nasal passages
rhino	a large thick-skinned animal
rhinoceros	a large thick-skinned horned animal
rhinoplasty	surgery to reshape the nose
rhizome	an underground plant stem
rho	a greek letter
rhodium	a rare shiny metal
rhododendron	a flowering shrub
rhombic	shaped like a diamond
rhombus	a four-sided diamond shape
rhubarb	a tart-stemmed garden plant
rhyme	end-sounds that match
rhymed	ending in matching sounds
rhyming	having matching end sounds
rhyolite	a light volcanic rock
rhythm	a repeated pattern of beats
rhythmic	having a steady beat
rhythmical	having a steady beat
rhythmically	in a steady beat
rial	a middle eastern currency
rib	a chest bone
ribald	crudely humorous
riband	a decorative ribbon
ribavirin	an antiviral medicine
ribbed	having raised parallel lines
ribbing	a pattern of raised ridges
ribbon	a decorative cloth strip
riboflavin	a vitamin found in food
ribose	a type of sugar
ribosome	a protein-building cell part
riches	great wealth
richly	in an abundant way
richness	the quality of being abundant
ricin	a deadly plant poison
rickets	a bone-softening childhood disease
rickety	shaky and likely to collapse
rickey	a fizzy mixed drink
rickshaw	a small passenger cart
ricochet	a bounce off a surface
ricotta	a soft italian cheese
riddance	relief at removal
riddle	a puzzling question
riddled	full of holes or flaws
rider	a person who rides
ridge	a raised land strip
ridged	having raised lines
ridgeline	a hill's top edge
ridicule	mocking laughter or scorn
ridiculously	in an absurd way
ridiculousness	the quality of being absurd
ridley	a type of sea turtle
riel	the currency of cambodia
rife	very common or widespread
riff	a short repeated musical phrase
riffle	a quick shuffle or ripple
rifle	a long shoulder-fired gun
rifled	having spiral grooves inside
rifleman	a rifle-armed soldier
rifling	spiral gun barrel grooves
rift	a deep crack or split
rig	special equipment or a truck
rigged	dishonestly arranged in advance
rigger	one who sets up equipment
rigging	a ship's ropes and gear
righteous	morally good and just
righteously	in a morally right way
righteousness	moral goodness
rightful	having a proper legal claim
rightfully	by proper right
rightist	favoring conservative politics
rightly	correctly or justly
rightmost	furthest to the right
rightness	correctness or moral fitness
rigid	stiff and unbending
rigidity	stiffness and inflexibility
rigidly	in a stiff, unbending way
rigor	strict and careful precision
rigorous	very strict and thorough
rigorously	in a strict, thorough way
rigour	strict and careful precision
rile	to make someone annoyed
riled	made annoyed or angry
rim	an outer edge
rima	a narrow crack or slit
rime	a frosty coating of ice
rimmed	having a border or edge
rind	a fruit's tough skin
ringed	surrounded by a circle
ringer	someone who resembles another closely
ringgit	the currency of malaysia
ringing	a continuous bell-like sound
ringleader	head of troublemakers
ringmaster	a circus host
ringside	area next to a boxing ring
ringworm	a contagious skin fungus
rink	an enclosed area for skating
rinse	a quick wash with water
rinsing	washing off with water
riot	a violent public disturbance
rioter	a riot participant
rioting	violent public disturbance
riotous	wild and unruly
rip	a tear or sudden pull
riparian	relating to a riverbank
ripe	ready to eat
ripen	to become ready to eat
ripened	grown fully ready to eat
ripeness	being ready to eat
ripening	becoming ready to eat
riposte	a quick sharp reply
ripped	torn apart forcefully
ripper	someone or something that tears
ripping	very exciting or fast
ripple	a small wave on water
rippled	covered in small waves
rippling	forming small waves
riptide	a strong dangerous ocean current
risen	gone or gotten up
riser	a vertical support
risky	likely to cause harm
risotto	a creamy italian rice dish
risque	slightly indecent or suggestive
rite	a formal ceremony
ritual	following a fixed ceremony
ritualistic	done as a fixed ceremony
ritually	as a fixed ceremony
ritz	showy elegance
ritzy	fancy and expensive-looking
rival	competing for the same thing
rivalry	ongoing competition between opponents
rive	to tear apart violently
riverbank	the land beside a river
riverbed	the ground under a river
riverside	the land along a river
rivet	a metal fastening pin
riveter	a rivet fastener
riveting	completely captivating
roach	a cockroach
roadbed	the foundation under a road
roadblock	a barrier stopping traffic
roadhouse	a rural bar or inn
roadkill	an animal killed by traffic
roadrunner	a fast-running desert bird
roadside	the edge of a road
roadster	an open two-seat sports car
roadway	a road's vehicle part
roam	to wander freely
roan	having a mixed reddish-gray color
roar	a loud deep sound
roaring	making a loud deep sound
roast	cooked with dry heat
roasted	cooked with dry heat
roaster	a pan for roasting food
roasting	cooking with dry heat
robber	someone who steals by force
robbery	stealing by force
robe	a long loose garment
robed	dressed in a long garment
robot	a programmable mechanical machine
robotic	acting like a machine
robotics	the science of building robots
robust	strong and healthy
robustly	in a strong, sturdy way
robustness	the quality of being strong
roc	a giant mythical bird
rockabilly	an early rock music style
rocker	a chair that rocks
rockers	people who play rock music
rocketry	the science of building rockets
rockfish	a spiny ocean fish
rocky	full of rocks or unstable
rococo	an ornate decorative style
rod	a thin straight bar
rodent	a small gnawing mammal
rodeo	a cowboy skill competition
roe	fish eggs
roebuck	a male roe deer
rogue	a dishonest or unpredictable person
roguish	playfully mischievous
roiling	churning turbulently
roleplay	to act out a role
roleplaying	acting out a pretend role
rollback	a return to before
rolled	turned over or wrapped
roller	a cylindrical tool that turns
rollerblading	skating on wheeled boots
rollicking	full of boisterous fun
rollover	an unused amount carried forward
romaine	a crisp lettuce variety
romantically	in a loving, sentimental way
romanticism	an artistic movement valuing emotion
romanticize	to idealize something
romp	a lively playful frolic
romper	a one-piece playsuit
rondo	a repeating-theme music piece
rood	a crucifix or cross
roofed	covered with a roof
roofer	someone who builds roofs
roofing	roof-covering material
rooftop	a building's top surface
rook	a tower-shaped chess piece
rookery	a breeding colony of birds
rookie	a newcomer or beginner
roomful	enough to fill a room
roomie	a roommate
roommate	someone sharing living space
roomy	spacious
roost	a place where birds rest
rooster	an adult male chicken
rooted	firmly fixed in place
rooter	an enthusiastic supporter
rooting	cheering for someone
rootless	lacking a stable home
rootstock	a graft base plant
rope	a thick strong cord
roper	someone skilled with a lasso
roping	catching with a lasso
rosacea	a chronic skin redness condition
rosary	a string of prayer beads
rosebud	an unopened rose flower
rosehip	a rose plant's fruit
roselle	a tea hibiscus plant
rosemary	a fragrant cooking herb
rosette	a rose-shaped decoration
rosewood	a dark reddish wood
rosin	a grip-aiding resin
rosita	a small rose-like flower
roster	a list of names
rostrum	a raised speaking platform
rosy	pink and healthy-looking
rot	decay
rota	a rotating schedule of duties
rotary	turning around a central point
rotatable	able to be turned around
rotate	to turn around a center
rotated	turned around a center point
rotation	a turning around a center
rotational	relating to turning motion
rotavirus	a virus causing severe diarrhea
rote	mechanical repetition without understanding
rotisserie	a roasting spit
rotor	a machine's rotating part
rotted	decayed
rotten	decayed and spoiled
rotter	a despicable person
rotting	decaying
rotund	round and plump
rotunda	a large round domed room
rouble	the currency of russia
rouge	a red cosmetic powder
roughness	an uneven or coarse texture
roughshod	careless and inconsiderate
rouleau	a stack of coins
roulette	a spinning-wheel game
roundabout	indirect rather than straightforward
rounded	curved rather than sharp
rounder	someone who lives loosely
rounders	a bat-and-ball team game
roundhouse	a wide swinging punch
rounding	adjusting to nearest unit
roundish	somewhat round
roundly	thoroughly and completely
roundness	the quality of being round
roundtable	a discussion among equals
roundup	a gathering or summary
rouse	to wake or stir up
rousing	stirring and exciting
rout	a disorderly defeat
router	a network-connecting device
routinely	as a regular habit
roux	a flour-and-fat sauce base
rove	to wander freely
rover	a wanderer
roving	wandering from place to place
rowan	a red-berry tree
rowboat	an oar-moved boat
rowdy	loud and disorderly
rower	someone who rows a boat
rowing	moving a boat with oars
royalist	a supporter of a monarchy
royally	in a grand, kingly way
royalty	a king's or queen's family
rozelle	a tea hibiscus plant
rpm	revolutions per minute
rub	a rubbing motion
rubber	stretchy elastic material
rubbery	having a stretchy elastic texture
rubbing	moving against a surface
rubbish	worthless waste material
rubble	broken stone pieces
rube	an unsophisticated country person
rubella	a mild rash illness
rubidium	a soft reactive metal
ruble	the currency of russia
rubric	a set of scoring guidelines
ruby	deep red in color
ruck	a disorderly crowd
rucksack	a back-carried bag
ruckus	a noisy disturbance
rudd	a small freshwater fish
rudder	a boat's steering blade
rudderless	lacking direction or leadership
ruddy	having a healthy red color
rude	impolite and disrespectful
rudely	in an impolite way
rudeness	impolite behavior
rudimentary	basic and undeveloped
rudiments	the basic elements of something
rue	deep regret
rueful	expressing regret
ruefully	with an expression of regret
ruff	a frilly collar
ruffian	a violent troublemaker
ruffle	a gathered decorative frill
ruffled	gathered into small folds
rug	a floor covering
rugged	tough and rough in texture
ruggedly	in a tough, rough way
ruggedness	toughness and durability
ruination	total destruction
ruined	badly damaged or destroyed
ruining	badly damaging or destroying
ruinous	causing severe damage
ruler	a person who governs
rulership	the position of governing
ruling	currently in power
rum	a distilled sugarcane liquor
rumba	a lively latin dance
rumble	a deep continuous sound
rumbling	making a deep continuous sound
rumen	cattle's first stomach
ruminant	a cud-chewing animal
ruminate	to think deeply about something
rumination	deep repeated thinking
rummage	a moving-around search
rummy	a card game
rumor	an unconfirmed story passed around
rumour	an unconfirmed story passed around
rump	the buttocks
rumple	to wrinkle or mess up
rumpled	wrinkled and messy
rumpus	a noisy commotion
runabout	a small light vehicle
runaway	escaped or out of control
rundle	a rung of a ladder
rundown	a brief summary
rune	an ancient alphabet symbol
rung	a step of a ladder
runic	written in an ancient alphabet
runner	someone who runs
runny	flowing more than usual
runoff	water flowing off the land
runt	the smallest of a litter
runway	a strip for aircraft takeoff
rupee	the currency of india
rupiah	the currency of indonesia
rupture	a sudden bursting or split
ruse	a trick to deceive someone
rushed	done in a hurry
rusher	someone moving quickly
rushing	moving quickly
rusk	a dry crisp biscuit
russet	reddish brown
rust	an orange-brown color
rusted	corroded by rust
rustic	simple and countryside-like
rusting	corroding with rust
rustle	a soft crackling sound
rustler	a livestock thief
rustling	making a soft crackling sound
rusty	covered with corrosion
rut	a deep track or groove
ruth	deep pity or compassion
ruthenium	a rare hard metal
rutherford	a unit of radioactivity
ruthless	without pity or mercy
ruthlessly	without pity or mercy
ruthlessness	a total lack of mercy
rutile	a mineral used for titanium
rutted	marked with deep tracks
rya	a thick knotted rug
rydberg	a unit of atomic energy
rye	a bread grain
sabbat	a witches' festival gathering
sabbatical	paid leave from work
saber	a curved sword
sabin	a unit of sound absorption
sable	deep black in color
sabot	a wooden clog shoe
sabotage	deliberate damage or destruction
saboteur	person who deliberately damages things
sabra	native-born israeli
sabre	curved military sword
sac	small pouch in a body
saccharin	artificial sweetener
saccharine	overly sweet or sentimental
sachem	native american chief
sachet	small scented bag
sack	large bag
sackcloth	rough coarse cloth
sacked	dismissed from a job
sacking	rough coarse fabric
sacral	relating to the lower spine
sacrament	sacred religious ritual
sacramental	relating to a sacred ritual
sacred	holy and deserving respect
sacredness	quality of being holy
sacrifice	giving something up for another
sacrificial	given up as an offering
sacrilege	disrespect toward something sacred
sacrilegious	disrespectful of something sacred
sacristy	room for church items
sacrosanct	too important to be changed
sacrum	a base-of-spine bone
sadden	to make sad
saddle	seat for riding a horse
saddleback	ridge shaped like a saddle
saddled	burdened with something
saddler	maker of horse saddles
sadhu	hindu holy man
sadism	pleasure from hurting others
sadist	person who enjoys hurting others
sadistic	enjoying cruelty to others
sadly	in a sad way
sadness	feeling of unhappiness
sadomasochism	pleasure from pain and cruelty
sadomasochistic	relating to pleasure from pain
safari	trip to view wild animals
safeguard	something that protects
safekeeping	care to keep something safe
safely	without danger
safflower	plant with oil-rich seeds
saffron	yellow spice from a flower
sag	a droop or sinking
saga	long adventurous story
sagacity	wisdom and good judgment
sagamore	native american chief
sage	wise, especially from experience
sagebrush	desert shrub
sagging	drooping or sinking down
sagittal	running front to back
sago	starch from a palm tree
saguaro	large tall cactus
sahib	respectful term for a man
saiga	antelope with a large nose
sail	fabric that catches wind
sailboat	boat powered by wind
sailfish	large fast ocean fish
sailing	traveling by boat with sails
sailor	a ship worker
sainted	regarded as holy
sainthood	status of being a saint
saintly	very good and virtuous
saki	small south american monkey
salaam	respectful greeting or bow
salable	fit to be sold
salacious	inappropriately sexual
salad	dish of mixed vegetables
salah	islamic ritual prayer
salamander	small lizard-like amphibian
salami	seasoned cured sausage
salaried	paid a fixed regular wage
salat	islamic ritual prayer
saleable	fit to be sold
salesman	man who sells goods
salesmanship	skill in selling things
salesperson	person who sells goods
saleswoman	woman who sells goods
salicylate	pain-relieving chemical compound
salience	quality of standing out
salient	most noticeable or important
saline	containing salt
salinity	amount of salt present
saliva	liquid produced in the mouth
salivary	relating to saliva
salivate	to produce saliva
sallow	pale, sickly yellow color
sally	sudden rush forward
salmon	pinkish orange color
salmonella	bacteria causing food poisoning
salon	stylish shop or gathering room
saloon	old-fashioned bar
salsa	spicy tomato-based sauce
salted	seasoned or preserved with salt
salter	person who salts food
saltiness	quality of tasting salty
salting	act of adding salt
saltire	x-shaped cross design
saltpeter	mineral used in gunpowder
saltwater	water containing salt
salty	tasting of salt
salubrious	good for one's health
salutary	producing good effects
salutation	a greeting
salute	formal gesture of respect
salvage	recovery of usable things
salvageable	able to be recovered
salvation	act of being saved
salve	soothing ointment
salvia	flowering herb plant
salvo	burst of gunfire
salwar	loose traditional trousers
saman	preserved meat product
samara	winged seed pod
samba	brazilian dance and music
sambar	large asian deer
sambuca	sweet italian liqueur
sameness	quality of being alike
samosa	fried stuffed pastry
samphire	edible coastal plant
sampler	collection of examples
sampling	taking small representative portions
samsara	cycle of rebirth
samurai	japanese warrior class
sanatorium	hospital for long-term illness
sanctification	act of making holy
sanctified	made holy
sanctify	to make holy
sanctimonious	acting morally superior
sanction	official approval or penalty
sanctioned	officially approved
sanctioning	giving official approval
sanctity	state of being sacred
sanctuary	safe protected place
sanctum	private sacred space
sandal	open shoe with straps
sandalwood	fragrant wood from a tree
sandbag	bag filled with sand
sandbank	underwater ridge of sand
sandbar	ridge of sand in water
sandbox	container of sand for play
sander	tool for smoothing surfaces
sandlot	empty lot used for sports
sandman	folklore figure bringing sleep
sandpaper	paper coated with abrasive grit
sandpiper	small shorebird
sandpit	pit filled with sand
sands	area covered in sand
sandstone	rock formed from sand
sandstorm	storm of blowing sand
sandwich	food between slices of bread
sandy	covered with sand
sane	mentally healthy and reasonable
sang	past tense of sing
sangria	spanish wine punch
sanguine	optimistic and cheerful
sanitarium	hospital for long-term illness
sanitary	clean and hygienic
sanitation	systems for public health cleanliness
sanitize	to make clean and hygienic
sanitized	made clean and hygienic
sanity	soundness of mind
santorum	no common meaning
sap	fluid inside a plant
sapiens	relating to modern humans
sapient	wise and intelligent
sapling	young tree
sapper	military engineer
sapphic	relating to lesbian love
sapphire	deep blue gemstone color
sappy	overly sentimental
saran	plastic wrap material
saratoga	large travel trunk
sarcasm	mocking or ironic remark
sarcastic	mocking through irony
sarcastically	in a mocking ironic way
sarcoidosis	disease causing tissue inflammation
sarcoma	type of cancerous tumor
sarcophagus	stone coffin
sardine	small oily fish
sardonic	mocking and scornful
saree	draped indian garment
sargasso	floating brown seaweed
sari	draped indian garment
sarin	deadly nerve gas
sarong	wrapped cloth garment
sarsaparilla	root used for flavoring drinks
sartorial	relating to clothing style
sartorius	long thigh muscle
sash	decorative band or strip
sashay	to walk with swagger
sashimi	sliced raw fish dish
saskatoon	edible purple berry
sass	bold disrespectful talk
sassafras	tree used for flavoring
sassy	bold and disrespectful
satanic	relating to the devil
satchel	bag carried over the shoulder
sate	to satisfy fully
satiate	fully satisfied
satiated	completely satisfied
satiation	state of being fully satisfied
satiety	feeling of being full
satin	smooth glossy fabric
satire	humor mocking flaws
satiric	mocking through humor
satirical	mocking through humor
satirically	in a mocking humorous way
satirist	writer who mocks through humor
satirize	to mock through humor
satisfaction	feeling of contentment
satisfactorily	in an acceptable way
satisfactory	good enough to be acceptable
satisfied	content and pleased
satisfy	to fulfill a need
satisfying	giving contentment
satisfyingly	in a pleasing way
satori	sudden spiritual enlightenment
satsuma	small sweet orange
saturate	to soak thoroughly
saturated	completely soaked or filled
saturation	state of being fully soaked
saturnalia	wild uninhibited celebration
satyr	mythical goat-legged creature
saucepan	pot with a handle
saucer	small dish under a cup
saucy	bold and cheeky
sauerkraut	fermented cabbage dish
sauna	hot steam room
saunter	a leisurely walk
sausage	seasoned ground meat in casing
saute	quickly fried in fat
sauteed	quickly fried in fat
savage	fiercely violent
savagely	in a fiercely violent way
savagery	brutal violent behavior
savanna	grassy tropical plain
savannah	grassy tropical plain
savant	person with great knowledge
saver	one who saves money
savin	type of juniper shrub
savior	person who rescues others
saviour	person who rescues others
savor	pleasurable taste or smell
savoring	enjoying slowly and fully
savory	pleasant tasting, not sweet
savour	pleasurable taste or smell
savouring	enjoying slowly and fully
savoury	pleasant tasting, not sweet
savoy	type of curly cabbage
savvy	practical knowledge and skill
sawdust	fine wood particles
sawmill	factory that cuts logs
sawtooth	jagged zigzag pattern
sawyer	person who cuts timber
sax	short for saxophone
saxophone	curved brass wind instrument
saxophonist	person who plays saxophone
sayonara	japanese word for goodbye
scab	crust over a healing wound
scabbard	sheath for a sword
scabby	covered with scabs
scabies	itchy skin condition from mites
scad	large number or amount
scaffold	temporary structure for workers
scaffolding	temporary support structure
scalability	ability to grow easily
scalable	able to be expanded easily
scalar	having only magnitude, not direction
scald	burn from hot liquid
scaled	adjusted in size or proportion
scaling	adjusting size or proportion
scallion	long green onion
scallop	shellfish with a fan-shaped shell
scalloped	edged with curved notches
scalp	skin covering the head
scalpel	small surgical knife
scalper	person reselling tickets illegally
scaly	covered in scales
scam	dishonest scheme to cheat
scammer	person who cheats others
scamp	mischievous person
scamper	to run playfully
scampi	fried shrimp dish
scan	quick look over something
scandal	shocking wrongdoing that damages reputation
scandalous	shockingly improper
scandalously	in a shockingly improper way
scanner	a data-reading device
scanning	looking over quickly
scant	barely enough
scantily	in a skimpy way
scanty	barely sufficient
scape	scenic view
scapegoat	person blamed for others' faults
scapula	shoulder blade
scapular	relating to the shoulder blade
scar	a healed-wound mark
scarab	beetle, especially sacred to egyptians
scarce	not enough to meet demand
scarcely	only just, barely
scarcity	shortage of something
scare	sudden fear
scarecrow	figure to frighten birds
scarf	a neck cloth
scarily	in a frightening way
scarlet	bright red color
scarp	steep slope or cliff
scarred	marked with scars
scat	animal droppings
scathing	harshly critical
scatter	to spread widely apart
scattered	spread out irregularly
scattering	spreading widely apart
scavenge	to search for usable scraps
scavenger	animal that feeds on scraps
scenario	possible sequence of events
scenery	natural surroundings viewed
scenic	having beautiful natural views
scent	a smell, especially pleasant
scented	having a pleasant smell
scepter	ceremonial staff of a ruler
sceptic	person who doubts claims
sceptical	doubtful of claims
scepticism	tendency to doubt claims
sceptre	ceremonial staff of a ruler
scheduler	a task-timing tool
scheduling	planning the timing of events
schema	organized plan or structure
schematic	simplified diagram of a system
schematically	in a simplified diagrammatic way
schemer	person who plots secretly
scheming	plotting secretly
scherzo	lively piece of music
schilling	former austrian currency
schism	a split into opposing groups
schismatic	causing a split into factions
schist	layered metamorphic rock
schistosomiasis	parasitic worm disease
schizoid	socially withdrawn and detached
schizophrenia	a thought-distorting illness
schizophrenic	relating to schizophrenia
schlock	cheap, poor-quality material
schmaltz	excessive sentimentality
schmuck	foolish or contemptible person
schnapps	strong flavored liquor
schnauzer	wiry-coated dog breed
schnitzel	thin breaded fried meat
scholar	person who studies deeply
scholarly	relating to serious academic study
scholarship	money awarded for study
scholastic	relating to schools or education
scholasticism	medieval christian philosophy tradition
schoolboy	boy who attends school
schooldays	years spent at school
schoolgirl	girl who attends school
schoolhouse	building used as a school
schooling	education received at school
schoolmaster	male teacher, especially headmaster
schoolmate	fellow student at school
schoolroom	room used for teaching
schoolteacher	person who teaches at school
schoolwork	tasks assigned by school
schoolyard	outdoor area at a school
schooner	sailing ship with two masts
schtick	a signature comedic routine
sciatic	relating to the hip nerve
sciatica	pain along the sciatic nerve
scientifically	based on science
scientist	person who studies science
scimitar	curved oriental sword
scintilla	a tiny trace
scintillating	brilliantly clever or sparkling
scintillation	a sparkling flash of light
scion	descendant of a notable family
scissor	to cut with scissors
scissors	tool for cutting with blades
sclera	white part of the eye
scleroderma	disease hardening the skin
sclerosis	hardening of body tissue
sclerotic	hardened, especially tissue
scoff	to mock or ridicule
scoffing	mocking or ridiculing
scold	a nagging person
scolding	a harsh reprimand
scoliosis	curvature of the spine
sconce	wall-mounted candle holder
scone	small baked bread cake
scoop	tool for lifting loose material
scoot	to move quickly
scooter	small two-wheeled vehicle
scope	range or extent of something
scopolamine	drug used to prevent nausea
scorch	a mark from burning
scorched	burned on the surface
scorcher	extremely hot day
scorching	extremely hot
scoreboard	display showing game scores
scorecard	card for recording scores
scoreless	with no points scored
scorer	one who scores points
scorn	strong feeling of contempt
scorned	treated with contempt
scornful	showing deep contempt
scorpion	small stinging desert creature
scotch	to put an end to
scoundrel	a dishonest, wicked person
scour	a scrubbed clean spot
scoured	scrubbed very clean
scourge	a cause of great suffering
scouring	rubbing hard to clean
scours	rubs hard to clean
scouse	liverpool dialect or accent
scout	person sent to gather information
scouting	searching an area for information
scoutmaster	adult leader of scouts
scowl	an angry frowning look
scowling	frowning in anger
scrabble	a scrambling, clawing search
scraggly	untidy and uneven
scram	leave quickly
scramble	a hurried, disorderly rush
scrambled	mixed together messily
scrambler	device that jumbles a signal
scrap	a small leftover piece
scrapbook	book for pasting mementos
scrape	a mark from rubbing roughly
scraper	tool for removing surface material
scraping	rubbing with a hard edge
scrapper	a fighter or arguer
scrappy	determined and feisty
scraps	small leftover bits
scratch	a shallow mark or cut
scratcher	something used to scratch
scratching	rubbing with something sharp
scratchy	rough and irritating
scrawl	messy, hurried handwriting
scrawny	thin and bony
scream	a loud, sharp cry
screamer	one who screams loudly
scree	loose rocks on a slope
screech	a harsh, high-pitched cry
screeching	making a harsh high cry
screed	a long tedious writing
screener	a checking person or device
screening	a test to detect something
screenplay	script for a film
screenshot	to capture a screen image
screenwriter	writer of film scripts
screw	a spiral-thread fastener
screwball	wildly eccentric
screwdriver	tool for turning screws
screwing	twisting something into place
screwy	strange and crazy
scribble	quick, messy writing or marks
scribe	a hand-copying writer
scrim	a thin, see-through fabric
scrimmage	a practice match or skirmish
scrip	paper money or a voucher
scripted	planned out in advance
scriptural	relating to sacred writings
scripture	sacred religious writing
scriptwriter	writer of scripts for shows
scrivener	a clerk or scribe
scroll	a rolled-up piece of paper
scrooge	a very stingy person
scrotal	relating to the scrotum
scrotum	the pouch holding the testicles
scrounge	to gather by any means
scrub	small, stunted vegetation
scrubbed	cleaned by rubbing hard
scrubber	a scrubbing tool
scrubbing	rubbing hard to clean
scrubby	covered in low bushes
scrubland	land covered with low bushes
scrubs	medical staff clothing
scruff	the back of the neck
scruffy	messy and shabby looking
scrum	a rugby huddle
scrumptious	delicious
scrunch	to crush or squeeze together
scruples	moral doubts about doing something
scrupulous	very careful and precise
scrupulously	with extreme care and precision
scrutinise	to examine closely
scrutinize	to examine closely
scrutiny	close and careful examination
scuba	underwater breathing equipment
scud	fast-moving clouds or spray
scuff	a mark from light rubbing
scuffle	a brief, disorganized fight
scull	a small oar-rowed boat
scullery	small room for washing dishes
scullion	a kitchen servant
sculpt	to carve or mold
sculpted	shaped by carving or molding
sculptor	an artist who makes statues
sculptural	having sculpture-like quality
sculpture	a carved artwork
sculptured	shaped like a sculpture
scum	dirt atop a liquid
scumbag	a despicable person
scummy	covered in dirty film
scurrilous	insulting and untrue
scurry	a hurried, light run
scurrying	running quickly with small steps
scurvy	a vitamin c deficiency disease
scuttle	to run in quick steps
scythe	a grass-cutting tool
seabed	the floor of the sea
seabird	a sea-dwelling bird
seaboard	land along the coast
seaborne	carried by ship
seacoast	land bordering the sea
seafarer	a sailor
seafaring	relating to sea travel
seafood	edible fish and shellfish
seafront	a town's sea-facing part
seagoing	made for sea travel
seagrass	underwater sea grass
seagull	a common white sea bird
seahorse	a small upright-swimming sea fish
sealant	a substance that seals gaps
sealed	closed tightly shut
sealer	a surface-sealing substance
sealing	closing something tightly
seam	a joining line
seaman	a sailor
seamanship	skill in handling a ship
seamed	having a visible joining line
seamless	smooth with no visible joins
seamstress	a woman who sews clothes
seance	a meeting to contact spirits
seaplane	a water-landing aircraft
seaport	a harbor town
sear	dried up and withered
searcher	someone who looks for something
searchlight	a powerful movable light beam
seared	burned quickly on the surface
searing	extremely hot or intense
seascape	a picture of the sea
seashell	a sea creature's shell
seashore	the land along the sea
seasick	nauseous from a ship's motion
seasickness	nausea from a ship's motion
seaside	the area by the sea
seasonal	tied to a time of year
seasonally	according to the season
seasoned	experienced from long practice
seasoning	spices added to food
seatbelt	a seat-holding strap
seated	sitting down
seating	arrangement of seats
seawall	a sea-blocking wall
seaward	toward the sea
seawater	water from the sea
seaway	a route for ships
seaweed	plant growing in the sea
seaworthy	fit to sail safely
sebaceous	relating to skin oil glands
sebum	oily substance from the skin
secede	to formally withdraw
secession	formal withdrawal from a group
secessionist	one favoring withdrawal
secluded	hidden away and private
seclusion	being kept away from others
secondarily	as a lesser priority
secondhand	previously owned by someone else
secondly	as the second point
secondment	a temporary job transfer
secrecy	keeping things hidden
secretarial	relating to office administrative work
secretariat	an administrative office or staff
secrete	to release a substance
secretion	a gland-released substance
secretive	inclined to hide information
secretly	without others knowing
secretory	producing and releasing substances
sect	a small belief group
sectarian	relating to a belief group
sectarianism	strong loyalty to a sect
sectional	relating to a particular section
sectioned	divided into parts
secular	not religious
secularism	keeping religion from government
secularist	a religion-government separator
secularization	becoming less religious
securely	in a firm, safe way
sedan	a closed passenger car
sedate	calm and unhurried
sedation	a medicine-induced calm
sedative	causing calm or sleepiness
sedentary	involving little physical activity
sedge	a grass-like marsh plant
sediment	settled solid matter
sedimentary	formed from settled particles
sedimentation	particles settling in liquid
sedition	action against government
seditious	encouraging rebellion against authority
seduce	to tempt into something
seducer	a tempter, often sexual
seduction	the act of tempting someone
seductive	tempting and attractive
seductively	in a tempting, alluring way
seductress	a woman who seduces others
sedum	a small, fleshy-leaved plant
seeded	planted with seeds
seedless	having no seeds
seedling	a young seed-grown plant
seedy	shabby and disreputable
seeker	a person searching for something
seel	to sew a bird's eyes shut
seeming	appearing to be so
seemingly	as far as one can tell
seemly	proper and fitting
seep	to flow slowly through gaps
seepage	slow leaking of liquid
seeping	flowing slowly through small gaps
seer	a future-predicting person
seesaw	a tipping plank
seethe	to be very angry inside
seething	boiling with anger
segment	a distinct part of something
segmental	relating to a segment
segmentation	division into separate parts
segmented	divided into separate parts
segregate	to separate into groups
segregated	kept separate by group
segregation	the enforced separation of groups
segregationist	a supporter of separating groups
segue	a smooth transition
seidel	a large beer mug
seigneur	a feudal lord
seine	a large fishing net
seismic	relating to earthquakes
seismological	relating to earthquakes
seismology	the scientific study of earthquakes
seize	to grab suddenly and firmly
seizing	grabbing suddenly and firmly
seizure	a sudden illness attack
seldom	rarely
selective	choosing carefully among options
selectively	in a carefully chosen way
selectivity	the quality of being choosy
selectman	a town official
selector	a choosing device or person
selenium	a chemical element
selfish	caring only about oneself
selfishly	in a self-centered way
selfishness	caring only about oneself
selfless	putting others before oneself
selflessly	without regard for oneself
selflessness	putting others' needs first
seller	a person who sells something
selloff	a rapid sale of assets
sellout	a fully sold-out event
seltzer	fizzy plain water
selva	a tropical rainforest
semantic	relating to meaning in language
semantically	in terms of meaning
semantics	the study of meaning
semaphore	a signaling system using flags
semblance	an outward appearance of something
semen	fluid containing sperm
semester	half of a school year
semiannual	happening twice a year
semiarid	somewhat dry, little rainfall
semiautomatic	partly automatic in operation
semicircle	half of a circle
semicircular	shaped like half a circle
semicolon	a punctuation mark
semiconducting	partly able to conduct electricity
semiconductor	a partly conducting material
semifinal	the round before the final
semifinalist	a competitor in the semifinal
seminal	highly influential and original
seminar	a small class for discussion
seminary	a school for training clergy
semiotic	relating to signs and symbols
semiotics	the study of signs
semolina	coarse ground wheat
sen	a small unit of currency
senatorial	relating to a senate
sender	the person who sends something
sene	a small unit of currency
senescence	the process of growing old
senescent	growing old
senile	mentally weak from old age
senility	mental decline from old age
seniority	rank from length of service
senna	a laxative plant
senpai	a respected senior colleague
sens	a unit of currency
sensation	a strong physical feeling
sensational	causing great excitement
sensationalism	exaggerated reporting to shock people
sensationalist	using shocking exaggeration
sensationally	in a shocking, exciting way
sensed	became aware of
senseless	pointless and foolish
senselessly	in a pointless, foolish way
sensibility	awareness of feelings and moods
sensible	showing good judgment
sensibly	in a wise, practical way
sensing	becoming aware of something
sensitively	with care for others' feelings
sensitivity	being easily affected
sensitization	becoming more sensitive
sensitize	to make more sensitive
sensitized	made more sensitive
sensor	a device that detects change
sensorimotor	relating to senses and movement
sensory	relating to the physical senses
sensual	relating to physical pleasure
sensuality	enjoyment of physical pleasure
sensually	pleasing to the senses
sensuous	pleasing to the senses
sentience	the ability to feel
sentient	able to feel and perceive
sentiment	a feeling or opinion
sentimental	showing tender feelings
sentimentality	excessive tender emotion
sentinel	a watching guard
sentry	a soldier standing guard
separable	able to be separated
separately	apart from each other
separation	the act of splitting apart
separatism	desire to break away
separatist	favoring group separation
separator	something that divides things apart
sepia	a reddish-brown color
seppuku	ritual suicide by disembowelment
sepsis	a dangerous blood infection
septal	relating to a body wall
septic	infected with harmful bacteria
septicaemia	blood poisoning
septum	a body dividing wall
sepulchre	a tomb or burial chamber
sequel	a story's next installment
sequencer	an order-arranging device
sequential	following in a fixed order
sequentially	one after another in order
sequester	to isolate or set apart
sequestered	kept apart and isolated
sequestration	the act of isolating something
sequin	a small shiny disc
sequined	decorated with shiny discs
sequoia	a giant redwood tree
seraph	a high-ranking angel
sere	dry and withered
serenade	a romantic performed song
serendipitous	happening by a lucky chance
serendipity	a lucky, unplanned discovery
serene	calm and peaceful
serenely	in a calm, peaceful way
serenity	a state of calm peacefulness
serf	a land-bound peasant
serfdom	the state of bound peasantry
serge	a durable woven fabric
sergeant	a military rank above corporal
serial	happening one after another
serialization	publishing in successive parts
serially	one after another
serif	a small letter stroke
serine	an amino acid
seriousness	the quality of being serious
serjeant	an old spelling of sergeant
sermon	a church speech
serological	relating to blood serum
serotonin	a brain chemical affecting mood
serous	watery, like blood serum
serpent	a snake
serpentine	winding like a snake
serrated	having a jagged, saw-like edge
sertraline	a medicine for depression
serum	blood's clear liquid part
serval	a wild african cat
servant	one who works for another
serviceability	the quality of being usable
serviceable	usable and functional
serviceman	an armed forces member
servicer	a maintainer or repairer
servicing	maintaining or repairing something
servile	overly submissive and obedient
servitude	a state of bondage
servo	relating to a control motor
sesame	a small edible seed
sesquicentennial	a 150th anniversary
sess	a slang term for marijuana
sessile	fixed in one place
seta	a stiff, bristle-like hair
setback	an obstacle that delays progress
sett	a badger's den
settee	a small sofa
setter	a breed of hunting dog
settler	a new-area mover
settling	coming to rest
setup	the way something is arranged
sevenfold	seven times as much
sevens	the number seven in cards
seventeen	the number after sixteen
seventeenth	after sixteenth in order
seventh	after sixth in order
seventies	the numbers seventy through seventy-nine
seventieth	after sixty-ninth in order
seventy	ten times seven
sever	to cut off completely
severally	each one separately
severance	payment when a job ends
severed	cut off completely
severely	very harshly
severing	the act of cutting off
severity	how harsh something is
sew	to join with thread
sewage	dirty waste water from homes
sewed	joined with needle and thread
sewer	an underground pipe for waste
sewerage	a system of waste pipes
sewing	joining with needle and thread
sewn	joined with needle and thread
sexed	having a known gender
sexiness	the quality of being attractive
sexism	unfair treatment based on gender
sexist	unfairly biased about gender
sexless	lacking sexual interest or appeal
sext	a sexual text message
sextant	a star-measuring tool
sextet	a group of six musicians
sexting	sending sexual text messages
sexton	a church caretaker
sexuality	sexual feelings and identity
sexualize	to give sexual quality
sexually	in a sexual way
shabby	worn out and untidy
shabu	a crystal form of methamphetamine
shack	a small, roughly built hut
shackle	a wrist or ankle restraint
shackled	bound with metal restraints
shad	a type of silvery fish
shade	an area blocked from sunlight
shaded	blocked from direct sunlight
shades	sunglasses
shading	darkening part of a picture
shadowed	followed closely and secretly
shadowing	following someone closely and secretly
shadowy	dark and unclear
shady	blocked from sunlight
shaft	a narrow passage or rod
shag	a shaggy hairstyle
shagged	very tired
shaggy	covered in long, messy hair
shaheed	a religious martyr
shakedown	testing something under real conditions
shaken	upset or disturbed
shaker	a mixing container
shakeup	a sudden big change
shakily	in an unsteady, trembling way
shaking	trembling movement
shaky	unsteady and likely to fail
shale	a soft layered rock
shallot	a small mild onion
shallow	not deep
shallowly	in a not deep way
shallowness	lack of depth
sham	fake and not genuine
shaman	a healer who contacts spirits
shamanism	belief in spirit healers
shambles	a state of total disorder
shambling	walking slowly and clumsily
shambolic	completely disorganized
shamed	made to feel guilty
shameful	causing embarrassment or disgrace
shamefully	in a disgraceful way
shameless	without guilt or embarrassment
shamelessly	without any guilt or embarrassment
shampoo	liquid soap for washing hair
shamrock	a small three-leaved clover
shamus	a private detective
shandy	beer mixed with lemonade
shanghai	to trick into doing something
shank	the lower leg or blade
shanty	a small crudely built shack
shapeless	having no clear form
shapely	having an attractive figure
shaper	a form-giving tool or person
shaping	forming into a particular shape
shard	a sharp broken piece
shareholder	a company stock owner
shareholding	ownership of company shares
sharer	someone who shares something
shareware	try-before-buying software
sharia	islamic religious law
shariah	islamic religious law
shark	a large predatory fish
sharpen	to make more cutting
sharpened	made more cutting or clear
sharpener	a sharpening tool
sharper	a cheating gambler
sharpie	a felt-tip marker pen
sharply	in a sudden, clear way
sharpness	the quality of being sharp
sharpshooter	someone very skilled at shooting
shatter	to break suddenly into pieces
shattered	broken suddenly into many pieces
shattering	extremely upsetting
shave	removing hair with a blade
shaved	with hair removed
shaven	having hair removed by shaving
shaver	a tool for removing hair
shaving	a thin piece cut off
shawl	a shoulder cloth wrap
shay	a light horse-drawn carriage
sheaf	a bundle of stalks or papers
shear	a cutting or tearing force
sheared	cut off with a blade
shearer	a sheep wool clipper
shearing	clipping wool from sheep
shears	large scissors
shearwater	a type of seabird
sheath	a cover for a blade
sheathed	covered in a protective case
sheathing	a protective outer covering
shebang	the whole thing or situation
shed	got rid of
shedding	losing hair, skin, or leaves
sheen	a soft surface shine
sheep	a woolly farm animal
sheepdog	a sheep-herding dog
sheepish	embarrassed and a little ashamed
sheepishly	in an embarrassed, timid way
sheepshead	a type of edible fish
sheepskin	a sheep's skin and wool
sheer	complete and total
sheeting	a flat covering material
sheik	an arab leader or chief
sheikh	an arab leader or chief
shekel	a unit of israeli currency
shekels	units of israeli currency
sheldrake	a type of colorful duck
shelf	a flat storage surface
shellac	a resin used for varnish
shelled	with the outer covering removed
shellfish	a shelled water animal
shelling	firing artillery shells
shelter	a place giving protection
sheltered	protected from harm or weather
shelve	to put off dealing with
shepherd	a person who tends sheep
shepherdess	a woman who tends sheep
sherbet	a fruity frozen dessert
sheriff	a local law enforcement officer
sherlock	a clever detective
sherry	a fortified spanish wine
shew	to show or display
shiatsu	a japanese pressure-point massage
shibboleth	a group-identifying saying
shielded	protected from harm
shielding	protective covering or action
shifter	a lever for changing gears
shifting	changing position or direction
shifty	looking dishonest or untrustworthy
shiitake	an edible asian mushroom
shill	a dishonest promoter
shilling	an old british coin
shim	a gap-filling thin piece
shimmer	a soft, trembling light
shimmery	softly sparkling
shimmy	a shaking dance movement
shin	the lower leg's front
shindig	a lively party
shine	a bright surface glow
shiner	a bruise around the eye
shingle	a small roofing tile
shingles	a painful skin virus
shining	giving off bright light
shinny	to climb by gripping
shiny	reflecting light brightly
shipboard	happening aboard a ship
shipbuilder	a person who builds ships
shipbuilding	the industry of building ships
shipmate	a fellow sailor
shipment	a batch of sent goods
shipowner	a ship's owner
shipper	a company that sends goods
shipwreck	a ship destroyed at sea
shipyard	a ship-building place
shire	a county or rural district
shirk	to avoid a duty
shirking	avoiding work or duty
shisha	flavored pipe tobacco
shite	worthless or bad
shithead	a stupid or contemptible person
shitless	extremely scared
shitpost	a deliberately low-effort online post
shitstorm	a very messy, chaotic situation
shitter	a toilet
shitting	defecating
shitty	very bad or unpleasant
shiv	a homemade knife
shiva	a jewish mourning period
shiver	a cold or fear tremble
shivering	trembling from cold or fear
shoal	a shallow sandy water area
shocked	very surprised or upset
shocker	something that causes great surprise
shocking	very surprising or upsetting
shockingly	in a very surprising way
shod	wearing shoes
shoddy	poorly made or done
shoe	a covering for the foot
shoebox	a box for shoes
shoehorn	a shoe-putting-on tool
shoelace	a cord for tying shoes
shoeless	without shoes
shoemaker	a person who makes shoes
shoeshine	the polishing of shoes
shoestring	a very small budget
shofar	a ram's horn trumpet
shogun	a japanese military ruler
shogunate	rule by a japanese warlord
shoji	a japanese paper sliding screen
shoo	to drive away by waving
shook	a bundle of wooden staves
shooter	one who fires a gun
shootout	an exchange of gunfire
shopaholic	a shopping-obsessed person
shopkeeper	a small store runner
shoplift	to steal from a store
shoplifter	a store thief
shoplifting	stealing goods from a store
shopper	a person who buys goods
shoreline	the land's edge by water
shoring	temporary support for a structure
shorn	with hair cut off
shortage	a lack of something needed
shortbread	a crumbly buttery cookie
shortcake	a sweet fruit-topped cake
shortcoming	a fault or weakness
shortcut	a quicker route
shorten	to make something less long
shortened	made less long
shortening	fat used in baking
shortfall	an amount less than needed
shorthand	a quick simplified method
shortlist	a small list of finalists
shortness	the state of being short
shorts	short trousers
shortsighted	unable to see far ahead
shortstop	a baseball infield position
shotgun	a pellet-firing gun
shouldered	carried on the shoulder
shout	a loud cry
shouted	said loudly
shouting	speaking very loudly
shove	a hard push
shovel	a tool for digging
showboat	someone who shows off
showcase	a display of best qualities
showdown	a final decisive confrontation
showerhead	a shower's spray nozzle
showery	with frequent light rain
showgirl	a female stage dancer
showman	a person skilled at entertaining
showmanship	skill at entertaining an audience
showpiece	an outstanding example of something
showroom	a room displaying products
showstopper	something wildly impressive
showtime	the moment a performance begins
showy	attracting attention through flashiness
shrapnel	metal fragments from an explosion
shred	a small torn piece
shredded	torn into small pieces
shredder	a paper-cutting machine
shrew	a small mouse-like animal
shrewd	clever and practical in judgment
shrewdly	in a clever, practical way
shriek	a loud, high-pitched cry
shrieked	cried out sharply
shrieking	crying out loudly and sharply
shrift	a brief consideration or treatment
shrike	a small predatory songbird
shrill	high-pitched and piercing
shrimp	a small edible shellfish
shrine	a sacred place of worship
shrink	to become smaller
shrinkage	the process of becoming smaller
shrinking	becoming smaller
shrivel	to dry up and wrinkle
shriveled	dried up and wrinkled
shrivelled	dried up and wrinkled
shroud	a burial cloth
shrub	a small woody plant
shrubbery	a group of planted shrubs
shrubby	covered with small bushes
shrug	a lifting of the shoulders
shrunken	made smaller than before
shtick	a person's signature comic routine
shuck	the outer husk of corn
shucks	an expression of mild disappointment
shudder	a sudden trembling movement
shuddering	trembling suddenly
shuffle	to walk with dragging feet
shuffleboard	a disc-sliding game
shuffling	walking with dragging feet
shun	to deliberately avoid someone
shunning	deliberately avoiding someone
shunt	to move something aside
shush	tell to be quiet
shutdown	the closing of an operation
shutout	a scoreless-opponent game
shutter	a cover for a window
shuttered	closed down or covered
shutting	closing something
shuttle	a back-and-forth vehicle
shy	nervous around other people
shylock	a greedy moneylender
shyly	in a nervous, timid way
shyness	nervousness around other people
siamese	a slender short-haired cat breed
sib	a brother or sister
sibilant	having a hissing sound
sibling	a brother or sister
sibyl	a female prophet
sic	as originally written
sicken	to make someone feel disgusted
sickening	causing disgust
sickeningly	in a disgusting way
sickle	a curved cutting blade
sickly	often ill or unhealthy
sickness	an illness
sidearm	worn at the side
sidebar	a text side note
sideboard	a dish cabinet
sidecar	a motorcycle attachment
sidekick	a close companion or helper
sideline	a secondary activity or job
sidereal	relating to the stars
sideshow	a minor attraction
sidestep	a move to avoid something
sidewalk	a paved footpath
sidewall	a tire's side
sideways	toward one side
sidewinder	a desert rattlesnake
siding	a building's outer covering
sidle	to move sideways cautiously
siege	a prolonged military blockade
siemens	a unit of electrical conductance
sienna	a reddish-brown color
sierra	a range of jagged mountains
siesta	a short afternoon nap
sieve	a mesh tool for straining
sift	to separate coarse bits
sifting	separating with a sieve
sigh	a long breath showing feeling
sighted	able to see
sightedness	the ability to see
sighting	an occasion of seeing something
sights	notable places to see
sightseeing	touring interesting places
sigma	a greek letter
sigmoid	shaped like the letter s
signage	signs giving information
signaling	sending a message or sign
signalling	sending a message or sign
signalman	a person who operates signals
signatory	an agreement's signer
signature	a person's handwritten name
signboard	a board displaying information
signer	a person who signs something
signet	a small stamping seal
significance	importance or meaning
signification	the meaning of something
signified	a sign's meaning
signifier	a sign that represents something
signify	to indicate or mean
signor	an italian term for mister
signora	an italian term for missus
signore	an italian title for men
signpost	a sign showing directions
sika	a type of small deer
silage	fermented animal feed
sildenafil	a drug for erectile dysfunction
silenced	made quiet
silencer	a gun-noise reducer
silently	without making any sound
silesia	a central european region
silhouette	a dark outline against light
silica	a sand mineral
silicate	a silicon-oxygen mineral
silicon	an electronics element
silicone	a flexible synthetic material
silk	a smooth fabric from silkworms
silken	smooth and soft like silk
silks	a jockey's colorful racing uniform
silkscreen	stencil-based printing
silkworm	a caterpillar that spins silk
silky	smooth and soft
sill	a window's bottom ledge
silliness	foolish or playful behavior
silo	a grain storage tower
silt	fine soil left by water
siltstone	rock made of hardened silt
silty	full of fine river soil
silva	the trees of a region
silvan	relating to woods or forests
silverback	a large adult male gorilla
silverfish	a small silver insect pest
silversmith	a maker of silver items
silverware	knives, forks, and spoons
silvery	shiny like silver
sima	a deep crust layer
simian	apelike
similarity	the quality of being alike
simile	a like-as comparison
simmer	a gentle boiling state
simmering	gentle slow cooking
simpleton	a foolish person
simplex	having a single simple form
simplicity	the state of being simple
simplification	making something easier
simplify	to make easier
simplistic	too simple in explanation
simulacrum	an unclear imitation of something
simulate	to imitate something real
simulated	made to look real
simulation	an imitation of reality
simulator	a real-condition imitator
simulcast	a multi-channel broadcast
simultaneous	happening at the same time
simultaneously	at the same time
sincere	honest and genuine
sincerely	genuinely and honestly
sincerity	honesty of feeling
sine	a trigonometric ratio
sinew	a muscle-to-bone tissue
sinewy	lean and muscular
sinful	morally wrong
sinfulness	the state of being wicked
singalong	a group singing gathering
singe	a slight burn
singleness	the state of being unmarried
singlet	a sleeveless undershirt
singleton	a lone individual or item
singly	one at a time
singular	unusually remarkable
singularity	a unique or unusual point
singularly	unusually or remarkably
sinister	suggesting evil or harm
sink	a basin for washing
sinker	a fishing-line weight
sinkhole	a collapsed ground hole
sinking	going downward
sinless	free from wrongdoing
sinner	a person who does wrong
sinning	doing morally wrong acts
sintered	fused by heat
sinuous	winding and curving
sinus	an air-filled space near the nose
sinusitis	inflammation of the nasal sinuses
sinusoidal	shaped like a smooth wave
sip	a small drink
siphon	a liquid-draining tube
sire	a male animal's father
siren	a loud warning signal
sirloin	a cut of beef
sis	a familiar word for sister
sisal	a rope-making fiber
sissy	timid and weak
sisterhood	a close bond among women
sisterly	caring like a sister
sitar	a stringed Indian instrument
sitcom	a funny television show
sitter	a child or pet watcher
situate	to place in a location
situated	located somewhere
sixer	a set of six
sixfold	six times as much
sixpence	an old British coin
sixteen	the number after fifteen
sixteenth	next after fifteenth
sixties	ages sixty to sixty-nine
sixtieth	next after fifty-ninth
sixty	six times ten
sizable	fairly large
sizeable	fairly large
sized	measured by size
sizing	a stiffening coating
sizzle	a hissing frying sound
sizzling	very hot and hissing
skank	a dirty or promiscuous person
skanky	dirty or disreputable
skate	a blade or wheeled boot
skateboard	a wheeled riding board
skateboarder	someone who rides a skateboard
skateboarding	riding a board with wheels
skater	someone who skates
skating	moving on skates
skeet	clay targets shot for sport
skein	a coil of yarn
skeletal	relating to bones
skeleton	a body's bony frame
skeptic	someone who doubts claims
skeptical	doubtful about claims
skeptically	with doubt
skepticism	a doubting attitude
sketch	a rough quick drawing
sketchbook	a book for drawing
sketchy	rough and incomplete
skew	slanted or crooked
skewed	distorted to one side
skewer	a food-holding stick
ski	a snow-travel board
skid	an out-of-control slide
skier	someone who skis
skiff	a small light boat
skiing	traveling on skis
skilful	showing great ability
skilfully	with great ability
skilled	having trained ability
skillet	a frying pan
skillful	having great ability
skillfully	with great ability
skim	made by removing the cream
skimmed	with fat removed
skimmer	a surface-removing tool
skimming	reading or removing quickly
skimp	to use too little
skimpy	too small or scanty
skincare	care of the skin
skinhead	a shaved-head person
skinheads	people with shaved heads
skink	a small smooth lizard
skinless	without skin
skinned	stripped of skin
skinner	one who removes animal skins
skinny	very thin
skint	having no money
skintight	fitting very closely
skip	a light jumping step
skipjack	a type of tuna fish
skipper	the captain of a boat
skirmish	a brief small fight
skirt	a below-waist garment
skirting	wall-base trim
skit	a short comic scene
skitter	to move quickly and lightly
skittish	easily frightened
skittle	a bowling pin
skittles	a bowling-like game
skulking	moving stealthily
skull	the head's bony frame
skullcap	a small close-fitting cap
skunk	a smelly black-white animal
skybox	a stadium viewing box
skydive	to parachute from a plane
skydiver	someone who jumps from planes
skydiving	parachuting from a plane
skylark	a small songbird
skylight	a window in a roof
skyline	buildings against the sky
skype	to video call online
skyrocket	something that rises very fast
skyscraper	a very tall building
skywalk	an elevated walkway
skyward	toward the sky
skyway	an elevated road or path
slab	a thick flat piece
slack	loose and not tight
slacken	to make looser
slacker	a lazy person
slacking	being lazy or idle
slacks	casual trousers
slag	waste from melting metal
slain	killed violently
slake	to satisfy a need
slalom	a winding ski course
slam	a forceful bang
slammer	a jail
slander	a false damaging statement
slanderous	falsely damaging to reputation
slang	very informal language
slant	a sloped direction
slanted	tilted to one side
slanting	sloped to one side
slap	a quick open-hand hit
slapdash	careless and hasty
slapper	an unrefined woman
slapstick	comedy with exaggerated physical actions
slash	a quick cutting stroke
slashed	cut with a sharp stroke
slasher	a violent attacker
slashing	cutting sharply
slat	a thin wood strip
slate	a flat gray rock
slater	a small crawling bug
slather	to spread thickly
slaty	resembling gray rock
slaughter	the brutal killing of many
slaughterhouse	a place animals are killed
slaver	an enslaved-people trader
slavery	owning people as property
slavish	blindly obedient
slavishly	in a blindly obedient way
slaw	a salad of shredded cabbage
slay	to kill violently
slayer	a killer
slaying	a violent killing
sleaze	dishonest and immoral behavior
sleazy	dishonest and disreputable
sled	a snow-sliding vehicle
sledding	riding on a snow sled
sledge	a heavy sled
sledgehammer	a large heavy hammer
sleek	smooth and glossy
sleeper	someone who is asleep
sleepily	in a tired drowsy way
sleepiness	a tired drowsy feeling
sleepless	unable to sleep
sleeplessness	trouble falling asleep
sleepover	a friend's-house overnight stay
sleepwalk	to walk while asleep
sleepwalker	one who walks asleep
sleepwalking	walking while asleep
sleepwear	clothes worn for sleeping
sleepy	feeling tired and drowsy
sleet	icy rain
sleeve	an arm's clothing part
sleeved	having sleeves
sleeveless	without sleeves
sleigh	a vehicle pulled over snow
sleight	skillful trickery
slender	thin and graceful
sleuth	a detective
sleuthing	detective investigation
slew	a large number of things
slice	a thin cut piece
sliced	cut into thin pieces
slicer	a thin-cutting tool
slicing	cutting into thin pieces
slick	smooth and slippery
slicked	smoothed down neatly
slicker	a raincoat
slider	something that slides
sliding	moving smoothly along a surface
slight	small in amount
slim	thin in body
slime	a wet sticky substance
slimy	wet and sticky
sling	a carrying support strap
slinger	someone who throws or hurls
slinging	throwing or hurling
slingshot	a stone-shooting forked stick
slink	to move quietly and secretively
slip	a small mistake or fall
slipknot	a knot that slides easily
slippage	a gradual loss or decline
slipper	a soft indoor shoe
slippery	hard to hold or stand on
slipping	sliding out of control
slippy	slippery
slipstream	air flow behind an object
slipway	a ramp for launching boats
slit	a narrow cut or opening
slither	to move like a snake
slithering	moving like a snake
sliver	a thin small piece
slob	a lazy untidy person
slobber	saliva dripping from the mouth
sloe	a small sour wild plum
slog	to work hard and steadily
slogan	a short catchy phrase
sloop	a small sailing boat
slop	messy liquid food
slope	a rising or falling surface
sloped	tilted at an angle
sloping	angled up or down
sloppily	in a careless messy way
sloppiness	carelessness and messiness
sloppy	careless and messy
slosh	to move liquid noisily
sloshed	very drunk
slot	a narrow opening
sloth	a slow-moving tree-dwelling animal
slouch	a lazy drooping posture
slouchy	loose and relaxed in shape
slough	a swamp or marsh
slovenly	untidy and careless
slowdown	a reduced pace
slower	less fast
slowest	least fast
slowing	becoming less fast
slowness	lack of speed
slowpoke	a very slow person
sludge	thick soft mud or waste
slug	a slow soft-bodied creature
slugfest	a hard fought contest
slugger	a powerful hitter
sluggish	slow and lacking energy
sluggishness	slowness and lack of energy
sluice	a gate controlling water flow
slum	a poor crowded area
slumber	a deep sleep
slump	a sudden decline
slur	an insulting remark
slurp	to drink noisily
slurred	spoken unclearly
slurry	a thin watery mixture
slush	melting dirty snow
slushy	wet with melting snow
slut	a promiscuous woman
sly	cleverly deceptive
slyly	in a sneaky clever way
smack	a sharp slapping sound
smacking	hitting sharply
smallholder	a small-farm owner
smallish	somewhat small
smallmouth	a type of freshwater bass
smallness	the state of being small
smallpox	a serious contagious disease
smarmy	falsely charming and ingratiating
smarting	stinging pain
smartly	in a neat clever way
smartness	cleverness or neatness
smartphone	a computer-like mobile phone
smash	a violent collision or breaking
smashed	broken into pieces violently
smasher	something impressive
smashing	excellent or wonderful
smattering	a small scattered amount
smear	a dirty streak or mark
smelling	perceiving an odor
smelly	having a bad odor
smelt	a small edible fish
smelter	a metal-melting place
smidge	a tiny amount
smidgen	a tiny amount
smiler	someone who smiles
smiley	a smiling face symbol
smiling	showing happiness with the mouth
smirk	a smug half-smile
smite	to strike hard
smithereens	tiny broken pieces
smithy	a blacksmith's workshop
smitten	strongly attracted to someone
smock	a loose protective garment
smog	polluted foggy air
smoked	preserved with smoke
smokehouse	a building for smoking food
smokeless	producing no smoke
smoker	a person who smokes
smokescreen	a true-intent hider
smokestack	a tall industrial chimney
smoky	filled with smoke
smol	very small and cute
smolder	a slow burning without flame
smoldering	burning slowly without flame
smooch	a kiss
smooching	kissing
smoothed	made even and flat
smoother	something that flattens or evens
smoothie	a blended fruit drink
smoothly	without bumps or trouble
smoothness	the quality of being even
smorgasbord	a wide variety of dishes
smother	to cover thickly and suffocate
smothered	covered thickly and suffocated
smothering	covering thickly and stifling
smouldering	burning slowly without flame
smudge	a blurry dirty mark
smug	self-satisfied and superior
smuggle	to move goods illegally
smuggled	moved illegally in secret
smuggler	someone who moves goods illegally
smuggling	illegal secret transport of goods
smugly	in a self-satisfied way
smugness	an annoying self-satisfaction
smut	obscene material
smutty	obscene or dirty
snack	a small amount of food
snafu	messed up and confused
snag	a small unexpected problem
snail	a slow shelled creature
snake	a long legless reptile
snakebite	a snake's bite wound
snap	a sudden sharp breaking sound
snapchat	to post a photo message
snapdragon	a hinged-bloom garden flower
snapper	a type of edible fish
snappy	quick and lively
snapshot	a quick photograph
snare	a trap for catching animals
snarky	sarcastic and mocking
snarl	an angry growl
snarled	tangled or angrily growled
snatch	to grab suddenly
snatcher	someone who grabs suddenly
snazzy	stylish and flashy
sneak	done secretly and quietly
sneaker	a soft athletic shoe
sneakily	in a secretive, quiet way
sneaking	quiet and secretive
sneaky	secretly dishonest
sneer	a scornful, mocking look
sneering	showing scorn or contempt
sneeze	a sudden nose air burst
sneezing	bursting air from the nose
snicker	a quiet, sly laugh
snide	slyly mocking or insulting
sniff	a short nose breath
sniffer	a smell-detecting device
sniffle	a slight sniffing sound
snigger	a sly, quiet laugh
snip	a small cut with scissors
snipe	a small wading bird
sniper	a hidden long-range shooter
snippet	a small piece or part
snipping	cutting with small quick strokes
snips	small cutting tools
snitch	someone who tells on others
sniveling	whiny crying and complaining
snob	someone who looks down on others
snobbery	acting superior to others
snobbish	acting superior to others
snobby	acting superior to others
snog	to kiss passionately
snogging	passionate kissing
snook	a mocking gesture
snooker	a ball-and-cue table game
snoop	one who pries secretly
snoopy	nosy and prying
snooty	acting superior to others
snooze	a short, light sleep
snore	a rough sleep sound
snoring	breathing loudly while asleep
snorkel	a tube for breathing underwater
snorkeling	breathing-tube underwater swimming
snort	a loud nose air burst
snorting	forcing air through the nose
snot	mucus from the nose
snotty	rude and full of mucus
snout	an animal's nose and mouth
snowball	a packed-snow ball
snowbird	a winter-south migrant
snowboard	a snow-sliding board
snowboarder	someone who rides a snowboard
snowboarding	riding a snow board
snowbound	trapped by heavy snow
snowdrop	a small white spring flower
snowfall	snow that has fallen
snowflake	a single snow crystal
snowman	a snow-packed figure
snowmobile	a snow-travel vehicle
snowplow	a road snow-clearer
snowshoe	a snow-walking frame
snowstorm	a windy heavy snowfall
snowy	covered with snow
snub	short and flattened
snuff	powdered tobacco for inhaling
snug	warm, cozy, and comfortable
snuggle	to cuddle closely for warmth
snuggled	cuddled closely and comfortably
snuggling	cuddling closely for comfort
snugly	closely and comfortably
soak	a time left in liquid
soaked	thoroughly wet
soaker	something that absorbs liquid
soaking	leaving something in liquid
soap	a substance used for washing
soapbox	a makeshift platform for speaking
soapstone	a soft smooth rock
soapy	full of soap
soar	a rising flight
soaring	rising high through the air
sob	a gasping cry while weeping
sobbing	crying with gasping breaths
sober	not drunk; serious minded
sobering	making one think seriously
soberly	in a serious, calm way
sobriety	the state of not drunk
sobriquet	a nickname
sociability	friendliness toward others
sociable	friendly and enjoying company
socialisation	learning to interact with others
socialise	to spend time with others
socialised	made to fit into society
socialising	spending time with others
socialism	community-controlled resources
socialist	relating to shared community ownership
socialistic	favoring shared community control
socialite	a fashionable-society figure
sociality	tendency to live in groups
socialization	learning to interact with others
socialize	to spend time with others
socialized	made to fit into society
socializing	spending time with others
socially	regarding others' relations
societal	relating to society
sociocultural	relating to society and culture
socioeconomic	relating to society and money
sociolinguistic	relating to language and society
sociolinguistics	study of language in society
sociological	relating to society's study
sociologist	someone who studies society
sociology	the study of human society
sociopath	one lacking concern for others
sociopathic	lacking concern for others' rights
sock	a foot cloth covering
socket	a fitting hole or holder
sockeye	a type of salmon
sod	a piece of grassy turf
soda	a fizzy sweet drink
sodden	completely soaked through
sodding	used to express annoyance
sodium	a soft, silvery metal element
sodom	a city known for wickedness
sodomy	anal sexual intercourse
sofa	a long, cushioned seat
softball	a big-ball baseball variant
soften	to make less harsh
softened	made less hard or harsh
softener	something that makes things softer
softening	becoming less hard or harsh
softie	an easily moved person
softly	in a gentle, quiet way
softness	gentle, not-firm quality
softwood	wood from cone-bearing trees
softy	a gentle, easily moved person
soggy	wet and heavy
soh	a musical note
soiled	made dirty
soiling	making dirty
soiree	an evening party
sojourn	a temporary stay somewhere
sojourner	someone staying somewhere temporarily
sol	a coin or musical note
solace	comfort in distress
solarium	a glass-enclosed room for sunlight
solder	metal joining melted metal
soldering	joining metal with melted solder
soldiering	serving as a soldier
sole	being the only one
soled	fitted with a bottom part
solely	only, exclusively
solemn	serious and dignified
solemnity	seriousness and dignity
solemnly	in a serious, dignified way
solenoid	a magnet-acting wire coil
solicit	to ask for earnestly
solicitation	a request or appeal
solicitor	a lawyer who advises clients
solicitous	eager to help
solidarity	unity and mutual support
solidification	the process of becoming solid
solidified	made solid
solidify	to become solid
solidifying	becoming solid
solidity	firm, solid quality
solidly	firmly and steadily
solidus	a slash punctuation mark
soliloquy	a speech alone to oneself
solipsism	belief only one's mind is real
solitaire	a card game played alone
solitary	alone or isolated
solitude	the state of being alone
soloist	a person who performs alone
solon	a wise lawmaker
solstice	longest or shortest daylight day
solubility	the ability to dissolve
soluble	able to dissolve in liquid
solute	a dissolved substance
solvable	able to be solved
solved	found the answer to
solvency	ability to pay debts
solvent	able to pay one's debts
solver	one who solves problems
solving	finding a problem's answer
som	a monetary unit
soma	the body, not the mind
somatic	relating to the body
somatosensory	relating to bodily sensation
somber	dark, gloomy, and serious
sombre	dark, gloomy, and serious
sombrero	a wide-brimmed hat
someday	at some future time
someplace	to some unspecified place
somersault	a rolling body flip
somerset	an old word for somersault
sometime	former or occasional
someway	in some unspecified manner
sommelier	a restaurant's wine expert
sonar	underwater sound-based detection
sonata	a piece of instrumental music
sone	a unit of loudness
songbird	a bird that sings
songbook	a book of song lyrics
songstress	a female singer
songwriter	someone who writes songs
sonic	relating to sound waves
sonnet	a fourteen-line poem
sonny	an informal address for a boy
sonogram	an ultrasound scan image
sonography	imaging using ultrasound
sonorous	deep and rich sounding
sooner	at an earlier time
soonest	at the earliest time
soot	black powder from burning
sooth	truth, in old-fashioned speech
soothe	to calm or comfort
soothing	calming and comforting
soothsayer	someone who predicts the future
sooty	covered with black soot
sop	something given to pacify someone
soph	a second-year student
sophist	one using false clever reasoning
sophisticated	refined and worldly wise
sophistication	refinement and worldly experience
sophistry	clever but misleading reasoning
sophomore	relating to a second-year student
soporific	causing sleepiness
sopping	thoroughly wet
soppy	overly sentimental
soprano	relating to the highest voice
sops	pieces given to pacify someone
sorbet	a frozen fruit dessert
sorcerer	a man who practices magic
sorceress	a woman who practices magic
sorcery	the practice of magic
sordid	dirty and morally low
sore	painful and tender
sorely	greatly or severely
soreness	painful, tender state
sorghum	a grain-grown cereal grass
sorority	a college women's club
sorption	the process of absorbing
sorrel	a reddish-brown color
sorrow	deep sadness
sorrowful	full of sadness
sorted	arranged in order
sorter	an arranging person or machine
sortie	a defended-place attack
sorting	arranging things in order
sot	a habitual drunkard
sou	an old small coin
souffle	a light baked egg dish
souk	an open-air marketplace
soulful	expressing deep feeling
soulless	lacking warmth or feeling
soundboard	a board that reflects sound
sounder	a depth-measuring device
sounding	testing depth or opinion
soundless	making no sound
soundly	thoroughly and firmly
soundness	solid, reliable quality
soundproof	blocking sound from passing through
soundtrack	music accompanying a film
soup	a liquid vegetable-meat food
soupy	thick and liquid like soup
sour	having a sharp, acidic taste
sourdough	bread made with fermented dough
soured	turned sour or unpleasant
souring	turning sour
sourness	a sharp, acidic taste
southbound	traveling toward the south
southeast	between south and east
southeasterly	toward or from the southeast
southeastern	located in the southeast
southeastward	toward the southeast
souther	a wind from the south
southerly	toward or from the south
southernmost	farthest to the south
southland	a region's southern part
southpaw	a left-handed person
southward	toward the south
southwards	toward the south
southwest	between south and west
southwesterly	toward or from the southwest
southwestern	located in the southwest
southwestward	toward the southwest
souvenir	a place-remembering item
sovereign	having supreme power and independence
sovereignty	supreme power and independence
sow	a female pig
sower	someone who plants seeds
sown	planted, as seeds
soy	a food-and-sauce bean
soya	another name for soybean products
soybean	a food-and-oil bean
spa	a relaxation treatment place
spacecraft	a space-travel vehicle
spaced	arranged with gaps between
spaceflight	travel through outer space
spaceman	a space traveler
spaceship	a space-travel vehicle
spacesuit	protective clothing worn in space
spacetime	space and time combined
spacewalk	to move outside a spacecraft
spacey	dazed and not fully aware
spacial	relating to space
spacing	the gaps between things
spacious	having plenty of room
spade	a tool for digging
spaghetti	long thin strands of pasta
spall	a broken-off fragment
spam	unwanted junk messages
spammer	a junk-message sender
span	something's full extent
spandex	a stretchy synthetic fabric
spangled	decorated with small sparkling pieces
spaniel	a long-eared dog breed
spank	a punishing buttock hit
spanking	very impressive or fresh
spanner	a nut-and-bolt turning tool
spar	a sail-supporting pole
spare	extra and kept in reserve
sparing	careful and economical in use
sparingly	in a careful, limited way
spark	a small fiery particle
sparkle	a small flash of light
sparkler	a spark-giving handheld firework
sparkling	shining with small flashes
sparkly	shining with small flashes
sparring	practice fighting or arguing
sparrow	a small common brown bird
sparse	thinly spread or scattered
sparsely	in a thin, scattered way
spartan	very plain and without comfort
spasm	a sudden involuntary muscle movement
spasmodic	happening in irregular bursts
spastic	relating to sudden muscle spasms
spasticity	stiffness from muscle spasms
spat	a minor quarrel
spate	a sudden large amount
spatial	relating to space or position
spatially	regarding space or position
spatiotemporal	relating to space and time
spatter	a splash of scattered drops
spattered	splashed with scattered drops
spatula	a food-lifting flat tool
spawn	eggs of fish or frogs
spay	to remove reproductive organs
spayed	having had reproductive organs removed
spaying	removing an animal's reproductive organs
spaz	to react clumsily, excitedly
speakeasy	an illegal alcohol bar
speakerphone	a sound-broadcasting phone
speakership	a legislative speaker's role
spear	a long pointed weapon
spearhead	to lead an effort
spearmint	a common variety of mint
spec	a detailed technical description
specialisation	focus on one particular area
specialise	to focus on one area
specialised	focused on one particular area
specialism	an area of particular focus
specialist	an expert in one area
speciality	a particular area of skill
specialization	focus on one particular area
specialize	to focus on one area
specialized	focused on one particular area
specially	for a particular purpose
specialty	a particular area of skill
speciation	the formation of new species
specie	coined money
specification	a detailed requirement or description
specificity	precise, detailed quality
specified	stated clearly and exactly
specify	to state clearly and exactly
specimen	a sample used for study
specious	seeming true but actually false
speck	a tiny spot or particle
speckle	a small spot or mark
speckled	marked with small spots
specs	detailed requirements or eyeglasses
spectacle	an impressive public display
spectacles	eyeglasses
spectacular	very impressive to see
spectacularly	in a very impressive way
spectator	someone who watches an event
specter	a ghost
spectral	ghostly or color-related
spectre	a ghost
spectrograph	a light-spectra recorder
spectrometer	a light-spectra measurer
spectrometry	the measurement of light spectra
spectrophotometer	an instrument measuring light absorption
spectroscopic	relating to light-spectrum analysis
spectroscopy	the study of light spectra
spectrum	a range of colors or values
specular	relating to mirror-like reflection
speculate	to guess without full evidence
speculation	a guess without evidence
speculative	based on guesswork
speculatively	in a guessing, uncertain way
speculator	a financial risk-taker
speculum	a body-opening exam tool
speechless	unable to speak from shock
speechwriter	one who writes others' speeches
speedboat	a fast motor boat
speeder	someone who drives too fast
speedily	quickly
speeding	driving too fast
speedometer	a speed-showing device
speedup	an increase in speed
speedway	track for racing
speedy	fast
spellbinding	so fascinating you can't look away
spellbound	completely fascinated
speller	one who spells words
spelling	how words are written
spelt	a type of wheat grain
spender	someone who spends money
spendthrift	wasteful with money
sperm	male reproductive cell
spermatogenesis	process of making sperm cells
spew	to gush out forcefully
sphagnum	a type of moss
sphere	a round ball shape
spherical	shaped like a ball
spheroid	an almost-ball shape
sphincter	a closing muscle ring
sphinx	a lion-human mythical creature
spic	sharp and clean
spice	a flavoring from plants
spiciness	how hot-tasting something is
spicy	having a hot, strong taste
spider	a small eight-legged creature
spiegel	a shiny iron alloy
spiel	a rehearsed persuasive speech
spiffy	smart and stylish
spigot	a liquid tap or valve
spike	a sharp pointed object
spiked	having a sharp point added
spiky	covered with sharp points
spill	liquid that has leaked out
spillage	amount of liquid spilled
spiller	one who spills something
spillover	excess that flows beyond limits
spillway	channel for excess water
spinach	a leafy green vegetable
spinal	relating to the backbone
spindle	a slender rod that turns
spindly	long, thin, and weak looking
spine	the backbone
spinel	a hard gemstone mineral
spineless	lacking courage
spinnaker	a large boat sail
spinner	something that spins
spinning	turning around quickly
spinster	an unmarried older woman
spiny	covered with sharp points
spiral	winding around a center point
spiraling	moving in a winding curve
spiralling	moving in a winding curve
spirally	in a winding curved way
spire	a tall pointed church tower
spirited	full of energy and courage
spirits	strong alcoholic drinks
spiritualism	belief in contacting the dead
spiritualist	relating to contact with spirits
spirituality	concern with the soul
spiritually	relating to the soul
spironolactone	a medicine for blood pressure
spit	saliva
spite	a wish to hurt someone
spiteful	wanting to hurt others
spitfire	a fierce-tempered person
spitter	one who spits
spitting	forcing saliva from the mouth
spittle	saliva
spitz	a breed of small dog
splanchnic	relating to internal organs
splash	a burst of scattered liquid
splashdown	a spacecraft's water landing
splashed	covered with scattered liquid
splashing	scattering liquid noisily
splashy	showy and attention-grabbing
splat	a wet slapping sound
splatter	scattered droplets
splattered	covered with scattered droplets
splattering	scattering droplets messily
splay	spread out wide
spleen	an organ that filters blood
splendid	very impressive and beautiful
splendidly	in a magnificent way
splendor	great beauty and magnificence
splendour	great beauty and magnificence
splenic	relating to the spleen
splice	a join of two pieces
splicing	joining two pieces together
spliff	a marijuana cigarette
spline	a curve-drawing flexible strip
splint	a broken-bone support
splinter	a small sharp broken piece
splintering	breaking into small sharp pieces
splinters	small sharp broken pieces
splitter	something that divides into parts
splitting	very severe, as pain
splurge	an indulgent spending spree
spoil	waste material dug from mining
spoilage	loss due to decay
spoiled	ruined or overly indulged
spoiler	something that ruins enjoyment
spoiling	going bad
spoilt	ruined or overly indulged
spokesman	a group's male speaker
spokesperson	a group's speaker
spokeswoman	a group's female speaker
spondylitis	inflammation of the spine joints
sponge	a soft absorbent material
spongy	soft and full of holes
sponsor	a supporter or funder
sponsorship	financial event support
spontaneity	acting without planning
spontaneous	happening without planning
spontaneously	without planning
spoof	a humorous imitation
spook	a ghost
spooky	frightening in an eerie way
spool	a cylinder for winding thread
spoon	a utensil for eating
spoonful	a spoon's holding amount
spoor	an animal's tracks or trail
sporadic	happening occasionally and irregularly
sporadically	occasionally and irregularly
spore	a fungus's reproductive cell
sporting	fair and generous
sportive	playful and lighthearted
sportscaster	a sports reporter
sportsman	a man skilled in sports
sportsmanship	fair and honest play
sportswear	clothing for sports
sportswriter	a sports journalist
sporty	suited for sports or active
spotless	perfectly clean
spotlight	a bright beam on someone
spotted	marked with small dots
spotter	one who watches for something
spotting	noticing or watching for something
spotty	uneven or inconsistent
spousal	relating to a husband or wife
spouse	a husband or wife
spout	a tube for pouring liquid
spouting	shooting out liquid forcefully
sprain	a joint-twisting injury
sprawl	an untidy spread-out
sprawling	spread over a large area
spray	fine drops of liquid
sprayer	a device that sprays liquid
spraying	scattering liquid in fine drops
spreader	a tool for spreading something
spreading	extending over a wider area
spreadsheet	a rows-and-columns data table
spree	a period of unrestrained activity
sprig	a small twig with leaves
sprightly	lively and energetic
springboard	a springy board for jumping
springbok	a small African antelope
springer	a breed of spaniel dog
springtime	the season of spring
springy	bouncy and elastic
sprinkle	scatter small drops or bits
sprinkler	a device that sprays water
sprinkles	small candy bits for decoration
sprinkling	a small scattered amount
sprint	a fast short race
sprinter	a short fast-race runner
sprit	a pole supporting a sail
sprite	a small mischievous fairy
sprites	small mischievous fairies
spritz	a light spray of liquid
sprocket	a chain's toothed wheel
sprout	a new plant shoot
sprouted	having grown new shoots
sprouting	growing new shoots
spruce	neat and tidy
sprue	waste material from casting metal
spry	active and energetic despite age
spud	a potato
spunk	courage and determination
spunky	brave and full of spirit
spur	something that urges action
spurious	false though seeming genuine
spurn	to reject with scorn
spurned	rejected with scorn
spurring	encouraging action
spurt	a sudden burst of activity
spurting	gushing out suddenly
sputnik	an early artificial satellite
sputter	a series of spitting sounds
sputtering	making spitting popping sounds
sputum	lung-coughed mucus
spy	a secret information gatherer
spyglass	a small telescope
spying	secretly gathering information
spymaster	a leader of spies
spyware	computer-monitoring software
squabble	a petty argument
squadron	a military aircraft or ship unit
squalid	dirty and neglected
squall	a sudden violent wind gust
squalor	filthy and neglected conditions
squander	to waste carelessly
squandered	wasted carelessly
squandering	wasting carelessly
squared	made into a square shape
squarely	directly and firmly
squash	a vegetable with hard skin
squashed	crushed flat
squat	short and thick
squatter	an unpermitted land dweller
squatting	crouching close to the ground
squaw	an old term for native women
squawk	a loud harsh cry
squeak	a short high-pitched sound
squeaker	someone or something that squeaks
squeaking	making a short high sound
squeaky	making a high thin sound
squeal	a long high-pitched cry
squealing	crying out sharply
squeamish	easily disgusted or nauseated
squeegee	a glass-wiping tool
squeeze	to press firmly
squeezing	pressing firmly from the sides
squelch	a wet sucking sound
squib	a small firework
squid	a sea creature with tentacles
squiggle	a wiggly line
squiggly	wavy and irregular
squint	looking with narrowed eyes
squinting	looking with narrowed eyes
squinty	narrow and half-closed
squire	a young nobleman's attendant
squirm	to wriggle uncomfortably
squirrel	a small bushy-tailed rodent
squirt	a small forceful liquid jet
squirting	shooting liquid in a jet
squish	to press and flatten
squishy	soft and easily squeezed
stab	a sharp-object thrust
stabber	one who stabs
stabbing	sharp and sudden pain
stabilisation	making something steady
stabilise	to make steady
stabilised	made steady
stabiliser	a steadying device
stabilising	making steady
stabilization	making something steady
stabilize	to make steady
stabilized	made steady
stabilizer	a steadying device
stabilizing	making steady
stablemate	a same-stable horse
stabling	housing for horses
stably	in a steady way
staccato	made of short sharp sounds
stack	a neat pile
stacked	piled up neatly
stacker	a piling machine or person
stacks	neat piles
staffer	a member of staff
stag	a male deer
stagecoach	a horse-drawn passenger carriage
stagecraft	skill in staging a performance
staged	arranged or set up beforehand
stagflation	slow growth with rising prices
stagger	to walk unsteadily
staggering	astonishing
staggeringly	astonishingly
staggers	a disease causing unsteady movement
staging	setting up a performance
stagnant	not moving or developing
stagnate	to stop developing or moving
stagnation	lack of growth
staid	serious and unadventurous
stain	a discolored mark
stained	marked with a discoloring spot
staining	leaving a discolored mark
stainless	unable to rust or stain
stair	one step of a staircase
staircase	a set of stairs
stairs	a set of steps
stairway	a set of stairs
stairwell	the shaft containing a staircase
stake	a ground-driven pointed post
stakeholder	one with an interest
stakeout	secret surveillance of a place
stakes	something risked in a venture
stale	no longer fresh
stalemate	a no-progress situation
stalk	the stem of a plant
stalked	followed secretly and persistently
stalker	someone who follows another obsessively
stalking	following someone obsessively
stall	a small selling booth
stalling	delaying on purpose
stallion	an adult male horse
stalls	small booths for selling goods
stalwart	loyal and dependable
stamen	a flower's male part
stamina	the ability to sustain effort
stammer	to speak with hesitant sounds
stamp	a small adhesive postage label
stampede	a sudden headlong rush
stamper	a mark-pressing tool
stance	a standing way or viewpoint
standardisation	making things follow one rule
standardise	to make uniform
standardised	made uniform
standardization	making things follow one rule
standardize	to make uniform
standardized	made uniform
standby	ready for use if needed
stander	one who stands
standoff	a tense deadlock between opponents
standoffish	unfriendly and distant
standpoint	a particular point of view
standstill	a complete stop
stanhope	a light open horse carriage
stank	gave off a bad smell
stanza	a poem's group of lines
staph	a type of bacteria
staphylococcus	an infection-causing bacteria
staple	basic and commonly used
stapler	a paper-fastening device
starboard	a ship's right side
starch	a carbohydrate found in foods
starches	foods high in carbohydrates
starchy	full of starch
stardom	the state of being famous
stardust	a magical, dreamlike quality
stare	a long fixed look
starfighter	a fictional combat spacecraft
starfish	a star-shaped sea creature
stargazer	someone who watches the stars
stargazing	watching the stars
staring	looking fixedly
stark	harsh and unpleasantly clear
starkly	in a harsh, obvious way
starlet	a young rising actress
starlight	light from the stars
starling	a small dark speckled bird
starred	featured as a lead performer
starring	playing a leading role
starry	full of stars
starship	a large fictional spacecraft
starter	a meal's first course
startle	a sudden shock of surprise
startled	suddenly surprised
startling	very surprising
startlingly	surprisingly
startup	a newly founded business
starvation	suffering from lack of food
starve	to suffer lacking food
starved	suffering from severe hunger
starving	extremely hungry
stash	a hidden supply of something
stasis	a state of no change
statecraft	skill in running government
stateless	having no nationality or government
stately	dignified and grand
stater	an ancient coin
stateroom	a ship's private cabin
statesman	an experienced respected political leader
statesmanship	skilled leadership in politics
statewide	across an entire state
static	not moving or changing
statics	study of resting forces
statin	a drug that lowers cholesterol
stationary	not moving
stationery	paper and writing supplies
statistic	a piece of numerical data
statistical	relating to numerical data
statistically	in terms of numerical data
statistician	an expert in numerical data
stator	a motor's stationary part
statuary	relating to statues
statue	a carved or molded figure
statuesque	tall and graceful
statuette	a small statue
stature	a person's importance or reputation
statute	established by law
statutorily	as required by law
statutory	required or permitted by law
staunch	firmly loyal
staunchly	firmly and loyally
stave	a barrel-forming strip
stays	a corset's supporting strips
stead	another's place or role
steadfast	firm and unwavering
steadfastly	firmly and unwaveringly
steadfastness	firm and unwavering loyalty
steadied	made stable
steadily	in a steady, consistent way
steadiness	the quality of being stable
steadying	making stable
steak	a thick slice of meat
steakhouse	a restaurant serving grilled meat
stealer	one who steals
stealing	taking something without permission
stealth	quiet, secretive movement
stealthily	quietly and secretly
stealthy	quiet and secretive
steamboat	a boat powered by steam
steamed	cooked using steam
steamer	a steam-cooking pot
steaming	giving off hot vapor
steampunk	old-fashioned machine-themed fantasy style
steamroller	a road-flattening machine
steamship	a ship powered by steam
steamy	full of steam or vapor
steed	a horse for riding
steelworks	a factory that makes steel
steely	hard and unyielding
steep	rising or falling sharply
steeper	a container for soaking something
steeple	a tall church tower
steeplechase	a jumping obstacle race
steeply	at a sharp angle
steepness	how sharp a slope is
steer	a young male cattle
steerable	able to be guided
steerage	the cheapest ship passenger area
steering	controlling a vehicle's direction
stegosaurus	a spiked, plated dinosaur
stein	a large beer mug
stela	an inscribed stone slab
stele	an inscribed stone pillar
stellar	relating to stars
stellate	shaped like a star
stemmed	having a stem
stench	a strong bad smell
stencil	a cutout pattern for painting
stenographer	someone who writes in shorthand
stenosis	narrowing of a body passage
stent	a vessel-opening tube
stepbrother	a stepparent's son
stepchild	a spouse's child from before
stepdaughter	a spouse's daughter from before
stepfather	a mother's non-birth husband
stepladder	a folding set of steps
stepmother	a father's non-birth wife
steppe	a vast grassy plain
stepper	a step-moving device
stepsister	a stepparent's daughter
stepson	a spouse's son from before
stepwise	done one step at a time
stereo	using two sound channels
stereoscopic	giving a 3d viewing effect
stereotype	an oversimplified group idea
stereotyped	shown in an oversimplified way
stereotypical	typical in an oversimplified way
stereotypically	in an oversimplified, typical way
sterile	free of germs
sterilisation	the process of removing germs
sterilised	made free of germs
sterility	infertile or germ-free state
sterilization	the process of removing germs
sterilize	to make free of germs
sterilized	made completely germ-free
sterling	of excellent quality
stern	strict and serious
sternal	relating to the breastbone
sternly	in a strict, serious way
sternum	the breastbone
steroid	a hormone-like body chemical
steroidal	relating to steroids
sterol	a fatty body compound
stethoscope	a doctor's listening instrument
stevia	a natural plant sweetener
stew	a slow-cooked meat mix
steward	a passenger-serving manager
stewardess	a female flight attendant
stewardship	responsible care of something
stewed	cooked slowly in liquid
stewing	slow cooking in liquid
sticker	a small adhesive label
stickiness	the quality of sticking
sticking	remaining attached
stickler	one who insists on rules
sticky	tending to stick to things
stiff	not easily bent
stiffen	to become rigid
stiffening	the process of becoming rigid
stiffly	in a rigid, unbending way
stiffness	the quality of being rigid
stifle	an animal's hind-leg joint
stifled	held back or suppressed
stifling	uncomfortably hot or restrictive
stigma	a mark of shame
stigmata	marks resembling wounds
stigmatization	unfair public shaming
stigmatize	to unfairly label with shame
stile	steps over a fence
stiletto	a thin, high-heeled shoe
stillbirth	birth of a dead baby
stillborn	born dead
stillness	complete quiet and calm
stilt	a raised-walking pole
stilted	awkward and unnatural
stimulant	arousing energy or activity
stimulate	to encourage activity or growth
stimulated	made more active or excited
stimulating	exciting interest or energy
stimulation	the act of arousing activity
stimulus	something that causes a reaction
sting	a sharp, piercing pain
stinger	a venom-injecting organ
stinging	causing a sharp pain
stingray	a venomous-tailed flat fish
stingy	unwilling to spend or give
stink	a very bad smell
stinker	something or someone very unpleasant
stinking	having a very bad smell
stinky	having an unpleasant smell
stint	a period of doing something
stipe	a mushroom's stalk
stipend	a regular fixed payment
stipulate	to demand in an agreement
stipulation	a specific condition demanded
stir	a slight movement or disturbance
stirred	mixed by moving in circles
stirrer	a tool for mixing liquids
stirring	deeply moving or exciting
stirrup	a saddle's foot support
stitch	a thread loop in sewing
stitched	sewn together
stitcher	someone or something that sews
stitching	the sewing of stitches
stoat	a small weasel-like animal
stochastic	based on random chance
stockade	a fence of upright posts
stockbroker	a stock-trading agent
stocked	supplied with goods
stocker	someone who fills store shelves
stockholder	an owner of company shares
stocking	a close-fitting leg covering
stockman	a worker who tends livestock
stockpile	a large stored supply
stockpiling	building up a large supply
stockroom	a room for storing goods
stocks	company ownership shares
stocky	short and solidly built
stodgy	dull and old-fashioned
stoic	calm and unemotional under hardship
stoically	calmly, without complaint
stoichiometric	relating to exact chemical proportions
stoichiometry	study of reaction proportions
stoicism	calm endurance of hardship
stoke	to feed and build a fire
stoker	someone who tends a furnace
stole	a woman's long scarf
stolid	calm and showing little emotion
stoma	a leaf's tiny pore
stomachache	pain in the stomach
stomatal	relating to leaf pores
stomp	a heavy, forceful step
stomper	someone who stomps
stoned	intoxicated by drugs
stonemason	someone who builds with stone
stoner	someone who frequently uses drugs
stonewall	to block cooperation
stonewalling	refusing to cooperate or answer
stoneware	pottery made from dense clay
stonework	construction made of stone
stoning	throwing stones as punishment
stony	made of or covered with stone
stooge	one used for dirty work
stool	a seat without a back
stoop	a small porch or steps
stooped	bent forward
stooping	bending the body forward
stopgap	a temporary solution
stoplight	a traffic signal light
stopover	a brief journey stay
stoppage	a temporary halt
stopper	an opening-closing plug
stopping	coming to a halt
stopwatch	a clock for timing events
storefront	the front of a shop
storehouse	a building for storing goods
storekeeper	someone who runs a shop
storeroom	a room for storing things
storey	one level of a building
storied	celebrated in stories
stork	a large long-legged wading bird
stormy	marked by wind and rain
storybook	a children's story book
storyline	the plot of a story
storyteller	someone who tells stories
stout	solidly built and strong
stove	a cooking appliance
stovepipe	a stove's venting pipe
stover	dried stalks used as feed
stow	to pack away for storage
stowage	space for storing goods
stowaway	someone hiding to travel free
stowing	the act of packing away
strabismus	a condition of misaligned eyes
straddle	to stand legs astride
strafe	to attack with low gunfire
straggling	spread out disorderly
straightaway	happening immediately
straighten	to make or become straight
straightener	a straightening tool
straightforward	simple and easy to understand
straightforwardly	in a simple, clear way
strain	physical or mental stress
strained	tense or under stress
strainer	a liquid-separating tool
straining	putting under stress or effort
strait	narrow or difficult
straitjacket	an arm-restraining garment
straits	a narrow passage of water
strand	a single thin fiber
stranded	left unable to move on
strangely	in an odd way
strangeness	the quality of being odd
stranger	a person one doesn't know
strangle	to kill by choking
strangled	choked so breathing stops
stranglehold	a tight, controlling grip
strangler	one who chokes to death
strangles	a horse throat infection
strangling	choking someone to death
strangulation	death or injury by choking
strap	a narrow band for fastening
strapless	without shoulder straps
strapping	tall, strong, and healthy-looking
stratagem	a clever plan to deceive
strategical	relating to careful planning
strategically	according to a careful plan
strategist	someone skilled at planning
stratification	arrangement into layers
stratified	arranged into distinct layers
stratigraphy	the study of rock layers
stratosphere	a high atmosphere layer
stratum	a distinct layer
stratus	a flat, low-lying cloud layer
straw	made of dried plant stalks
strawberry	a small red juicy fruit
strawman	a weak easily-beaten argument
stray	wandering away from home
strayer	one who wanders off
straying	wandering off course
streak	a long thin mark
streaked	marked with long thin lines
streaker	one who runs naked publicly
streaky	marked with streaks
streamer	a long paper ribbon strip
streaming	flowing continuously
streamline	to make more efficient
streamlined	made simpler and more efficient
streetcar	a city rail passenger vehicle
streetlight	a street lamp post
streetwise	skilled at city survival
strengthen	to make stronger
strengthened	made stronger
strengthening	making something stronger
strenuous	requiring great effort
strenuously	with great effort
strep	relating to a throat infection
streptococcal	relating to strep bacteria
streptococcus	a type of infection-causing bacteria
streptomyces	a type of soil bacteria
streptomycin	an antibiotic drug
stressed	feeling worried or under pressure
stressful	causing worry or pressure
stressor	something that causes stress
stretched	pulled longer or wider
stretcher	an injured-carrying frame
stretching	extending or pulling out
stretchy	able to stretch easily
striatum	a part of the brain
stricken	badly affected by something harmful
strict	demanding exact obedience
strictly	in an exact, rule-following way
strictness	the quality of being strict
stricture	a body passage narrowing
stride	a long, confident step
strident	loud and harsh
stridently	in a loud, harsh way
strider	one who walks long steps
strife	bitter conflict
strikeout	a batter's failed at-bat
striker	a soccer-scoring player
striking	very noticeable or impressive
strikingly	in a very noticeable way
stringent	very strict and demanding
stringently	in a very strict way
stringer	a supporting beam
strings	conditions attached to an offer
stringy	tough and fibrous
stripe	a narrow band of color
striped	marked with stripes
stripes	narrow bands of color
striping	marking with stripes
stripling	a young immature boy
stripped	had covering removed
stripper	an undressing performer
stripping	removing an outer layer
striptease	a slow undressing performance
stripy	marked with stripes
strive	to try very hard
striving	making a great effort
strobe	a rapidly flashing light
stroke	sudden lost brain blood flow
stroking	gently rubbing with the hand
stroll	a slow, relaxed walk
stroller	a wheeled baby chair
stroma	an organ's supporting tissue
stronghold	a well-defended place
strongman	a very physically powerful person
strontium	a soft metallic chemical element
strop	a strip for sharpening razors
structural	relating to a framework
structuralism	a theory analyzing underlying patterns
structurally	in terms of basic framework
structured	organized in a clear way
strudel	a rolled fruit-filled pastry
strum	to play strings lightly
strung	tightly stretched or tense
strut	to walk stiffly and proudly
strychnine	a poisonous plant substance
stub	a short remaining piece
stubble	short growth of unshaved hair
stubborn	refusing to change one's mind
stubbornly	in a refusing, unyielding way
stubbornness	unwillingness to change one's mind
stubby	short and thick
stucco	a plaster coating for walls
stud	a small metal fastener
studded	decorated with small raised pieces
studentship	a scholarship for a student
studious	devoted to careful study
studiously	with careful, deliberate attention
stuffed	filled tightly with something
stuffer	someone or something that fills
stuffing	a filling inside food or objects
stuffy	poorly ventilated and warm
stumble	an unsteady, near-falling step
stump	a tree's leftover base
stumping	campaigning in different places
stumpy	short and stubby
stun	to shock or daze suddenly
stung	pierced by a stinger
stunned	shocked into silence
stunner	someone or something remarkably impressive
stunning	extremely impressive or beautiful
stunningly	in an extremely impressive way
stunt	a dangerous or daring feat
stunted	prevented from growing fully
stunting	preventing full growth
stupa	a dome-shaped buddhist shrine
stupefied	shocked into confusion
stupefying	causing shock or confusion
stupendous	amazingly large or impressive
stupidity	lack of good sense
stupidly	in a foolish way
stupor	a dazed, unaware state
sturdy	strong and solidly built
sturgeon	a large fish species
stutter	to speak with repeated pauses
sty	a pen for keeping pigs
styler	a tool for shaping hair
styling	the act of arranging appearance
stylised	simplified in artistic style
stylish	fashionable and elegant
stylishly	in a fashionable way
stylist	a hair or fashion arranger
stylistic	relating to artistic manner
stylistically	in terms of artistic style
stylized	simplified in artistic form
stylus	a pen-like pointer for touchscreens
stymie	to block or prevent progress
styrene	a plastic-making chemical
suave	smoothly charming and confident
subacute	somewhat less severe than acute
subalpine	found just below high mountains
subaltern	of lower rank or status
subarctic	near the arctic
subatomic	smaller than an atom
subbing	temporarily filling in for someone
subclass	a smaller group within a class
subclavian	located below the collarbone
subclinical	too mild to diagnose
subcommittee	a smaller committee group
subcompact	a very small car
subconscious	below mental awareness
subconsciously	without conscious awareness
subcontinent	a large landmass region
subcontract	a contract for part of a job
subcontractor	a hired partial-job company
subcortical	beneath the brain's outer layer
subculture	a smaller cultural group
subcutaneous	just beneath the skin
subcutaneously	just beneath the skin
subdivide	to split into smaller parts
subdivision	a smaller part of something
subduction	one plate sliding under another
subdue	to overcome and control
subdued	quiet and restrained
subdural	beneath the brain's outer covering
subfamily	a smaller family group
subgenus	a division within a genus
subgroup	a smaller group within a group
subhuman	less than fully human
subjection	being forced under control
subjective	based on personal feelings
subjectively	based on personal opinion
subjectivity	personal opinion or bias
subjugate	to conquer and control
subjugated	conquered and controlled
subjugation	forceful conquest and control
subjunctive	expressing a wish or possibility
sublease	renting out a rented space
sublet	space rented from a tenant
sublimate	changed solid to gas directly
sublimated	redirected into a better outlet
sublimation	turning into a nobler form
sublime	wonderful and awe inspiring
sublimely	in a wonderfully impressive way
subliminal	below conscious awareness
sublingual	under the tongue
subluxation	a partial joint dislocation
submarine	underwater
submariner	a submarine crew member
submerge	to sink completely underwater
submerged	completely underwater
submergence	the act of sinking underwater
submerging	the act of going underwater
submersible	able to operate underwater
submersion	being placed completely underwater
submission	the act of giving in
submissive	willing to obey others
submit	to hand in or yield
submitter	someone who sends something in
suborbital	not quite reaching full orbit
suborder	a division within an order
subordinate	lower in rank
subordination	being ranked lower
subpart	a smaller section of something
subpoena	a court appearance order
subpopulation	a smaller population group
subroutine	a small program section
subscribe	to sign up regularly
subscribed	signed up for regularly
subscriber	someone who signs up regularly
subscript	written slightly below the line
subscription	a regular paid service
subsection	a smaller section part
subsequently	afterward
subservience	excessive obedience to others
subservient	overly obedient and submissive
subset	a smaller part of a group
subside	to become less intense
subsidence	a gradual sinking of ground
subsidiarity	handling things locally
subsidiary	secondary and dependent
subsiding	becoming less intense
subsidise	to help pay for something
subsidised	helped financially by another
subsidize	to help pay for something
subsidized	helped financially by another
subsidy	money given to support something
subsist	to survive on very little
subsistence	the minimum needed to survive
subsoil	earth beneath topsoil
subsonic	slower than sound
subspace	a smaller space within one
subspecies	a division within a species
substance	physical material or matter
substandard	below the usual quality
substantially	to a large degree
substantiate	to prove with evidence
substantiation	proof supporting a claim
substantive	real and important
substation	a smaller electrical power station
substitute	used in place of another
substituting	swapping one thing for another
substitution	replacing one thing with another
substrate	an underlying base layer
substratum	an underlying layer or basis
substructure	a supporting structure underneath
subsurface	beneath the surface
subsystem	a smaller system part
subterfuge	deception to achieve a goal
subterranean	underground
subtitle	text below the title
subtle	hard to notice or detect
subtlety	a small and delicate detail
subtly	in a hard-to-notice way
subtotal	a partial sum
subtract	to take away a number
subtraction	taking one number from another
subtractive	working by removing parts
subtropical	near the tropical climate zone
subunit	a smaller unit part
suburb	a residential area outside a city
suburban	relating to a residential area
suburbia	suburban areas as a whole
subversion	an attempt to undermine something
subversive	intended to undermine authority
subvert	to secretly undermine something
subway	an underground train system
subwoofer	a deep-bass speaker
succeed	to achieve a desired result
succeeding	coming after in order
succession	things following each other
successive	following one after another
successively	one after another in order
successor	someone who takes over a role
succinct	short and clearly expressed
succinctly	briefly and clearly
succor	help in distress
succour	help in distress
succubus	a demon in female form
succulent	juicy and delicious
succumb	to give in to something
suchlike	similar things of that kind
sucker	someone easily fooled
sucking	drawing liquid into the mouth
suckle	to feed milk to a baby
suckling	a milk-fed young animal
sucre	a former currency of ecuador
sucrose	table sugar
suction	a pulling force
suddenness	the quality of happening unexpectedly
sudoku	a number placement puzzle
suds	soapy bubbles
sue	to take legal action against
suede	napped soft leather
suet	hard fat used in cooking
sufferer	someone who experiences pain or illness
suffice	to be enough
sufficiency	having just enough of something
sufficiently	to an adequate degree
suffix	letters added to a word's end
suffocate	to be unable to breathe
suffocating	causing difficulty breathing
suffocation	dying from lack of air
suffrage	the right to vote
suffragette	a voting-rights campaigner
sugarcane	a sugar-producing plant
sugarcoat	to make seem more pleasant
sugared	sweetened with sugar
sugarloaf	a cone-shaped sugar mass
sugary	tasting sweet like sugar
suggestion	an idea offered for consideration
suggestive	hinting at something
suggestively	in a hinting way
suicidal	having thoughts of self-harm
suitability	being right for a purpose
suitably	in an appropriate way
suitcase	a case for carrying clothes
suite	a set of connected rooms
suited	well matched for a purpose
suiting	fabric used for suits
suitor	a man courting a woman
sulcus	a groove in the brain
sulfate	a chemical compound of sulfur
sulfide	a chemical compound of sulfur
sulfonate	a type of sulfur compound
sulfur	a yellow chemical element
sulfuric	containing sulfur
sulk	a silent bad mood
sulky	silently bad tempered
sulla	a leguminous fodder plant
sullen	silent and bad tempered
sully	to spoil the purity of
sulphate	a chemical compound of sulfur
sulphide	a chemical compound of sulfur
sulphur	a yellow chemical element
sulphuric	containing sulfur
sulphurous	relating to sulfur
sultan	a muslim ruler
sultana	a small seedless raisin
sultanate	a sultan-ruled country
sultry	hot and humid
sumac	a sour-berried shrub
summarily	quickly and without formality
summarise	to give a brief account
summarization	giving a brief account
summarize	to give a brief account
summation	a final total or summary
summative	assessing overall achievement
summerhouse	a small garden shelter
summertime	the season of summer
summery	typical of summer
summon	to call someone to come
summoning	calling someone to appear
summons	an official order to appear
sumo	a japanese wrestling sport
sump	a liquid-collecting low area
sumpter	a pack animal
sumptuous	rich and luxurious
sumptuously	lavishly and luxuriously
sunbae	a senior colleague or classmate
sunbathe	to lie tanning in the sun
sunbeam	a ray of sunlight
sunblock	sun-protective skin cream
sunburn	sun-damaged skin
sunburned	reddened from too much sun
sunburnt	reddened from too much sun
sunburst	a sudden burst of sunlight
sundae	an ice cream dessert
sunder	to split apart
sundial	a shadow-based time device
sundown	when the sun sets
sundress	a light summer dress
sundries	various small items
sundry	various and miscellaneous
sunfish	a large ocean fish
sunflower	a tall yellow-flowered plant
sunglass	a sun-shielding lens
sunglasses	sun-shielding eyewear
sunk	fallen below the surface
sunken	fallen below the surrounding level
sunless	without sunlight
sunlight	light from the sun
sunlit	lit up by sunlight
sunny	full of bright sunlight
sunray	a beam of sunlight
sunrise	relating to sun coming up
sunroof	a car's movable roof panel
sunroom	a mostly-glass enclosed room
sunscreen	sun-protective lotion
sunset	relating to sun going down
sunshine	bright light from the sun
sunspot	a dark patch on the sun
sunstone	a shimmering orange mineral
sunstroke	illness from too much sun
suntan	skin darkened by the sun
sup	a small drink sip
superannuation	a retirement pension fund
superb	extremely good
superbly	extremely well
superbug	a germ resistant to medicine
supercharge	to boost something's power
supercharged	given extra power or energy
supercharger	an engine-boosting device
supercomputer	an extremely powerful computer
superconductivity	perfect electrical conduction
supercritical	beyond a critical point
superego	the mind's moral part
superfamily	a large related group
superficial	only on the surface
superficiality	shallowness and lack of depth
superficially	only on the surface
superfine	extremely fine in quality
superfluous	more than what is needed
superfood	a food considered very nutritious
supergrass	an informant against criminals
superhero	a person with amazing powers
superhighway	a wide fast road
superhuman	beyond normal human ability
superimpose	to place over another image
superimposed	placed over something else
superintendent	an operation manager
superiority	being better than others
superlative	of the highest degree
superman	a man with extraordinary abilities
supermarket	a large food store
supermodel	a very famous fashion model
supernatant	floating above sediment
supernatural	beyond the laws of nature
supernaturally	beyond natural laws
supernova	an exploding star
supernumerary	extra and not strictly needed
superoxide	a reactive oxygen molecule
superposition	the overlapping of two states
superpower	a very powerful nation
superscript	written slightly above the line
supersede	to replace and outrank
supersonic	faster than sound
superstar	a very famous performer
superstition	an unfounded belief
superstitious	believing unproven omens
superstructure	the part built above base
supersymmetry	a particle balance theory
supervillain	a powerful evil character
supervise	to oversee and direct
supervised	watched over and directed
supervising	overseeing and directing
supervision	overseeing and direction
supervisor	someone who oversees others' work
supervisory	relating to overseeing others
supine	lying flat on the back
supper	an evening meal
supplant	to take the place of
supplanting	replacing something else
supple	bending easily
supplement	an added completing thing
supplemental	added to complete something
supplementary	added to complete something
supplementation	adding something extra
supplication	a humble request or prayer
supplier	a business that provides goods
supplying	providing something needed
supporter	someone who backs a cause
supportive	giving encouragement and help
supposedly	as claimed, maybe untrue
supposition	an assumption without proof
suppository	medicine inserted into the body
suppress	to hold back or stop
suppressant	something reducing a symptom
suppressed	held back or stopped
suppression	holding something back
suppressive	tending to hold something back
suppressor	something that reduces or stops
supra	mentioned earlier in a text
supranational	beyond a single nation's authority
supremacist	one claiming group superiority
supremacy	being the greatest in power
supremely	to the highest degree
supremo	the person in overall charge
sura	a chapter of the quran
surcharge	an extra fee added
surety	a guarantee or promise
surf	waves breaking on the shore
surfacing	rising to the top
surfactant	a tension-reducing substance
surfboard	a board for riding waves
surfeit	an excessive amount of something
surfer	someone who rides ocean waves
surfing	riding waves on a board
surge	a sudden powerful increase
surgeon	a doctor who performs operations
surgical	relating to medical operations
surgically	through a medical operation
surging	increasing suddenly and strongly
surly	rude and unfriendly
surmise	a guess with little evidence
surmount	to overcome a difficulty
surmounted	overcome or gotten past
surname	a family name
surpass	to do better than
surpassing	going beyond in excellence
surplus	more than what is needed
surprising	unexpected and startling
surprisingly	in an unexpected way
surreal	strange like a dream
surrealism	a dreamlike art style
surrealist	a dreamlike-imagery artist
surrealistic	strange and dreamlike
surrender	the act of giving up
surreptitious	done secretly
surreptitiously	done secretly
surrey	a light horse drawn carriage
surrogate	acting as a substitute
surround	the area around something
surroundings	the area around a place
surveil	to watch closely and secretly
surveillance	close watching of someone
surveying	measuring and mapping land
surveyor	someone who measures land
survivalist	someone who prepares for disasters
surviving	continuing to live through hardship
survivor	someone who lives through hardship
susceptibility	being likely to be affected
susceptible	likely to be affected
sushi	a japanese vinegared-rice dish
suspected	believed true or guilty
suspend	to stop something temporarily
suspender	a strap holding up clothing
suspense	nervous uncertainty about what happens
suspenseful	full of tense uncertainty
suspension	a temporary stopping of something
suspicion	a feeling something's wrong
suspicious	feeling something is wrong
suspiciously	in a doubt-raising way
sustain	to keep something going
sustainability	ability to keep going
sustainable	able to continue without harm
sustained	kept going over time
sustainer	something that keeps another going
sustainment	keeping something going
sustenance	food needed to stay alive
sutra	a hindu or buddhist text
suture	a wound-closing stitch
suturing	stitching a wound closed
suzerainty	control over another state's affairs
svelte	slim and graceful
svoboda	a word meaning freedom
swab	a cleaning or testing material
swabbing	cleaning with absorbent material
swaddle	to wrap a baby snugly
swag	stolen goods or free items
swagger	confident and arrogant in manner
swaggering	walking with confident arrogance
swain	a young male lover
swale	a low wet stretch of land
swallow	a small fast flying bird
swallowtail	a tail-winged butterfly
swami	a hindu religious teacher
swamp	wet spongy ground
swampland	wet marshy land
swampy	wet and marshy
swan	a large white water bird
swank	stylishly impressive
swanky	fancy and expensive looking
swap	an exchange of things
swarm	a large moving group
swart	dark skinned
swarthy	having a dark complexion
swash	a splashing sound of water
swashbuckler	a bold daring adventurer
swashbuckling	daring and adventurous
swastika	an ancient hooked cross symbol
swat	a quick hard hit
swatch	a small sample piece
swath	a wide strip of land
swathe	a wrapped strip of cloth
sway	influence or control over something
swearing	using rude offensive words
sweat	moisture that comes from skin
sweater	a warm knitted garment
sweating	giving off body moisture
sweatpants	loose soft comfortable trousers
sweats	loose soft comfortable clothing
sweatshirt	a warm loose pullover top
sweatshop	a factory with harsh conditions
swede	a root vegetable
sweep	a broad cleaning motion
sweeper	something that cleans by sweeping
sweeping	affecting almost everything
sweepstakes	a prize-drawing contest
sweeten	to make something taste sweeter
sweetened	made to taste sweeter
sweetener	a substance that adds sweetness
sweetening	making something taste sweeter
sweetheart	dear and beloved
sweetie	a term of affection
sweetly	in a pleasant kind way
sweetness	the quality of tasting sweet
swell	very good or excellent
swelled	puffed up or enlarged
swelling	a puffy enlarged area
sweltering	uncomfortably hot
swept	cleaned or moved by sweeping
swerve	a sudden turning movement
swerving	turning suddenly to avoid something
swift	very fast
swiftly	very quickly
swiftness	the quality of being fast
swig	a big drink gulp
swill	watery animal feed or slop
swilling	drinking large careless gulps
swim	a session of swimming
swimmer	a person who swims
swimmingly	going very smoothly
swimsuit	clothing worn for swimming
swimwear	clothing worn for swimming
swindle	a dishonest scheme to cheat
swindler	a person who cheats others
swine	a pig
swinger	a person who swings something
swinging	lively and full of energy
swipe	a quick sweeping stroke
swirl	a twisting circular movement
swish	stylish and fashionable
switchblade	a spring-bladed knife
switchboard	a panel connecting phone calls
switcher	something that changes or swaps
switcheroo	an unexpected sudden swap
switching	changing from one to another
swivel	a joint that turns freely
swole	very muscular
swollen	puffed up larger than normal
swoon	a fainting spell
swooning	overcome with strong feeling
swoop	a sudden downward attack
swoosh	a rushing whooshing sound
swordfish	a bill-nosed large fish
swordplay	fighting or fencing with swords
swordsman	one skilled with a sword
swordsmanship	skill in using a sword
sworn	bound by a solemn promise
swot	a person who studies hard
sycamore	a large shade tree
sycophant	a person who flatters others
sycophantic	excessively flattering to gain favor
syllabic	relating to syllables
syllable	a unit of spoken sound
syllabus	an outline of a course
syllogism	a logical three part argument
sylva	the trees of a region
sylvan	relating to woods or forests
symbiosis	a close relationship between organisms
symbiotic	mutually beneficial and closely linked
symbolic	representing something else
symbolically	in a representative way
symbolise	to represent something else
symbolising	representing something as a symbol
symbolism	using symbols for ideas
symbolist	an artist using symbols
symbolize	to represent something else
symbolizing	representing something as a symbol
symbology	the study of symbols
symmetric	balanced evenly on both sides
symmetrical	balanced evenly on both sides
symmetrically	in a balanced even way
symmetry	balanced even proportions
sympathetic	showing care for someone's feelings
sympathetically	in a caring understanding way
sympathise	to share another's feelings
sympathiser	one who shares others' views
sympathize	to share another's feelings
sympathizer	one who shares others' views
sympathy	caring feeling for others
symphonic	relating to a full orchestra
symphony	a long piece for orchestra
symposium	a topic-discussion meeting
symptom	a sign of an illness
symptomatic	indicating an underlying problem
synagogue	a Jewish place of worship
synapse	a gap between nerve cells
synaptic	relating to nerve connections
sync	to make things happen together
synchro	a synchronized activity or system
synchronicity	events happening meaningfully together
synchronisation	making things happen together
synchronise	to make things happen together
synchronised	happening at the same time
synchronization	making things happen together
synchronize	to make things happen together
synchronized	happening at the same time
synchronizing	making things happen together
synchronous	happening at the same time
synchronously	at exactly the same time
synchrony	things happening together
synchrotron	a machine that accelerates particles
syncopated	having an off-beat rhythm
syncopation	a shifted musical rhythm
syncope	a brief fainting spell
syncretic	blending different beliefs together
syncretism	the blending of different beliefs
syndicalism	a worker-control labor movement
syndicalist	a supporter of worker-controlled unions
syndicate	a group with shared purpose
syndication	distributing content to many outlets
syndrome	a group of related symptoms
synecdoche	using a part for the whole
synergistic	working together for greater effect
synergy	combined effort producing greater results
synesthesia	senses blending unusually together
synod	a church governing council
synonym	a same-meaning word
synonymous	meaning almost the same thing
synonymously	meaning almost the same thing
synonymy	sameness of meaning between words
synopsis	a short summary
synoptic	giving a general overview
synovial	relating to joint lubricating fluid
syntactic	relating to sentence structure
syntactical	relating to sentence structure
syntactically	in terms of sentence structure
syntax	the structure of a sentence
synthesis	combining parts into a whole
synthesise	to combine into something new
synthesize	to combine into something new
synthesizer	an electronic music instrument
synthetic	made artificially, not natural
synthetically	in an artificial manufactured way
syphilis	a sexually transmitted disease
syphon	a tube for moving liquid
syringe	a tool for injecting liquid
syrup	a thick sweet liquid
syrupy	thick and overly sweet
systematic	done in an organized method
systematically	in an organized methodical way
systematics	the classification of living things
systemic	affecting an entire system
systolic	relating to the heart's contraction
tab	a small flap or label
tabard	a short sleeveless coat
tabasco	a spicy pepper sauce
tabby	having striped or mottled fur
tabernacle	a place of worship
tabi	a Japanese split-toe sock
tablature	musical notation for stringed instruments
tableau	a striking still scene
tablecloth	a cloth covering a table
tablespoon	a large cooking spoon
tablet	a flat handheld computer
tabletop	a table's flat surface
tableware	dishes and utensils for eating
tabloid	a small sensational newspaper
taboo	forbidden by social custom
tabor	a small drum
tabu	forbidden by social custom
tabular	arranged in a table format
tabulation	arranging data into a table
tach	a device measuring engine speed
tachometer	a device measuring engine speed
tachycardia	an abnormally fast heartbeat
tacit	understood without being said
tacitly	without being openly stated
taciturn	quiet and reserved in speech
tack	a short sharp nail
tacking	fastening loosely with small stitches
tackle	equipment used for a task
tackler	a person who tackles
tacky	cheap and in poor taste
taco	a folded filled tortilla
tact	skill in handling sensitive situations
tactful	careful not to offend others
tactfully	in a considerate careful way
tactic	a planned method
tactical	relating to a planned method
tactically	in a carefully planned way
tactician	a strategy planner
tactics	planned methods to achieve goals
tactile	relating to touch
tactless	careless about others' feelings
tad	a small amount
tadpole	a young legless frog
taekwondo	a Korean martial art
taffeta	a stiff shiny fabric
taffy	a chewy sugar candy
tagged	labeled or marked
tagger	one who marks with tags
tahini	a sesame seed paste
taichi	a slow Chinese exercise practice
tailback	a traffic jam of cars
tailed	having a tail
tailgate	a vehicle's back door
tailing	following closely behind
taillight	a rear vehicle light
tailor	a fitted-clothes maker
tailored	adjusted to fit exactly
tailoring	the making of fitted clothes
tailpipe	a vehicle's exhaust pipe
tails	a coin's reverse side
tailspin	an out-of-control spiral
tailwind	a wind blowing from behind
taint	a trace of contamination
tainted	spoiled or contaminated
taka	the currency of Bangladesh
takeaway	food bought to eat elsewhere
takedown	a forceful bringing down
takeoff	the start of a flight
takeout	food bought to eat elsewhere
takeover	gaining control of a company
taker	one who accepts an offer
takin	a large goat-like mammal
takings	money earned from sales
tala	an indian music rhythm
talc	a soft powdery mineral
talcum	a soft soothing body powder
tale	a story
talentless	lacking any skill or ability
talisman	a luck-bringing object
talkative	fond of talking a lot
talker	a person who talks
talkie	an early sound motion picture
talky	full of too much talking
tallis	a Jewish prayer shawl
tallow	hard animal fat
tally	a running count of something
talon	a sharp curved claw
talus	the ankle bone
tam	a soft flat round cap
tamale	a wrapped steamed corn dish
tamarack	a type of larch tree
tamarind	a sour tropical fruit
tambourine	a small drum with jingles
tame	gentle and not wild
tamed	made gentle and controllable
tamer	one who controls wild animals
tammy	a soft flat woolen cap
tamoxifen	a breast cancer treatment drug
tamp	a light packing motion
tamper	a pressing-down tool
tampering	interfering with something improperly
tampon	an absorbent hygiene product
tan	light brown from the sun
tandem	working together in pairs
tang	a sharp strong flavor
tanga	a small skimpy swimsuit
tangent	a curve-touching line
tangential	only slightly related
tangentially	loosely, only related
tangerine	a bright orange color
tangible	able to be touched
tangibly	in a perceivable way
tangle	a confused knotted mass
tangled	twisted into a confused knot
tango	a passionate ballroom dance
tangy	having a sharp tart flavor
tanka	a short Japanese poem form
tankard	a large drinking mug
tanker	a liquid-cargo ship
tanned	made brown by the sun
tanner	one who processes hides
tannery	a hide-processing place
tannic	relating to a bitter compound
tannin	a bitter plant compound
tanning	the process of darkening skin
tannoy	a public address system
tansy	a yellow flowering herb
tantalising	tempting and hard to resist
tantalizing	tempting and hard to resist
tantalizingly	in a hard-to-resist way
tantalum	a hard gray metallic element
tantamount	equivalent in effect to something
tantra	a mystical spiritual practice
tantrum	a childish anger outburst
taoiseach	the prime minister of Ireland
tap	a device controlling water flow
tapa	a cloth made from bark
taped	recorded or fastened with tape
taper	a gradual narrowing
tapered	gradually narrowing at one end
tapering	gradually becoming narrower
tapestry	a woven decorative wall hanging
tapeworm	a long flat parasitic worm
taping	recording or fastening with tape
tapioca	a starch from cassava root
tapir	a large piglike mammal
tapped	lightly struck or accessed
tapper	a person or thing that taps
tapping	striking lightly and repeatedly
taproom	a beer-serving room
taps	a military bugle call
tar	a thick black sticky substance
tarantula	a large hairy spider
tardiness	the habit of being late
tardy	arriving later than expected
tare	the weight of empty packaging
tariff	a tax on imported goods
tarmac	a paved road surface
tarn	a small mountain lake
tarnish	a dull discolored coating
taro	a starchy tropical root vegetable
tarot	fortune-telling cards
tarp	a waterproof protective sheet
tarpaulin	a waterproof protective sheet
tarpon	a large silvery game fish
tarragon	an aromatic cooking herb
tarry	sticky like tar
tarsal	relating to the ankle bones
tarsus	the ankle bone
tart	sharp and sour tasting
tartan	a plaid woven pattern
tartar	a hard deposit on teeth
tartrate	a chemical salt compound
taskmaster	a demanding work overseer
tassel	a hanging bunch of threads
tasteful	showing good sense of style
tastefully	with good style
tasteless	lacking good style or flavor
taster	a person who samples food
tasting	sampling food or drink
tasty	pleasant to eat
tat	cheap tacky items
tater	a potato
tatted	made using a lace-making technique
tattered	torn and ragged
tattle	gossip or telling on someone
tattoo	permanent ink art on skin
tatty	worn out and shabby
tau	a Greek letter
taunt	a mocking insulting remark
taunting	cruelly mocking
taupe	a grayish brown color
taurine	an amino acid compound
taut	pulled tight
tautological	needlessly repeating the same idea
tautology	needless idea repetition
tavern	a drink and food place
taw	a marble used in games
tawdry	cheap and gaudy
tawny	a light brownish orange color
taxable	subject to being taxed
taxation	the system of collecting taxes
taxi	a hired driven car
taxicab	a hired driven car
taxidermist	one who preserves animal skins
taxidermy	the preserving of animal skins
taxing	mentally or physically demanding
taxis	hired driven cars
taxiway	a ground path for planes
taxman	a tax collection official
taxon	a category in classification
taxonomic	relating to scientific classification
taxonomy	the science of classifying things
taxpayer	a person who pays taxes
teachable	able and willing to learn
teacup	a small cup for tea
teahouse	a place serving tea
teak	a strong tropical hardwood
teal	a blue-green color
teammate	one on the same team
teamster	a truck driver
teamwork	cooperative effort by a group
teapot	a container for brewing tea
teardrop	a drop of tears
tearful	crying or about to cry
tearfully	while crying
teargas	eye-watering irritant gas
tearing	very fast and forceful
tearjerker	a story that makes you cry
tearoom	a small cafe serving tea
teary	close to crying
tease	a person who teases others
teased	mocked in a playful way
teaser	an interest-attracting preview
teasing	mocking someone playfully
teasingly	in a playful, mocking way
teaspoon	a small spoon for stirring
teat	a breast or udder nipple
teatime	afternoon tea time
tec	a detective
techie	a person skilled with technology
technetium	a radioactive metallic element
technicality	a minor rule detail
technically	strictly speaking by the rules
technician	a practical skilled worker
technicolor	very bright, vivid coloring
techno	fast electronic dance music
technocracy	government run by technical experts
technocrat	a governing expert
technological	relating to technology
technologically	relating to technology
technologist	an expert in technology
techy	easily irritated
tectonic	relating to crust movement
tectonics	study of crust structure
teddy	a soft stuffed toy bear
tedious	boring and too long
tediously	in a boring, dragging way
tedium	boredom from dull repetition
tee	a golf ball peg
teem	to be full of something
teeming	crowded and full of activity
teenage	relating to teenagers
teenaged	being a teenager
teenager	a person aged thirteen to nineteen
teens	the teenage years
teensy	extremely tiny
teeny	very small
teepee	a cone-shaped tent
teeter	an unsteady, wobbling movement
teething	baby teeth growing in
teg	a young sheep
telco	a telephone company
telecast	a television broadcast
telecaster	a television broadcaster
telecom	the telecommunications industry
telecommunication	sending messages over distance electronically
telecommuting	working from home using technology
teleconference	a phone or video meeting
telegram	a wired short message
telegraph	a coded-message wire device
telegraphic	very brief and terse
telegraphy	sending messages by wire
telekinesis	moving objects with the mind
telemarketing	selling things by phone calls
telemetry	remote measurement and data transmission
teleological	explained by final purpose
telepathic	able to read minds directly
telepathy	communication directly between minds
telephonic	relating to telephones
telephony	the technology of telephone communication
telephoto	a distant-object camera lens
teleport	to move instantly across distance
teleportation	instant movement across distance
telescope	a distant-viewing device
telescopic	able to extend or zoom
televangelist	a tv-broadcasting preacher
televise	to broadcast on television
telex	an old typed-message system
telfer	an overhead cable transport system
teller	a money-handling bank worker
tellingly	in a clearly revealing way
telltale	revealing a hidden truth
telluride	a compound containing tellurium
tellurium	a rare brittle silvery element
telly	a television set
telomerase	a chromosome-rebuilding enzyme
telomere	a chromosome's protective end
temerity	bold, reckless confidence
temp	a temporary worker
temper	a tendency to anger
tempera	an egg-based paint
temperament	a natural way of behaving
temperamental	moody and unpredictable
temperamentally	by natural disposition
temperance	restraint, especially from alcohol
temperate	mild, not extreme
tempered	adjusted to be less extreme
tempering	making something harder or milder
tempest	a violent storm
tempestuous	full of strong emotion
template	a guiding making pattern
tempo	the speed of music
temporal	relating to time
temporality	existing within time
temporally	in relation to time
temporarily	for a short time only
tempt	to persuade toward wrongdoing
temptation	a wrongdoing urge
tempting	appealing and hard to resist
temptress	a woman who tempts others
tempura	light-battered fried food
tenable	able to be defended
tenacious	holding on firmly and persistently
tenaciously	in a determined, persistent way
tenacity	firm determination to keep going
tenancy	a property-renting period
tenant	one who rents property
tenanted	occupied by a renter
tench	a freshwater fish
tendency	a usual way of behaving
tender	gentle and caring
tenderloin	a cut of tender meat
tenderly	in a gentle, caring way
tenderness	gentle, caring feeling
tending	looking after or caring for
tendinitis	painful swelling of a tendon
tendon	a muscle-to-bone cord
tendonitis	painful swelling of a tendon
tendril	a thin, curling plant stem
tenement	a rundown apartment building
tenet	a core belief or principle
tenfold	ten times as much
tenner	a ten-dollar or ten-pound note
tenon	a slot-fitting wood joint
tenor	the general meaning or tone
tense	nervous and unable to relax
tensed	made stiff and tight
tensile	able to be stretched
tension	a state of nervous strain
tensor	a multi-direction math quantity
tent	a cloth portable shelter
tentacle	a flexible animal limb
tentative	uncertain and not fully decided
tentatively	in an uncertain, cautious way
tenth	next after ninth
tenuous	weak and easily broken
tenure	the holding of a position
tenured	having permanent job security
tepee	a cone-shaped tent
tepid	only slightly warm
tequila	an agave-based strong drink
terabyte	a huge data unit
terahertz	a very high frequency unit
tercentenary	a three-hundredth anniversary
teriyaki	a sweet soy sauce glaze
terminally	ending in death
terminate	to bring to an end
terminated	brought to an end
termination	the act of ending something
terminator	something that ends a thing
terminology	a field's special words
terminus	a route's final stop
termite	a wood-eating insect
tern	a small seabird
ternary	made of three parts
terrace	a raised flat outdoor area
terracotta	reddish-brown baked clay
terrain	the physical features of land
terrapin	a small water turtle
terrarium	a glass plant or animal container
terrestrial	relating to earth or land
terribly	very badly or extremely
terrier	a small energetic dog breed
terrific	excellent and impressive
terrifically	extremely and impressively
terrified	extremely frightened
terrify	to frighten greatly
terrifying	causing great fear
terrine	a molded meat dish
territorial	protective of one's own area
territoriality	tendency to defend territory
territorially	in a territory-defending way
terror	intense fear
terrorise	to frighten with violence
terrorism	violence for political fear
terrorize	to frighten with violence
terry	a looped cotton fabric
terse	short and abrupt in speech
tertiary	third in order or importance
tesla	a unit of magnetic strength
tesseract	a four-dimensional cube
testa	a seed's outer coat
testament	proof or evidence of something
testamentary	relating to a legal will
testator	one who makes a will
tester	a thing or person that tests
testicle	a male reproductive gland
testicular	relating to the testicles
testify	to give evidence formally
testimonial	given as praise
testimony	a formal statement of evidence
testis	a male reproductive gland
testosterone	a male-trait hormone
testy	easily annoyed
tetanus	a spasm-causing infection
tether	a tying rope
tethered	tied so movement is limited
tetra	a small tropical fish
tetrachloride	a four-chlorine chemical
tetracycline	an antibiotic medicine
tetrad	a group of four
tetrahedron	a four-faced solid shape
tetrahydrocannabinol	cannabis's main active chemical
tetralogy	a four-part related work series
textbook	typical and exactly as expected
textile	relating to woven cloth
texting	sending written messages by phone
textual	relating to written text
texture	a surface's feel quality
textured	having a varied surface
thalamus	a sensory-relaying brain region
thalassemia	an inherited blood disorder
thalidomide	an old morning-sickness drug
thallium	a soft toxic metal
thallus	a simple organless plant body
thane	a medieval lord or nobleman
thankful	feeling or showing gratitude
thankfully	fortunately, expressing relief
thankfulness	the feeling of being grateful
thankless	not appreciated despite effort
thanksgiving	an expression of gratitude
thatch	straw used as roofing material
thatcher	a straw-roof maker
thaw	melting ice or snow
thawed	no longer frozen
thawing	melting from a frozen state
theatrical	overly dramatic
theatricality	exaggerated, dramatic style
theatrically	in an overly dramatic manner
theft	the crime of stealing
theism	belief in god's existence
theist	believing in god
theistic	relating to belief in god
thematic	relating to a central theme
thematically	in terms of a theme
thence	from that place or time
thenceforth	from that time onward
theocracy	government ruled by religious authority
theocratic	ruled by religious authority
theodicy	defending god's goodness despite evil
theologian	a scholar of religious belief
theological	relating to religious study
theologically	from a religious study perspective
theology	the study of religious belief
theorem	a logically proved statement
theoretic	based on theory
theoretical	based on ideas, not practice
theoretically	in principle, not practice
theoretician	a person who develops theories
theorist	a person who forms theories
theorize	to form a theory
theosophical	relating to spiritual philosophy
theosophy	a divine-truth philosophy
therapeutic	helping to heal or soothe
therapeutically	in a healing, soothing way
therapeutics	the medicine of treatment
therapist	a mental or physical treater
thereabouts	near that place or amount
thereafter	after that time
thereby	by that means
therefor	for that reason
therefrom	from that place or thing
therein	in that place or document
thereof	of that thing
thereon	on that thing
thereto	to that thing
therewith	along with that
therm	a unit of heat energy
thermal	relating to heat
thermally	in terms of heat
thermocouple	a device measuring temperature
thermodynamic	relating to heat and energy
thermodynamically	in terms of heat and energy
thermodynamics	the science of heat and energy
thermoelectric	converting heat into electricity
thermometer	a device for measuring temperature
thermonuclear	relating to nuclear fusion reactions
thermoplastic	plastic that softens when heated
thermos	a hot or cold drink container
thermostat	a device that controls temperature
thermostatic	automatically controlling temperature
thesaurus	a book of synonyms
thesis	an argument-presenting essay
thespian	relating to acting or theater
theta	a greek letter
thiamine	a vitamin needed for energy
thicken	to make or become thicker
thickened	made denser or heavier
thickener	a liquid-denser substance
thickening	becoming denser
thicket	a dense bush cluster
thickly	in a thick manner
thickness	how thick something is
thief	a person who steals
thievery	the act of stealing
thieving	stealing habitually
thigh	the leg's upper part
thimble	a finger-protecting sewing cap
thinker	a person who thinks deeply
thinly	in a thin layer
thinned	made less thick or dense
thinner	a paint-diluting liquid
thinness	the quality of being thin
thinning	becoming less thick or dense
thirdly	as the third point
thirst	a strong need to drink
thirsty	needing to drink
thirteen	the number after twelve
thirteenth	next after twelfth
thirties	ages thirty to thirty-nine
thirtieth	next after twenty-ninth
thistle	a prickly wild plant
thither	to that place
thong	a thin leather strip
thoracic	relating to the chest
thoracotomy	surgery opening the chest
thorax	the body's chest area
thorium	a radioactive metallic element
thorn	a plant's sharp point
thorny	full of prickly thorns
thorough	complete and careful
thoroughbred	a purebred, especially of horses
thoroughfare	a main road or path
thoroughly	completely and carefully
thoroughness	careful and complete attention
thou	an old word for you
thoughtful	considerate of others
thoughtfully	in a considerate, careful way
thoughtfulness	careful consideration for others
thoughtless	careless of others' feelings
thoughtlessly	without considering others
thousandth	next after nine hundred ninety-ninth
thrall	a state of being enslaved
thrash	a heavy beating or defeat
thrasher	a song-known bird
thrashing	a heavy beating or defeat
threadbare	worn thin from use
threaded	fitted with a spiral groove
threads	clothes
threaten	to warn of harm
threatening	suggesting danger or harm
threateningly	in a way suggesting danger
threefold	three times as much
threepenny	worth very little
threesome	a group of three people
threonine	an essential amino acid
thresh	to separate grain from husk
thresher	a machine that separates grain
threshing	separating grain from its husk
threshold	the entrance or starting point
thrice	three times
thrift	careful use of money
thrifty	careful with money
thrill	a sudden feeling of excitement
thrilled	very excited and pleased
thriller	a suspenseful, exciting story
thrilling	very exciting
thrips	tiny insects that damage plants
thrive	to grow or develop successfully
thriving	growing and doing very well
throated	having a certain throat
throaty	deep and rough sounding
throb	a strong, repeated beating pain
throbbing	pulsing with strong, repeated pain
throes	a period of intense struggle
thrombin	a clot-helping enzyme
thrombocytopenia	low blood-clotting cell count
thrombosis	a vessel blood clot
thrombus	a blood clot
throne	a ruler's ceremonial seat
throng	a large crowd of people
thronged	crowded with many people
throttle	a device controlling engine speed
throttling	limiting or restricting flow
throughput	amount processed over time
throwaway	meant to be discarded
throwback	reminiscent of an earlier time
thrower	a person who throws something
thrush	a small singing bird
thrust	a sudden forceful push
thruster	a device that provides propulsion
thrusting	pushing forcefully forward
thruway	a major highway
thud	a dull, heavy sound
thudding	making a dull, heavy sound
thug	a violent criminal
thuggery	violent, criminal behavior
thumb	the hand's short thick finger
thumbed	touched or worn by handling
thumbnail	a small preview image
thumbprint	a thumb's left mark
thump	a heavy dull blow
thumping	very large or impressive
thunder	the loud noise after lightning
thunderbird	a mythical bird of storms
thunderbolt	a flash of lightning
thunderclap	a loud crash of thunder
thundering	extremely loud and forceful
thunderous	very loud, like thunder
thunderstorm	a lightning and thunder storm
thunderstruck	shocked with amazement
thunk	a dull heavy sound
thusly	in this way
thwack	a sharp hitting sound
thwart	a seat across a boat
thwarted	prevented from happening
thwarting	blocking or preventing
thyme	a fragrant cooking herb
thymine	a building block of dna
thymus	a gland in the chest
thyroid	relating to a neck gland
thyroiditis	swelling of the thyroid gland
thyroxine	a hormone from the thyroid
tiara	a small jeweled crown
tibia	the shinbone
tibial	relating to the shinbone
tic	a sudden twitch
tick	a tiny biting bug
ticker	a tracking device
ticking	a soft repeated clicking sound
tickle	a laugh-causing light touch
tickler	a reminder note or system
tickling	causing a light itching feeling
ticklish	easily made to laugh by touching
tidal	relating to ocean tides
tidbit	a small interesting fact
tide	the sea's rise and fall
tidewater	tide-affected coastal land
tidings	news or information
tidy	neat and orderly
tiebreaker	a deciding round after a tie
tier	a level or row
tiered	arranged in layers
tiff	a small quarrel
tiffin	a light meal
tighten	to make firmer or stricter
tightening	the act of making firmer
tightly	in a firm, close way
tightness	the state of being tight
tightrope	a balancing act's wire
tights	close-fitting stretchy leggings
tigress	a female tiger
tilde	a wavy line mark
tile	a flat surface-covering piece
tiled	covered with flat pieces
tiling	a covering of flat pieces
tillage	preparing land for crops
tilled	plowed and prepared for planting
tiller	a boat-steering handle
tilling	preparing soil for planting
tilt	a lean to one side
tilted	leaning to one side
timber	wood used for building
timbered	built with wooden beams
timberland	forest land with usable trees
timberline	where trees stop growing
timbre	a sound's distinctive quality
timed	measured or planned by time
timekeeper	someone who tracks the time
timekeeping	the tracking of time
timeless	never going out of style
timelessness	the quality of never aging
timeline	a sequence of events
timeliness	happening at the right moment
timely	happening at the right moment
timepiece	a clock or watch
timer	a device that counts time
timetable	a schedule of times
timid	shy and easily frightened
timidity	shyness and fearfulness
timidly	in a shy, fearful way
timing	choosing when to act
timothy	a type of grass
timpani	large kettle drums
tin	a soft silvery metal
tincture	a medicine mixed in alcohol
tinder	easily catching fire material
tinderbox	a place likely to erupt in trouble
tine	a fork's pointed prong
tinea	a fungal skin infection
tinfoil	thin sheets of metal foil
ting	a light ringing sound
tinge	a small trace of color
tingle	a slight prickling feeling
tingling	feeling a slight prickle
tink	to make a light clink
tinker	someone who fixes small things
tinkle	a light ringing sound
tinkling	making light ringing sounds
tinned	sealed in a metal can
tinnitus	ringing in the ears
tinny	sounding thin and metallic
tinsel	shiny decoration strips
tint	a slight shade of color
tinting	adding a slight color
tipi	a cone-shaped tent
tipped	leaned or knocked over
tipper	a contents-emptying device
tippet	a scarf-like garment
tipple	an alcoholic drink
tippy	unsteady and tilt-prone
tipster	someone who gives helpful predictions
tipsy	slightly drunk
tiptoe	walking quietly on toes
tipu	a type of tree
tirade	a long angry speech
tiramisu	an italian coffee dessert
tire	a rubber wheel covering
tiredness	the state of needing rest
tireless	never getting tired
tirelessly	without ever getting tired
tiresome	annoying and boring
tiring	causing exhaustion
tiro	a beginner
tit	a small songbird
titan	someone or something very powerful
titania	a moon of uranus
titanic	huge and powerful
titanium	a strong lightweight metal
titer	a measure of substance concentration
tithe	a charity-given portion
titi	a small south american monkey
titillating	excitingly interesting
titillation	a feeling of excited interest
titled	given a name or rank
titration	a chemistry measuring process
tittle	a tiny dot or mark
titty	a slang word for breast
titular	holding a title without power
tizzy	a state of nervous confusion
toad	a frog-like hopping animal
toady	a favor-seeking flatterer
toast	browned bread
toasted	browned by heat
toaster	a machine for browning bread
toasting	browning bread with heat
tobacco	dried leaves smoked in cigarettes
tobacconist	someone who sells tobacco
toboggan	a long sled
toby	a person-shaped small jug
toccata	a fast keyboard music piece
tocopherol	a form of vitamin e
tod	alone, by oneself
toddler	a walking-learning young child
toddy	a warm alcoholic drink
toe	a digit on the foot
toed	having toes of a kind
toenail	a toe's hard covering
toff	a wealthy, upper-class person
toffee	a chewy sugar candy
tofu	a soybean-based soft food
tog	to dress in clothes
toga	a loose ancient roman robe
togetherness	a feeling of closeness
toggle	a state-flipping switch
togs	casual clothes
toil	hard, tiring work
toiletry	a personal care product
toilette	the washing and grooming process
toiling	working hard
tokamak	a fusion-research device
toke	a puff of smoke
token	small or symbolic in value
tolerable	acceptable, though not great
tolerably	in an acceptable way
tolerance	the ability to endure something
tolerant	willing to accept different views
tolerate	to put up with something
toleration	the acceptance of differences
toll	a road-use fee
tollbooth	a road-fee payment place
toller	a duck-luring dog breed
toluene	a chemical solvent
tomahawk	a native american light axe
tomato	a red juicy vegetable-fruit
tomb	a burial chamber
tomboy	a rough-activity-loving girl
tombstone	a stone marking a grave
tomcat	a male cat
tome	a large, heavy book
tomfoolery	silly or foolish behavior
tomography	a medical scanning technique
ton	a large unit of weight
tonal	relating to musical pitch
tonality	the overall key of music
tonally	in terms of pitch
toned	having firm muscles
toner	a substance used in printing
tongs	a tool for gripping objects
tongued	having a certain tongue
tonic	restoring health or energy
tonnage	a ship's weight capacity
tonne	a metric ton
tonsil	throat-back tissue
tonsillectomy	surgery to remove the tonsils
tonsillitis	inflammation of the tonsils
toolbox	a container for tools
toon	a cartoon
toot	a short horn sound
tooth	a hard structure for chewing
toothache	pain in a tooth
toothbrush	a brush for cleaning teeth
toothed	having teeth or points
toothless	without teeth
toothpaste	a paste for cleaning teeth
toothpick	a teeth-cleaning small stick
toothy	showing many teeth
topaz	a yellow gemstone
topcoat	an outer coat
tope	to drink alcohol heavily
topiary	bushes trimmed into shapes
topical	relating to current events
topically	applied to the surface
topless	without a shirt
topmost	at the very top
topnotch	of the highest quality
topographic	showing land features
topographical	relating to land features
topographically	in terms of land features
topography	the physical features of land
topological	relating to shape and space
topologically	in terms of spatial arrangement
topology	the study of shapes and spaces
topos	a common theme in literature
topped	covered on top
topper	something placed on top
topping	forming the top layer
topple	to fall over
tops	of the highest quality
topsail	a ship's upper sail
topside	the upper part of something
topsoil	the top layer of earth
toque	a close-fitting hat
tor	a rocky hill
torch	a portable flaming light
torchlight	light from a burning torch
tore	pulled apart forcefully
torment	great suffering
tormented	deeply troubled or suffering
tormentor	someone who causes suffering
torn	pulled apart
tornado	a violent spinning windstorm
toroidal	shaped like a ring
torpedo	an underwater exploding missile
torpor	a state of sluggish inactivity
torque	a twisting force
torr	a unit of pressure
torrent	a rushing stream of water
torrential	falling heavily and fast
torrid	extremely hot
torsion	a twisting force or strain
torso	the trunk of the body
tort	a civil wrongdoing
torte	a rich layered cake
tortellini	small stuffed pasta
tortilla	a flat round bread
tortious	relating to a civil wrong
tortoise	a slow land turtle
tortoiseshell	a mottled brown-yellow pattern
tortuous	full of twists and turns
torture	severe pain inflicted on purpose
tortured	made to suffer greatly
torturer	someone who inflicts suffering
torturing	inflicting severe pain
torturous	extremely painful
torus	a ring-shaped surface
tosh	nonsense
toss	a light throw
tosser	someone who throws something
tot	a young child
totaled	added up completely
totalitarian	ruling with absolute control
totalitarianism	total government control system
totality	the whole amount
totalled	added up completely
tote	to carry something
totem	a symbolic carved figure
totemic	symbolizing a group or identity
totter	to walk unsteadily
tottering	walking unsteadily
toucan	a large-beaked tropical bird
touchdown	a scoring play in football
touching	causing tender emotion
touchline	a sports field's sideline
touchscreen	a screen operated by touch
touchstone	a standard for judging quality
touchy	easily upset or offended
toughen	to make stronger
toughened	made stronger or harder
toughness	strength and durability
toupee	a bald-spot wig
tourer	a long-trip vehicle
tourism	traveling for pleasure
tourist	a person traveling for pleasure
touristy	full of tourists and attractions
tourmaline	a colorful gemstone
tourney	a tournament
tourniquet	a bleeding-stopping band
tousled	messily disordered, as hair
tout	to promote enthusiastically
tow	to pull a vehicle
towel	a cloth for drying
towering	extremely tall
towner	one from a particular town
townie	a local town resident
townsfolk	the people of a town
township	a small local government area
townspeople	a town's residents
towpath	a path along a canal
toxic	poisonous and harmful
toxicity	the degree of being poisonous
toxicological	relating to poison study
toxicologist	a scientist who studies poisons
toxicology	the study of poisons
toxin	a poisonous substance
toxoplasmosis	an infection from a parasite
toying	playing with something idly
trace	a very small amount
traceable	able to be tracked
tracer	something used to track movement
tracery	delicate ornamental patterns
trachea	the windpipe
tracheal	relating to the windpipe
tracheostomy	a windpipe surgical opening
tracheotomy	surgery to open the windpipe
tracing	a copied outline of something
tracked	followed or monitored
tracker	a following device or person
tracking	the act of following something
trackless	without any path or trail
tract	an area of land
tractable	easy to manage or control
traction	grip on a surface
tractive	relating to pulling force
tractor	an equipment-pulling farm vehicle
trad	traditional in style
tradecraft	skills used in spying
trademark	a symbol identifying a brand
trademarked	registered as a brand symbol
tradeoff	a balance between two things
trader	one who buys and sells
tradesman	a skilled trade worker
tradespeople	skilled workers in trades
traditionalism	favoring old customs
traditionalist	favoring old customs
traditionally	according to long-standing custom
trafficker	illegal goods dealer
tragedy	a very sad event
tragic	extremely sad or unfortunate
tragically	in a very sad way
trailblazer	a pioneer
trailhead	hiking trail start
trailing	following behind
trainee	a person being trained
traineeship	a period of job training
trainer	a coach
trait	a distinguishing quality
traitor	someone who betrays their side
traitorous	disloyal and betraying
trajectory	the path something follows
tram	a streetcar on rails
tramp	a homeless wanderer
trample	to crush by walking heavily
trampling	crushing underfoot
trampoline	a bouncy jumping surface
tramway	a track for a streetcar
trance	a dreamlike, unaware state
tranche	a portion of amount
tranquil	calm and peaceful
tranquility	calm and peace
tranquilizer	a drug that calms someone
tranquillity	calm and peace
transact	to conduct business
transaction	a business deal or exchange
transactions	business deals or exchanges
transatlantic	crossing the atlantic ocean
transcend	to go beyond ordinary limits
transcendence	going beyond limits
transcendent	going far beyond normal limits
transcendental	beyond ordinary experience
transcontinental	crossing an entire continent
transcribe	to write down speech
transcribed	written down from speech
transcriber	one who transcribes speech
transcript	a written copy of speech
transcriptase	a gene-copying enzyme
transcription	writing down speech
transdermal	absorbed through the skin
transducer	a device converting energy forms
transduction	converting energy or signals
transept	a church cross section
transexual	one who changed gender
transferable	movable or passable on
transferase	an enzyme that moves molecules
transferee	receiver of a transfer
transference	moving something elsewhere
transfiguration	a striking change in appearance
transfixed	frozen in wonder
transform	to change completely in form
transformation	a complete change in form
transformed	changed completely in form
transformer	device that changes electric voltage
transfusion	giving blood to someone
transgender	different gender identity than birth
transgendered	different gender identity than birth
transgress	to break a rule
transgression	a rule-breaking act
transience	briefness of duration
transient	lasting only a short time
transiently	for only a short time
transistor	small current-controlling device
transit	traveling across an area
transitional	between two stages
transitive	taking a direct object
transitory	lasting only a short time
translatable	able to be translated
translate	to put into another language
translational	relating to form change
translator	one who translates text
transliteration	writing in another alphabet
translocation	moving to another place
translucent	letting light pass through partly
transmigration	soul moving to another body
transmissible	able to be passed on
transmit	to send along
transmittal	act of sending along
transmittance	light passed through
transmitted	sent out or passed along
transmitter	device that sends out signals
transmitting	the sending out of signals
transmutation	change into another form
transmute	to change form
transnational	crossing several countries
transom	small window above door
transparency	easy to see through
transparent	easy to see through
transparently	in a clear, open way
transphobic	showing hatred toward transgender people
transpiration	plants releasing water vapor
transpire	to happen or become known
transplant	a moved organ
transplantation	moving an organ over
transplanting	moving a plant
transponder	signal receiver and sender
transportable	able to be moved
transporter	a vehicle that carries goods
transpose	to switch order
transposed	switched in order or position
transposition	a switch in order
transsexual	changed from one sex
transshipment	transferring cargo between vessels partway
transubstantiation	bread becoming sacred body
transversal	a crossing line
transverse	lying crosswise
transversely	in a crosswise direction
transvestite	dresses as other gender
trapeze	a swinging bar for acrobats
trapezoid	four-sided one-parallel shape
trapezoidal	shaped like a trapezoid
trapped	caught with no way out
trapper	fur-animal catcher
trapping	catching an animal
trappings	outward signs of something
trashy	cheap and of poor quality
trauma	a deeply distressing experience
traumatic	causing great emotional distress
traumatize	to cause lasting emotional distress
travail	painful or laborious effort
traveled	widely journeyed
traveler	one who journeys
traveling	journeying from place to place
travelled	widely journeyed
traveller	one who journeys
travelling	journeying from place to place
travelogue	a journey talk or film
traversal	the act of crossing something
traverse	a route crossing an area
travesty	a shameful mockery
trawl	a dragged fishing net
trawler	net-dragging fishing boat
tray	a flat carrying surface
treacherous	dangerously unreliable or disloyal
treacherously	in a disloyal, dangerous way
treachery	betrayal of trust
treacle	a thick, sweet syrup
tread	sound of walking
treadmill	walking exercise machine
treason	betrayal of one's country
treasonous	involving betrayal of one's country
treasure	valuable items kept safe
treasured	deeply valued and cherished
treasurer	money manager
treasury	place funds are kept
treatise	detailed written work
treble	high in musical pitch
trebuchet	ancient stone-hurling device
treeless	having no trees
treetop	a tree's top branches
trefoil	a plant with three-part leaves
trek	a long, difficult journey
trekker	long-hike goer
trellis	a frame for climbing plants
tremble	fear-caused shaking
trembles	shaking from fear
trembling	shaking slightly, often from fear
tremendous	very great
tremendously	to a very great degree
tremolo	a wavering musical sound
tremor	a slight shaking movement
tremulous	shaking slightly, often from fear
trench	a long, narrow ditch
trenchant	sharply forceful and effective
trendy	currently fashionable
trepidation	fear about something
trespass	entering property without permission
trespasser	person who enters property unlawfully
trespassing	entering land without permission
tress	a lock of hair
trestle	a framework supporting a structure
trey	the number three
triad	a group of three
triage	sorting patients by urgency
triangle	a shape with three sides
triangular	shaped like a three-sided figure
triangulate	locate using three points
triangulation	locating via three points
tribal	relating to a tribe
tribalism	loyalty to one's group
tribe	a group with shared customs
tribesman	male tribe member
tribulation	great trouble or suffering
tribunal	a court that judges disputes
tribune	a people's champion
tributary	feeding into a larger river
tribute	something given to show respect
trice	a very short moment
triceps	back-of-arm muscle
triceratops	a large horned dinosaur
trickery	deceptive or cheating behavior
trickle	a slow liquid flow
trickster	a playful deceiver
tricky	hard to handle
tricolor	having three colors
tricolour	a flag with three colors
tricuspid	having three points or cusps
tricycle	a three-wheeled vehicle
tricyclic	three connected rings
trident	a spear with three prongs
triennial	happening every three years
trier	one who tries hard
trifle	something unimportant
trifling	of very little importance
trig	neat and tidy
trigeminal	a major facial nerve
trigger	an action-starting device
triglyceride	blood fat type
trigonometric	relating to triangle angle calculations
trigonometry	math of triangles
trike	a three-wheeled vehicle
trilateral	involving three parties
trilby	a soft felt hat
trilingual	able to speak three languages
trill	rapid note alternation
trillion	a thousand billion
trillium	three-petaled woodland flower
trilobite	extinct segmented sea creature
trilogy	set of three works
trim	neat and slender
trimester	a period of three months
trimmed	cut neatly to shape
trimmer	a neat-cutting tool
trimming	cutting something neat
trimmings	extra decorative additions
trine	an astrological alignment of planets
trinity	group of three linked things
trinket	a small, cheap ornament
trio	a group of three
triode	three-part vacuum tube
trioxide	compound with three oxygens
tripartite	involving three parts or parties
tripe	cattle stomach lining
triplet	one of three born together
triplex	having three parts or layers
triplicate	three identical copies
tripling	becoming three times as much
tripod	a three-legged stand
tripoli	a fine abrasive powder
tripos	cambridge honors exam
tripper	short-trip taker
tripping	stumbling or catching one's foot
triptych	three-panel picture
trisomy	extra chromosome
trite	overused and lacking originality
tritium	a radioactive form of hydrogen
triton	a moon of neptune
triumph	a great victory or success
triumphal	celebrating a great victory
triumphant	feeling or showing great success
triumphantly	showing great success
triumvirate	three powerful leaders
triune	being three in one
trivia	unimportant facts or details
trivial	of little importance
triviality	something of little importance
trivialize	to make seem unimportant
trivially	easily or unimportantly
trivium	three basic medieval subjects
troika	three working together
trojan	disguised harmful software
troll	someone who provokes others online
trolley	small rail vehicle
trolleybus	wire-powered electric bus
trolling	provoking people online for reaction
trombone	sliding brass instrument
trombonist	trombone player
troop	a group of soldiers
trooper	a soldier or police officer
trope	a common recurring theme
trophic	relating to feeding and nutrition
trophy	an award for winning
tropic	near the equator
tropical	hot and humid region
tropics	hot equator regions
troposphere	earth's lowest atmosphere layer
trot	a moderate running pace
troth	a solemn pledge of loyalty
trotter	a pig's foot
troubadour	a medieval traveling poet-musician
troubled	worried or distressed
troublemaker	a person who causes problems
troubleshoot	to fix a problem
troubleshooter	a person who solves problems
troublesome	causing difficulty or annoyance
troubling	causing worry or concern
trough	long animal feed container
trounce	to defeat decisively
trouncing	a decisive defeat
troupe	a group of performers
trouser	relating to leg-covering clothing
trousers	leg-covering garment
trousseau	bride's gathered belongings
trout	a freshwater fish
trove	a valuable collection of things
trowel	small digging tool
troy	precious metal weight system
truancy	skipping school without permission
truant	absent from school without permission
truce	an agreement to stop fighting
trucker	truck driver
trucking	transporting goods by truck
truculent	fierce and eager to fight
trudge	a slow, heavy walk
truffle	a prized underground fungus
truism	an obvious truth
trumpet	bright brass instrument
trumpeter	trumpet player
trumpets	bright brass instruments
trumping	beating or outdoing something
truncate	cut short
truncated	cut shorter
truncation	act of cutting short
truncheon	police club
trundle	to move slowly and heavily
trunk	main tree stem
trunks	short pants worn for swimming
truss	roof or bridge support
trussed	tied up tightly
trusted	relied on as honest
trustee	property manager for others
trusteeship	role managing for others
trustful	quick to trust
trusting	willing to rely on others
trustworthiness	being reliable and honest
trustworthy	reliable and honest
trusty	dependable and reliable
truthful	honest and accurate
truthfully	honestly and accurately
truthfulness	the quality of being honest
tryout	an ability trial
trypsin	protein-breaking enzyme
tryptophan	protein amino acid
tryst	a secret meeting between lovers
tsar	a former emperor of Russia
tsarist	relating to Russian imperial rule
tsetse	disease-spreading african fly
tsk	disapproval sound
tsunami	a huge, destructive ocean wave
tsundere	cold-then-warm character
tub	large water container
tuba	a large, low-pitched brass instrument
tubal	relating to a bodily tube
tubby	short and somewhat fat
tubed	fitted with a tube
tubeless	made without an inner tube
tuber	an underground plant food-storage part
tubercle	small rounded swelling
tuberculosis	a serious infectious lung disease
tuberous	having thick underground stems
tubing	a set of connected pipes
tubular	shaped like a tube
tubule	a very small tube
tuck	a fold sewn into fabric
tucked	neatly pushed into place
tucker	food, especially in casual speech
tufa	mineral-spring porous rock
tuff	rock formed from volcanic ash
tuft	small hair clump
tufted	having a small clump
tug	a strong, sudden pull
tugboat	ship-towing small boat
tuition	teaching fee
tulip	cup-shaped spring flower
tulle	a fine netted fabric
tum	an informal word for stomach
tumble	a sudden, awkward fall
tumbler	a flat-bottomed drinking glass
tumbleweed	wind-blown dry plant
tumbling	falling or rolling suddenly
tummy	an informal word for stomach
tumor	an abnormal growth of tissue
tumour	an abnormal growth of tissue
tumult	a loud, confused disturbance
tumultuous	noisy, chaotic, and disorderly
tun	a large cask for liquid
tuna	a large edible ocean fish
tundra	a cold, treeless arctic plain
tune	pleasant musical notes
tuneful	pleasant sounding
tuner	radio-adjusting device
tung	oil-seed tree
tungsten	a hard, dense metallic element
tunic	knee-length loose garment
tunica	a layer of bodily tissue
tuning	adjusting something to work correctly
tunnel	an underground passage
tup	a male sheep
tupelo	sour-fruited swamp tree
tuppence	old two-pence coin
turban	wound-cloth head covering
turbid	cloudy from stirred-up sediment
turbidity	cloudiness from stirred-up particles
turbine	flow-powered machine
turbofan	large-fan jet engine
turbojet	fanless jet engine
turboprop	propeller-driving engine
turbot	a large flatfish
turbulence	violent irregular movement
turbulent	violently disturbed or disorderly
turd	a piece of solid waste
turf	grass and soil layer
turgid	swollen and overly full
turmeric	yellow root spice
turmoil	a state of great confusion
turnabout	a complete reversal of position
turnaround	a complete improvement
turnbuckle	a device for tightening cables
turncoat	a group betrayer
turner	a tool for flipping food
turnip	a round root vegetable
turnkey	ready to use immediately
turnoff	a side road branching off
turnout	number of attendees
turnover	rate of change or sales
turnpike	a toll road
turnstile	one-at-a-time gate
turntable	record-playing platform
turpentine	solvent liquid
turpitude	shameful, wicked behavior
turquoise	a blue-green color or gemstone
turret	small building tower
turtle	hard-shelled slow reptile
turtleneck	high-collar sweater
tush	a playful word for buttocks
tusk	long pointed animal tooth
tussle	a rough scuffle or fight
tussock	a clump of grass
tut	mild disapproval sound
tutelage	teacher's guidance
tutor	a private teacher
tutorial	giving instruction or guidance
tutu	a short ballet skirt
tux	a formal men's suit
tuxedo	a formal men's suit
twaddle	silly, trivial talk
twain	an old word for two
twang	a sharp, ringing sound
twat	a vulgar insult
tweak	a small adjustment
twee	overly sweet or sentimental
tweed	a rough woolen fabric
tweedy	made of rough woolen fabric
tweet	a short message posted online
tweeter	high-sound small speaker
twelfth	next after eleventh
twenties	ages twenty to twenty-nine
twentieth	number twenty in order
twerk	to dance with hip thrusts
twerp	a silly annoying person
twiddle	an idle fiddling motion
twig	a small thin branch
twiggy	thin like small branches
twilight	dim, just before dark
twill	fabric with diagonal ridges
twine	strong thin string
twinge	a sudden sharp feeling
twinkle	a brief sparkle of light
twinkling	sparkling with light
twinned	paired closely together
twinning	forming a matched pair
twins	two children born together
twirl	a quick spinning motion
twist	a turning or bending motion
twisted	bent out of shape
twister	a spinning windstorm
twisting	turning around and around
twisty	full of curves and turns
twit	a foolish person
twitch	a sudden small jerky movement
twitching	small sudden jerky movements
twitterverse	social media chatter world
twofold	two times as much
twosome	a pair of two people
tycoon	a rich powerful businessperson
tying	fastening with a knot
tyke	a small mischievous child
tympanic	relating to the eardrum
tympanum	the eardrum
typecast	always cast the same role
typeface	a style of printed letters
typescript	a typed copy of text
typeset	to arrange text for printing
typewriter	a machine for typing letters
typhoid	a serious bacterial fever illness
typhoon	a violent tropical storm
typhus	a serious infectious fever disease
typify	be a typical example
typing	entering text on a keyboard
typist	one who types for work
typo	a small typing mistake
typographic	relating to printed lettering
typographical	relating to printed lettering
typography	the style of printed text
typology	a classification into types
tyrannical	cruel and controlling
tyrannosaurus	a huge meat-eating dinosaur
tyranny	cruel and unjust rule
tyrant	a cruel unjust ruler
tyre	a rubber wheel covering
tyro	a complete beginner
tyrolean	relating to a mountain region
tyrosine	a building block of proteins
ubiquitous	present everywhere
ubiquity	the state of being everywhere
udder	an animal's milk-producing organ
ugliness	the quality of being unattractive
uke	a small four-stringed guitar
ukulele	a small four-stringed guitar
ulama	a group of muslim scholars
ulcer	an open body sore
ulceration	the forming of open sores
ulcerative	causing open sores
ulema	a group of muslim scholars
ulna	a bone in the forearm
ulnar	relating to the forearm bone
ulster	a long heavy overcoat
ult	of last month
ulterior	hidden and often selfish
ultima	word's last syllable
ultimatum	a final firm demand
ultimo	of the previous month
ultra	extreme or excessive
ultramarine	deep vivid blue
ultrasonic	beyond human hearing range
ultrasonography	imaging using sound waves
ultrasound	imaging using sound waves
ultraviolet	invisible light beyond violet
umber	a brownish earthy color
umbilical	relating to the navel
umbilicus	the navel
umbra	darkest shadow part
umbrage	a feeling of offense
umbrella	covering many things at once
umlaut	two dots over a letter
ump	a game judge
umpire	a game judging official
umpteen	very many, uncounted
umpteenth	latest in a long series
unabashed	openly bold, not embarrassed
unabashedly	openly and without shame
unabated	continuing without weakening
unabridged	not shortened, complete
unacceptable	not good enough to allow
unacceptably	too badly to allow
unaccompanied	without anyone else present
unaccountable	not able to be explained
unaccustomed	not used to something
unachievable	impossible to accomplish
unacknowledged	not admitted or recognized
unaddressed	not dealt with
unadjusted	not changed to fit
unadorned	plain, without decoration
unadulterated	pure, with nothing added
unaffected	not changed or influenced
unaffiliated	not officially connected
unafraid	not feeling fear
unai	a type of small bird
unaided	without any help
unalienable	unable to be taken away
unalloyed	pure, without mixture
unalterable	unable to be changed
unaltered	not changed at all
unambiguous	completely clear in meaning
unambiguously	in a clearly understood way
unambitious	lacking strong drive or goals
unanimity	complete agreement by everyone
unanimous	agreed on by everyone
unanimously	with everyone in agreement
unannounced	without any warning given
unanswerable	impossible to answer
unanswered	without a reply given
unanticipated	not expected beforehand
unapologetic	not sorry at all
unappealing	not attractive or tempting
unappetizing	not tempting to eat
unappreciated	not valued enough
unappreciative	not thankful for something
unapproachable	hard to talk to comfortably
unarmed	without a weapon
unashamed	not feeling any shame
unashamedly	without any shame at all
unasked	without being requested
unassailable	impossible to attack or doubt
unassigned	not given to anyone
unassisted	done without any help
unassuming	modest, not showing off
unattached	not connected or committed
unattainable	impossible to reach or get
unattended	left alone, without supervision
unattractive	not pleasing to look at
unauthorised	not officially permitted
unauthorized	not officially permitted
unavailability	not being available
unavailable	not able to be obtained
unavoidable	impossible to prevent
unavoidably	in a way that cannot be prevented
unaware	not knowing about something
unawares	by surprise, without warning
unbalance	a lack of steady balance
unbalanced	not steady or even
unbearable	too painful to endure
unbearably	to an unendurable degree
unbeatable	impossible to defeat
unbeaten	never having been defeated
unbecoming	not proper or fitting
unbeknown	without someone's knowledge
unbeknownst	without someone's knowledge
unbelief	a lack of religious faith
unbelievable	very hard to believe
unbelievably	to a startling degree
unbelieving	not willing to believe
unbending	firm and unwilling to change
unbiased	fair, without favoring a side
unbleached	not whitened by chemicals
unblemished	completely without flaw
unblinking	staring steadily, without blinking
unblock	to clear a blockage
unborn	not yet born
unbound	not tied or restrained
unbounded	having no limits
unbox	to remove from its packaging
unbranded	without a company label
unbreakable	impossible to break
unbridled	completely without restraint
unbroken	continuing without interruption
unburdened	freed from a heavy load
unburied	not put into a grave
unbutton	to undo the buttons of
unbuttoned	with buttons undone
uncannily	in a strangely eerie way
uncanny	strange in an eerie way
uncapped	with no lid on
uncaring	showing no concern for others
uncategorized	not sorted into a group
unceasing	never stopping
uncensored	not edited for content
unceremoniously	abruptly, without proper manners
uncertain	not sure or certain
uncertainly	in a hesitant, unsure way
uncertainty	a lack of sureness
unchained	freed from restraint
unchallenged	not questioned or opposed
unchangeable	unable to be altered
unchanged	staying exactly the same
unchanging	remaining always the same
uncharacteristic	not typical of someone
uncharacteristically	in an unusually different way
uncharged	not given an electric charge
uncharitable	unkind in judging others
uncharted	not yet explored or mapped
unchecked	not controlled or restrained
unchristian	not fitting christian values
uncivil	rude and impolite
uncivilised	lacking culture or manners
uncivilized	lacking culture or manners
unclaimed	not collected by an owner
unclassified	not officially sorted or secret
unclean	dirty or impure
unclear	not easy to understand
unclog	to remove a blockage from
unclothed	without any clothes on
uncluttered	tidy and free of mess
uncoated	without a protective layer
uncollected	not picked up yet
uncomfortable	causing physical or mental unease
uncomfortably	in an uneasy, awkward way
uncommitted	not firmly pledged to something
uncommon	not happening very often
uncommonly	unusually or rarely
uncompensated	not paid for work done
uncompetitive	unable to compete well
uncompleted	not finished
uncomplicated	simple and easy to understand
uncompromising	firm, unwilling to make concessions
unconcerned	not worried about something
unconditional	given with no restrictions
unconditionally	completely, with no restrictions
unconditioned	not shaped by training
unconfirmed	not yet proven true
unconnected	not linked to something else
unconquerable	impossible to defeat
unconquered	never having been defeated
unconscionable	shockingly unfair or wrong
unconscious	not awake or aware
unconsciously	without realizing it
unconsciousness	not being awake
unconsolidated	not made firm or solid
unconstitutional	against a country's basic laws
unconstitutionally	against basic laws
unconstrained	free from any limits
uncontaminated	free from harmful substances
uncontested	not challenged by anyone
uncontrollable	impossible to control
uncontrollably	unable to be stopped
uncontrolled	not kept in check
uncontroversial	unlikely to cause disagreement
unconventional	different from the usual way
unconverted	not changed into another form
unconvinced	not persuaded something is true
unconvincing	not persuasive
uncooked	not prepared by heating
uncool	not fashionable or impressive
uncooperative	unwilling to help
uncoordinated	clumsy in movement
uncorrected	not fixed or adjusted
uncorrelated	not related to each other
uncorrupted	not damaged or dishonest
uncounted	not included in a count
uncoupled	separated from something joined
uncouth	rude and lacking manners
uncover	to reveal something hidden
uncovered	with nothing covering it
uncovering	revealing something hidden
uncritical	not judging carefully
uncritically	without careful judgment
unction	a soothing, often insincere manner
unctuous	falsely sincere and flattering
uncultivated	not farmed or developed
uncultured	lacking refined manners or knowledge
uncut	not trimmed or shortened
undamaged	not harmed in any way
undated	without a date given
undaunted	not discouraged by difficulty
undecided	not yet chosen
undeclared	not officially stated
undefeated	never having lost
undefended	without protection or support
undefined	not clearly explained
undemanding	easy, requiring little effort
undemocratic	against fair, equal representation
undeniable	impossible to argue against
undeniably	impossible to doubt
underachiever	someone who does less than expected
underage	too young by law
underarm	beneath the arm
underbelly	the hidden, unpleasant side
underbrush	small plants under trees
undercarriage	the frame under a vehicle
underclass	the poorest social group
undercoat	a first layer of paint
undercover	working in secret disguise
undercurrent	a hidden feeling or trend
undercut	a lower rival price
underdeveloped	not fully grown or advanced
underdevelopment	lack of full growth
underdog	the one expected to lose
underemployed	working below one's ability
underestimate	too low a guess
underestimation	too low a judgment
underfoot	beneath one's feet
undergarment	clothing worn under other clothes
undergo	to experience something difficult
undergrad	a college student before graduating
undergraduate	a college student before graduating
undergrowth	plants growing under trees
underhand	sly and deceitful
underhanded	sly and deceitful
underlay	a layer placed underneath something
underlie	be the hidden cause
underline	a line drawn beneath text
underling	a person of lower rank
underlying	forming the hidden basis of
undermanned	lacking enough workers
undermine	to weaken gradually
underneath	below or under something
undernourished	not given enough food
underpants	underwear covering the hips
underpass	a road passing beneath another
underpayment	an amount paid too little
underperform	to do worse than expected
underpin	to support and strengthen
underprivileged	lacking normal social advantages
underrate	to value too little
underscore	a short line under text
undersea	beneath the ocean's surface
undersecretary	official below a secretary
undershirt	a light shirt worn underneath
underside	the bottom surface of something
undersized	smaller than the usual size
understaffed	not having enough workers
understandable	easy to make sense of
understandably	for reasons that make sense
understate	describe as less than
understated	subtle, not exaggerated
understatement	too modest a description
understeer	turning too little
understudy	an actor's replacement
undertake	commit to a task
undertaker	a person who arranges funerals
undertaking	a task taken on
undertone	a subtle underlying quality
undertow	pull beneath ocean waves
undervalue	to value something too low
underwater	below the surface of water
underway	already started and continuing
underwear	clothing worn under other clothes
underweight	weighing less than is healthy
underwood	small trees under larger ones
underworld	the world of organized crime
underwrite	agree to pay for
underwriter	someone who insures financial risk
undeserved	not earned or merited
undeserving	not worthy of something
undesirable	not wanted or liked
undesired	not wanted
undetectable	impossible to notice or find
undetected	not noticed or discovered
undetermined	not yet decided
undeterred	not discouraged from continuing
undeveloped	not yet built up
undiagnosed	not identified by a doctor
undies	underwear
undifferentiated	not divided into distinct types
undigested	not yet broken down
undignified	lacking self-respect or dignity
undiluted	not weakened by mixing
undiminished	not made smaller or weaker
undine	a mythical female water spirit
undirected	without clear guidance or purpose
undisciplined	lacking self-control
undisclosed	not made known publicly
undiscovered	not yet found
undisguised	shown openly, not hidden
undisputed	accepted by everyone as true
undistinguished	not notably good or special
undisturbed	left alone and unbothered
undivided	whole and completely focused
undo	to reverse an action
undocumented	without official papers
undoing	the cause of someone's downfall
undone	not finished or completed
undoubtedly	certainly, without any doubt
undress	partly clothed state
undressed	with clothes removed
undue	more than is reasonable
unduly	more than is reasonable
undying	lasting forever
unearned	not gained through effort
unearth	to dig up or discover
unearthly	strange, otherworldly
unease	worry or discomfort
uneasily	in a nervous, worried way
uneasiness	a feeling of nervous worry
uneasy	worried and uncomfortable
uneconomic	not profitable or worthwhile
uneconomical	wasteful of money or resources
unedited	not changed or corrected
uneducated	lacking schooling or knowledge
unemotional	not showing feelings
unemployable	unable to get hired
unemployed	without a job
unemployment	lack of a job
unencumbered	free of burdens
unending	never stopping
unenforceable	unable to be legally applied
unenlightened	lacking understanding or awareness
unenthusiastic	showing little interest
unenviable	not desirable at all
unequal	not the same in amount
unequaled	better than all others
unequalled	better than all others
unequally	in an uneven way
unequivocal	completely clear and certain
unequivocally	in a totally clear way
unerring	never making a mistake
unethical	morally wrong
uneven	not level or smooth
unevenly	in an unbalanced way
unevenness	lack of smoothness
uneventful	without anything unusual happening
unexceptional	quite ordinary
unexciting	dull and boring
unexpected	not thought likely to happen
unexpectedly	in a surprising way
unexpired	still valid
unexplainable	impossible to explain
unexplained	not given a reason
unexploded	not yet blown up
unexplored	not yet investigated
unexpressed	not said aloud
unfailing	always reliable
unfailingly	always and reliably
unfair	not right or just
unfairly	in an unjust way
unfairness	lack of justice
unfaithful	not loyal to a partner
unfamiliar	not known or recognized
unfamiliarity	lack of knowledge about something
unfashionable	out of style
unfastened	not tightly closed
unfathomable	impossible to understand
unfavorable	not helpful or supportive
unfavorably	in a negative way
unfavourable	not helpful or supportive
unfavourably	in a negative way
unfeasible	not possible to do
unfeeling	lacking sympathy
unfettered	free from restrictions
unfilled	not filled up
unfinished	not yet completed
unfit	not in good physical shape
unfixed	not repaired
unflappable	calm under pressure
unflattering	making someone look worse
unflinching	not backing away from fear
unfocused	lacking clear attention
unfold	to open out flat
unfolding	developing over time
unfollow	to stop following online
unforced	done naturally, not pushed
unforeseeable	impossible to predict
unforeseen	not expected in advance
unforgettable	impossible to forget
unforgivable	too bad to be excused
unforgiving	not willing to pardon
unformed	not yet fully developed
unfortunate	unlucky
unfounded	not based on facts
unframed	without a frame around it
unfree	lacking liberty
unfreeze	to make something movable again
unfriend	remove from social network
unfriendly	not kind or welcoming
unfrozen	no longer frozen
unfulfilled	not satisfied or achieved
unfunded	without financial support
unfunny	not amusing
unfurl	to spread open
unfurnished	without furniture
ungainly	clumsy and awkward
ungodly	morally wrong or shocking
ungovernable	impossible to control
ungrammatical	breaking grammar rules
ungrateful	not thankful
unguarded	not protected or careful
unguided	without direction or help
unhappily	in a sad way
unhappiness	a feeling of sadness
unhappy	feeling sad
unharmed	not hurt at all
unhealthy	bad for the body
unheard	never listened to
unheated	without warmth added
unheeded	ignored despite warning
unhelpful	not useful
unheralded	not given deserved recognition
unhindered	not blocked or slowed
unhinged	mentally unstable
unholy	morally shocking
unhook	to detach from a hook
unhurried	relaxed and slow
unhurt	not injured
unhygienic	not clean or healthy
unicameral	having one lawmaking body
unicellular	made of a single cell
unicorn	a mythical horned horse
unicycle	a one-wheeled bike
unidentifiable	impossible to recognize
unidentified	not known or named
unidirectional	moving in one direction only
unification	the act of joining together
unified	joined into one whole
uniformed	wearing an official outfit
uniformity	sameness throughout
uniformly	in the same way everywhere
unify	to bring together as one
unifying	bringing separate parts together
unilateral	done by only one side
unilaterally	by one party alone
unimaginable	impossible to picture
unimaginably	beyond what can be imagined
unimaginative	lacking creativity
unimpeachable	beyond doubt or blame
unimpeded	not slowed or blocked
unimportant	not significant
unimpressed	not admiring something
unimpressive	not remarkable
unimproved	not made better
unincorporated	not formally a company
uninfected	free of infection
uninformed	lacking knowledge of facts
uninhabitable	not fit to live in
uninhabited	with no residents
uninhibited	free and unrestrained
uninitiated	not yet experienced in something
uninjured	not hurt
uninspired	lacking creative energy
uninspiring	not exciting or motivating
uninsured	without insurance coverage
unintelligent	not smart
unintelligible	impossible to understand
unintended	not meant to happen
unintentional	not done on purpose
unintentionally	without meaning to
uninterested	not curious about something
uninteresting	boring
uninterrupted	continuing without a break
uninvited	not asked to attend
uninviting	not appealing
uninvolved	not taking part
unionism	support for labor unions
unionist	a supporter of labor unions
unionization	forming a labor union
unionize	organize into a union
unionized	organized into a labor union
unipolar	single center of power
uniquely	in a one-of-a-kind way
uniqueness	being one of a kind
unisex	suitable for either gender
unison	perfect agreement or harmony
unitary	forming a single whole
unite	to join together
uniting	the act of joining together
unity	the state of being one
universalism	belief ideas fit everyone
universalist	believing something applies to all
universality	the quality of applying everywhere
universally	by everyone, everywhere
unjust	not fair
unjustifiable	impossible to defend as right
unjustifiably	without good reason
unjustified	without a good reason
unjustly	in an unfair way
unkempt	messy and untidy
unkind	not nice to others
unknowable	impossible to know
unknowing	not aware of something
unknowingly	without realizing it
unlabeled	without a name tag
unlawful	against the law
unlawfully	breaking the law
unleaded	without added lead
unlearn	forget a habit on purpose
unlearned	not taught or educated
unleash	to release suddenly
unleavened	made without rising agent
unlicensed	without official permission
unlikable	hard to like
unlikeable	hard to like
unlimited	without any limit
unlined	without lines or a lining
unlisted	not on an official list
unlit	not lighted
unload	to remove a load from
unloaded	emptied of its load
unloading	removing a load
unlock	to open with a key
unlocked	not fastened shut
unlovable	hard to feel affection for
unloved	not cared for by anyone
unloving	showing no affection
unluckily	unfortunately
unlucky	having bad luck
unmade	not yet created or tidied
unmanageable	too hard to control
unmanly	not fitting typical male traits
unmanned	operated without a person aboard
unmarked	without any marks or labels
unmarried	not wed
unmask	to reveal someone's true identity
unmasking	revealing the truth
unmatched	better than any other
unmentionable	too embarrassing to discuss
unmistakable	impossible to confuse
unmistakably	clearly and without doubt
unmitigated	complete and total
unmixed	not blended with anything
unmodified	kept in its original form
unmolested	left undisturbed
unmotivated	lacking drive to act
unmoved	not emotionally affected
unmoving	staying completely still
unnamed	without a given name
unnatural	not normal or expected
unnaturally	in a strange, abnormal way
unnecessarily	without real need
unnecessary	not needed
unneeded	not required
unnerved	made anxious or shaken
unnerving	causing anxiety or unease
unnie	an older sister figure
unnoticeable	too small to notice
unnoticed	not observed by anyone
unnumbered	not given numbers
unobserved	not seen by anyone
unobstructed	with nothing blocking it
unobtainable	impossible to get
unobtrusive	not drawing attention
unobtrusively	without drawing attention
unoccupied	not lived in
unofficial	not formally approved
unofficially	without formal approval
unopened	not yet opened
unopposed	with no one against it
unordered	not arranged in sequence
unorganised	not well arranged
unorganized	not well arranged
unoriginal	copied from something else
unorthodox	different from usual methods
unpack	remove items from a container
unpaid	not yet given payment
unpainted	without paint applied
unpaired	without a matching partner
unpalatable	unpleasant to accept or taste
unparalleled	better than everything else
unpardonable	too bad to forgive
unpasteurized	not heat-treated for safety
unpatriotic	lacking love for one's country
unpaved	without a hard road surface
unperturbed	calm despite trouble
unplanned	not arranged beforehand
unplayable	impossible to play
unpleasant	not nice or enjoyable
unpleasantly	in a disagreeable way
unpleasantness	an unpleasant feeling or situation
unplug	to disconnect from power
unpolished	rough and not refined
unpopular	disliked by most people
unpopularity	lack of being liked
unpopulated	with no residents
unpowered	without a power source
unprecedented	never having happened before
unpredictability	being hard to predict
unpredictable	impossible to foresee
unpredictably	in a way hard to foresee
unprepared	not ready
unpretentious	simple and modest
unprincipled	lacking moral standards
unproblematic	causing no difficulties
unprocessed	in its natural, raw form
unproductive	not achieving much
unprofessional	not meeting proper work standards
unprofitable	not making money
unpromising	not likely to succeed
unprompted	done without being asked
unprotected	without safety measures
unproven	not shown to be true
unprovoked	not caused by any action
unpublished	not printed for the public
unpunished	not given a penalty
unqualified	lacking the right skills
unquenchable	impossible to satisfy
unquestionable	certainly true
unquestionably	without any doubt
unquestioned	accepted without doubt
unquestioning	accepting without doubt
unquestioningly	without ever doubting
unquiet	restless and uneasy
unranked	not given a rank
unravel	to come apart or undo
unreachable	impossible to contact
unread	not yet looked at
unreadable	impossible to read clearly
unready	not prepared
unreal	not actually existing
unrealistic	not practical or sensible
unrealistically	in an impractical way
unreality	a dreamlike, false quality
unrealized	not achieved yet
unreasonable	not sensible or fair
unreasonably	in an excessive way
unrecognisable	impossible to identify
unrecognised	not given proper credit
unrecognizable	impossible to identify
unrecognized	not given proper credit
unrecorded	not written down
unrecoverable	impossible to get back
unrefined	not purified or polished
unregistered	not officially recorded
unregulated	without official rules
unrelated	having no connection
unreleased	not yet made public
unrelenting	never letting up
unreliability	tendency to let down
unreliable	not able to be trusted
unremarkable	not particularly notable
unremitting	never stopping
unrepentant	showing no regret
unreported	not made publicly known
unrepresentative	not typical of the whole
unrequited	not returned in kind
unreserved	completely open and honest
unreservedly	completely and without holding back
unresolved	not yet settled
unresponsive	not reacting at all
unrest	widespread trouble or protest
unrestrained	not held back
unrestricted	with no limits
unrewarded	not given any recognition
unrighteous	morally wrong
unrighteousness	wicked or sinful behavior
unripe	not yet ready to eat
unrivaled	better than any competitor
unrivalled	better than any competitor
unroll	to open something rolled up
unromantic	lacking affection or charm
unruffled	calm and undisturbed
unruly	hard to control or manage
unsafe	likely to cause harm
unsaid	not spoken aloud
unsalted	without salt added
unsanctioned	not officially approved
unsanitary	dirty and unhealthy
unsatisfactory	not good enough
unsatisfied	not content with something
unsatisfying	failing to please
unsaturated	containing a certain fat
unsaved	not stored for later
unsavory	unpleasant or morally distasteful
unsavoury	unpleasant or morally distasteful
unscathed	completely unharmed
unscheduled	not planned in advance
unscientific	not based on proper method
unscramble	sort into correct order
unscrew	to remove by turning
unscripted	not planned out in advance
unscrupulous	willing to act dishonestly
unseal	to open something sealed
unsealed	no longer closed off
unseasonably	unusual for the time of year
unseasoned	without added flavoring
unseat	remove from power
unsecured	not firmly fixed in place
unsee	wish one hadn't seen
unseeded	without a competition ranking
unseemly	not proper or appropriate
unseen	not observed
unselfish	caring about others first
unsentimental	not swayed by emotion
unsettle	to make uneasy
unsettled	feeling uneasy or unresolved
unshakable	firm and unmovable
unshaven	with hair not shaved off
unsightly	unpleasant to look at
unsigned	without a signature
unsinkable	unable to be sunk
unskilled	lacking trained ability
unsociable	not enjoying company of others
unsold	not yet purchased
unsolicited	given without being asked for
unsolvable	impossible to solve
unsolved	not yet figured out
unsophisticated	simple and unrefined
unsound	not solid or reliable
unsparing	giving without holding back
unspeakable	too terrible to describe
unspeakably	too extreme for words
unspecific	not clearly stated
unspecified	not named or stated
unspectacular	not impressive
unspent	not yet used up
unspoiled	still in natural, good condition
unspoilt	still in natural, good condition
unspoken	not said out loud
unsportsmanlike	unfair in a contest
unstable	likely to change or fall
unstated	not openly said
unsteady	shaky and hard to balance
unstoppable	impossible to stop
unstressed	not given emphasis
unstructured	without clear organization
unstuck	freed from being stuck
unsubstantiated	not backed up by proof
unsuccessful	not achieving the desired result
unsuccessfully	without achieving the goal
unsuitable	not right for a purpose
unsuited	not a good match
unsullied	pure and unspoiled
unsung	not praised though deserving it
unsupervised	without anyone watching over
unsupported	without proof or backing
unsupportive	not helpful or encouraging
unsure	not certain
unsurpassed	better than all others
unsurprised	not shocked by something
unsurprising	expected and not shocking
unsuspected	not known or guessed at
unsuspecting	not aware of danger
unsweetened	without added sugar
unswerving	firm and unwavering
unsympathetic	not caring about others' feelings
untainted	not spoiled or corrupted
untalented	lacking skill or ability
untamed	wild and uncontrolled
untangle	sort out a tangle
untangled	no longer tangled
untangling	sorting out a tangle
untapped	not yet used
untaxed	not charged with tax
untenable	impossible to defend or maintain
untested	not yet tried out
untethered	not tied down or restrained
unthinkable	too shocking to imagine
unthinking	done without careful thought
untidy	messy and disorganized
untie	to loosen a knot
untied	no longer tied
untimely	at a wrong time
untiring	never getting tired
untitled	without a given name
untold	too great to count
untouchable	unable to be reached
untouched	not used or affected
untoward	unexpected and improper
untraceable	impossible to track down
untrained	without proper instruction
untreated	not given medical care
untried	not yet tested
untroubled	calm and worry-free
untrue	not true
untrustworthy	not able to be relied on
untruth	a false statement
untruthful	not telling the truth
unturned	not turned over
untying	loosening a knot
unusable	not able to be used
unused	not used before
unusually	not typically
unvaccinated	not given a vaccine
unvarnished	plain and honest
unveil	reveal for the first time
unveiled	made known for the first time
unveiling	revealing something new
unverifiable	impossible to confirm as true
unverified	not confirmed as true
unwanted	not desired
unwarranted	not justified or deserved
unwary	not alert to danger
unwashed	not cleaned
unwavering	steady and firm
unwed	not married
unwelcome	not wanted
unwell	sick
unwholesome	bad for health or morals
unwieldy	awkward to handle
unwilling	not wanting to do something
unwillingly	without wanting to
unwillingness	a reluctance to do something
unwind	to relax after being tense
unwise	not sensible
unwisely	in a foolish way
unwitting	unaware of one's actions
unwittingly	without realizing it
unworkable	not able to succeed
unworthy	not deserving something
unwrap	to remove the covering from
unwrapped	with the covering removed
unwritten	not put down in writing
unyielding	refusing to give in
unzip	to open a zipper
upbeat	cheerful and positive
upbringing	how a child is raised
upcountry	away from the coast, inland
updating	bringing current
updraft	a rising current of air
upend	to turn upside down
upended	turned upside down
upfield	toward the field's far end
upfront	honest and direct
upgrade	an improvement to something
upheaval	a sudden, big disruption
uphill	going up a slope
uphold	to support or maintain
upholstery	fabric covering on furniture
upkeep	the cost of maintaining something
upland	relating to higher ground
uplift	feeling of hope
uplifted	made to feel happier
uplifting	something that inspires happiness
uplink	signal sent to satellite
upload	send data to a system
upmarket	aimed at wealthy customers
upmost	highest in position
uppercase	written as capital letters
uppercut	an upward punch
uppermost	highest or most important
uppity	acting too proud or arrogant
upright	standing straight up
uprising	a rebellion against authority
upriver	toward a river's source
uproar	loud protest noise
uproarious	very loud and funny
uproot	pull out by the roots
upscale	expensive and high quality
upsetting	causing distress
upshot	the final result
upside	a good aspect of something
upsilon	a greek letter
upstage	toward stage back
upstairs	on a higher floor
upstanding	honest and respectable
upstart	newly successful and pushy
upstate	northern part of a state
upstream	against a river's flow
upsurge	a sudden increase
uptake	absorbing or adopting
uptick	a small increase
uptight	nervous and easily annoyed
uptime	time a system runs failure-free
uptown	upper part of a city
upturn	an improvement in conditions
upturned	turned so it faces upward
upvote	a vote of approval online
upward	moving toward a higher place
upwardly	in a rising direction
upwards	toward a higher place
upwind	facing into the wind
uranium	a radioactive metal element
urbane	polished and sophisticated in manner
urbanisation	the growth of cities
urbanised	turned into a city area
urbanization	the growth of cities
urbanized	turned into a city area
urchin	a poor, ragged child
urea	a waste substance in urine
ureter	tube to the bladder
urethane	a type of synthetic material
urethra	tube carrying urine out
urethral	relating to the urethra
urge	a strong desire
urgency	the need for quick action
urgent	needing immediate attention
urgently	needing quick action
urging	strong encouragement to do something
uric	relating to urine
urinal	men's urinate fixture
urinalysis	a test of urine
urinary	relating to urine
urinate	release urine
urination	the release of urine
urine	waste liquid from the body
urn	a decorative container
urologist	a doctor for urinary problems
urology	study of urinary system
urticaria	an itchy skin rash
usability	ease of using
usable	able to be used
usage	the way something is used
useable	able to be used
usefully	in a helpful way
usefulness	the quality of being helpful
useless	not helpful or effective
uselessly	with no effect
uselessness	being no help at all
usher	seat-guiding person
usurp	to seize power unlawfully
usurpation	the unlawful seizing of power
usurper	someone who seizes power unlawfully
usury	charging unfairly high interest
utensil	an eating or cooking tool
uterine	relating to the womb
uterus	the womb
utilisation	the use of something
utilise	to make use of
utilised	made use of
utilitarian	practical rather than beautiful
utilitarianism	best action helps most people
utility	useful and practical
utilization	the use of something
utilize	to make use of
utilized	made use of
utmost	the greatest possible
utopia	an imagined perfect place
utopian	relating to an ideal world
utter	complete and total
utterance	something that is said
uttered	spoken aloud
utterly	completely
uttermost	the greatest possible
uveitis	inflammation inside the eye
vac	a vacation
vacancy	an unfilled job or room
vacant	empty and unoccupied
vacate	to leave a place empty
vacationing	taking a holiday trip
vacay	a short vacation
vaccinate	to give a protective injection
vaccinated	given a protective injection
vaccinating	giving a protective injection
vaccination	a shot that prevents disease
vaccine	a substance that prevents disease
vacillating	unable to decide, wavering
vacuous	empty of thought or meaning
vacuum	space empty of matter
vagabond	wandering with no fixed home
vagal	relating to the vagus nerve
vagina	the female reproductive canal
vaginal	relating to the vagina
vagrancy	having no home
vagrant	homeless and wandering
vague	not clearly stated
vaguely	in an unclear way
vagueness	lack of clarity
vagus	a major body nerve
vain	too proud of one's looks
vainglory	excessive pride in oneself
vainly	without success
valance	a decorative strip of fabric
vale	a valley
valedictorian	the top student at graduation
valedictory	relating to a farewell speech
valence	an atom's combining power
valentine	a love card or gift
valerian	calming herb plant
valet	car parker or gentleman's servant
valiant	brave and determined
valiantly	in a brave way
validate	to confirm something is true
validated	confirmed as true
validating	confirming something is true
validation	confirmation that something is true
validity	being true or sound
validly	in a correct, sound way
valine	a building block of protein
valise	a small suitcase
valor	great courage
valorous	very brave
valour	great courage
valuation	an estimate of worth
valued	thought highly of
valueless	worth nothing
valuer	a person who estimates worth
valve	a device controlling flow
valvular	relating to a valve
vamp	shoe's front upper part
vampire	a mythical blood-drinking creature
vampirism	being vampire-like
vanadium	a hard gray metal element
vancomycin	an antibiotic drug
vanda	a type of orchid
vandal	deliberate property damager
vandalism	deliberate destruction of property
vandalize	to deliberately damage property
vandyke	a pointed beard style
vane	wind direction device
vanguard	a movement's leading group
vanilla	plain or ordinary
vanish	to disappear suddenly
vanished	disappeared suddenly
vanishing	the act of disappearing
vanishingly	to an extremely small degree
vanity	excessive pride in oneself
vanquish	to defeat completely
vantage	a clear-view position
vape	an electronic smoking device
vapid	dull and uninteresting
vaping	using an electronic smoking device
vapor	tiny air-borne liquid drops
vaporization	change from liquid to gas
vaporize	to turn into vapor
vaporized	turned into vapor
vaporizer	liquid-to-vapor device
vapors	tiny liquid drops in air
vapour	tiny liquid drops in air
vapours	tiny liquid drops in air
var	a variable quantity
vara	an old unit of length
variability	the tendency to change
variable	likely to change
variably	in a changing way
variance	the amount something differs
variant	slightly different from others
variation	a change or difference
varicella	chickenpox
varicose	swollen and twisted, of veins
varied	having many different kinds
variegated	marked with different colors
varietal	single-grape wine
variously	in different ways
varmint	a troublesome wild animal
varna	a hindu social class
varnish	a clear protective coating
varnished	coated with protective layer
varsity	a school's top sports team
varus	an inward bending deformity
vary	to change or differ
varying	changing from one to another
vas	a body fluid duct
vascular	relating to blood vessels
vasculitis	inflammation of blood vessels
vase	a container for flowers
vasectomy	surgery preventing male fertility
vasoconstriction	the narrowing of blood vessels
vasodilation	the widening of blood vessels
vasopressin	water-balance hormone
vassal	a person under another's power
vastly	to a very great degree
vastness	the quality of being huge
vat	a large container for liquid
vaudeville	a variety stage show
vault	a secure storage room
vaulted	arched, like a ceiling
vaulter	a pole jumper
vaulting	arched in shape
veal	meat from a young calf
vector	a directed quantity
veer	to suddenly change direction
veering	changing direction
veg	vegetables
vegan	avoiding all animal products
vegetable	a plant eaten as food
vegetal	relating to plants
vegetarian	avoiding meat
vegetarianism	the practice of avoiding meat
vegetation	plant life in an area
vegetative	relating to plant growth
veggie	a vegetable
vehemence	forceful intensity of feeling
vehement	showing strong feeling
vehemently	with strong feeling
vehicular	relating to vehicles
veil	face-covering fabric
veiled	partly hidden or disguised
veiling	covering with a veil
vein	blood vessel to heart
veined	marked with thin lines
velar	relating to mouth's back
velcro	fasten with hook-and-loop
veld	open grassland in southern Africa
vellum	animal-skin parchment
velociraptor	a small fast dinosaur
velocity	speed in a given direction
velodrome	a track for cycle racing
velour	a soft plush fabric
velvet	a soft, thick fabric
velveteen	a cotton fabric like velvet
velvety	soft and smooth like velvet
vena	a vein
venal	dishonest for money
vend	to sell
vendetta	a long, bitter feud
vending	selling goods, often by machine
vendor	a person who sells something
veneer	a thin decorative surface layer
venerable	deserving age-based respect
venerate	to regard with deep respect
veneration	deep respect
venereal	relating to sexual disease
vengeance	punishment for a wrong
vengeful	seeking revenge
venison	meat from a deer
venom	poison from an animal
venomous	full of poison
venous	relating to veins
vent	an air-escape opening
vented	released through an opening
venter	the belly area
ventilate	to let fresh air in
ventilated	supplied with fresh air
ventilation	fresh air flow
ventilator	a machine helping breathing
venting	letting out air or feelings
ventral	on the underside
ventrally	on the underside
ventricle	a heart chamber
ventricular	relating to a heart chamber
ventriloquism	voice-throwing trick
ventriloquist	one who throws their voice
venture	a risky undertaking
venturi	a narrowed tube part
venue	the place an event happens
veracity	truthfulness
veranda	a covered porch
verandah	a covered porch
verb	an action word
verbal	spoken rather than written
verbalize	to put into words
verbally	by speaking
verbatim	word for word
verbena	a flowering garden plant
verbiage	excessive wordy language
verbose	using too many words
verboten	forbidden
verdant	green with plants
verdict	a jury's decision
verge	the edge of something
verger	a church official
verifiable	able to be checked
verification	the act of checking truth
verified	confirmed as true
verifier	one who checks truth
verify	to check something is true
verifying	confirming something is true
verily	truly
verisimilitude	the appearance of being real
veritable	truly deserving the name
verity	a true statement
vermicelli	thin pasta noodles
vermiculite	soil-mix mineral
vermilion	bright orange-red
vermillion	bright orange-red
vermin	pest animals
vermouth	a flavored wine
vernacular	everyday common language
vernal	relating to spring
vernier	a small precise measuring scale
veronica	a small flowering plant
versatile	able to do many things
versatility	ability to do many things
verse	a line of poetry
versed	very knowledgeable about something
verso	the left-hand page
vertebra	a bone in the spine
vertebral	relating to the spine
vertebrate	having a backbone
vertex	the highest or meeting point
vertical	straight up and down
vertically	up and down
vertiginous	causing dizziness
vertigo	a dizzy spinning feeling
vertu	skill in fine arts
verve	lively energy and enthusiasm
vesicle	a small fluid-filled sac
vesicular	full of small sacs
vesper	an evening prayer service
vespers	evening prayers
vessel	a ship or container
vest	a sleeveless garment
vestal	pure and chaste
vested	legally guaranteed or secured
vestibular	relating to balance sensing
vestibule	a small entrance hall
vestige	a small remaining trace
vestigial	remaining but no longer useful
vestry	a church storage room
vet	an animal doctor
vetch	a climbing farm plant
veteran	experienced from long service
veterinarian	an animal doctor
veterinary	relating to animal medicine
veto	a rejection power
vex	to annoy or worry
vexatious	annoying and troublesome
vexed	annoyed or troubled
vexing	annoying
viability	the ability to work successfully
viable	able to work successfully
viaduct	long valley bridge
vial	a small bottle
vibe	a general feeling
vibes	a general feeling
vibrancy	bright lively energy
vibrant	bright and full of energy
vibrate	to shake rapidly
vibration	a rapid shaking motion
vibrational	relating to rapid shaking
vibrato	a wavering musical tone
vibrator	a device that shakes
vibratory	causing rapid shaking
vibrio	a curved bacteria type
vicar	a church minister
vicarage	a vicar's house
vicarious	felt through another's experience
vicariously	through another's experience
viceroy	a king's ruling deputy
vicinity	the surrounding area
vicious	cruel and violent
viciously	in a cruel violent way
viciousness	cruelty and violence
victimisation	unfair harsh treatment
victimised	treated unfairly and harshly
victimization	unfair harsh treatment
victimize	to treat unfairly and cruelly
victimized	treated unfairly and cruelly
victor	the winner
victorian	from a past formal era
victorious	having won
victoriously	in a winning way
victuals	food supplies
videotape	a recorded video tape
vie	to compete for something
viewable	able to be seen
viewer	a person watching
viewers	people watching
viewfinder	a camera sighting window
viewing	an act of looking at
viewpoint	a personal opinion
vigil	a watchful waiting period
vigilance	careful watchfulness
vigilant	watchful and alert
vigilante	a self-appointed enforcer
vigilantism	acting as an unofficial enforcer
vignette	a short descriptive scene
vigor	strength and energy
vigorous	full of energy and strength
vigorously	with great energy
vigour	strength and energy
vii	the number seven
viii	the number eight
vile	very unpleasant and disgusting
vilification	harsh public criticism
vilify	to speak badly of someone
villa	a large comfortable house
villager	a person from a village
villain	an evil wrongdoer
villainous	evil and wicked
villainy	wicked behavior
vim	lively energy
vinaigrette	an oil and vinegar dressing
vindicate	to clear of blame
vindicated	proven right or innocent
vindication	proof of being right
vindicator	one who clears another's name
vindictive	seeking revenge
vindictiveness	a desire for revenge
vine	a climbing plant
vinegar	sour cooking liquid
vineyard	a field of grapevines
vinifera	a grape species for wine
vino	wine
vintage	from a notable earlier time
vintner	a wine seller
vinyl	a flexible plastic material
viol	an old stringed instrument
viola	violin-like instrument
violate	to break a rule
violated	had a rule broken
violation	a breaking of a rule
violator	one who breaks a rule
violently	with great force
violet	bluish purple
violin	a small stringed instrument
violinist	a violin player
violoncello	a large stringed instrument
viper	a poisonous snake
virago	a fierce, aggressive woman
viral	spreading quickly online
virginal	pure and untouched
virginity	never having had sex
virile	strong and manly
virility	manly strength and vigor
virion	a complete virus particle
virologist	a virus scientist
virology	the study of viruses
virtually	almost completely
virtue	a good moral quality
virtuosity	great skill in an art
virtuoso	extremely skilled
virtuous	morally good
virulence	the harmfulness of a disease
virulent	extremely harmful or hostile
virulently	in a harshly hostile way
visa	a travel entry permit
visage	a person's face
viscera	the internal organs
visceral	felt deep inside emotionally
viscerally	in a deep gut-felt way
viscoelastic	both stretchy and thick-flowing
viscose	a soft synthetic fabric
viscosity	thickness of a liquid
viscount	a noble rank
viscous	thick and slow-flowing
vise	a clamping tool
visibility	how well things are seen
visibly	in a seen way
visionary	having original creative ideas
visitation	an official visit
visitor	a person who visits
visor	a brim shielding the eyes
vista	a wide scenic view
visualisation	a mental picture
visualise	to picture in the mind
visualised	pictured in the mind
visualization	a mental picture
visualize	to picture in the mind
visualized	pictured in the mind
visually	in terms of appearance
vitality	energetic life force
vitally	in a crucially important way
vitals	essential body organs
vitamin	a nutrient needed for health
viticulture	the growing of grapes
vitiligo	pale-patch skin condition
vitreous	glass-like
vitrified	turned into glass
vitriol	bitter harsh criticism
vitriolic	bitterly harsh
viva	an oral exam
vivacious	lively and cheerful
vivacity	lively cheerfulness
vivid	very bright and clear
vividly	very clearly bright
vividness	brightness and clarity
vivisection	live-animal research surgery
vixen	a female fox
vizier	a high government official
vlog	a video diary online
vlogger	video diary poster
vocabulary	the words a person knows
vocal	spoken or sung aloud
vocalist	a singer
vocalization	a spoken or sung sound
vocalize	express by speaking
vocalizing	singing or speaking sounds
vocally	by speaking or singing out
vocation	a chosen calling or career
vocational	relating to job training
vociferous	loud and forceful in opinion
vociferously	in a loud forceful way
vodka	a strong clear spirit
vogue	current popular fashion
voiced	spoken aloud
voiceless	without a voice
voicemail	a recorded phone message
voicing	expressing an opinion aloud
void	completely empty
voiding	making something invalid
voile	a light sheer fabric
volatile	likely to change suddenly
volatility	tendency to change suddenly
volcanic	relating to a volcano
volcanism	volcanic activity
volcano	a mountain that erupts lava
vole	a small mouse-like rodent
volition	one's own free will
volley	a burst fired at once
volleyball	a team ball sport
volt	a unit of electricity
voltage	the force of electricity
voltaic	relating to electric current
voltmeter	a device measuring voltage
voluble	talking fast and easily
volumetric	relating to measured volume
voluminous	very large
voluntarily	by free choice
voluntary	done by free choice
volunteer	offering to help freely
voluptuous	having a full curvy figure
vomit	stomach contents thrown up
vomiting	throwing up stomach contents
voodoo	magic ritual folk religion
voracious	eager and hungry for more
voraciously	with great greedy eagerness
vortex	a spinning whirl of fluid
voter	one who casts a vote
votive	offered to fulfill a vow
vouch	to guarantee someone's honesty
voucher	a paper redeemable for goods
vow	a solemn promise
vowel	a non-consonant speech sound letter
vox	the human voice
voyage	a long journey
voyager	a long-trip traveler
voyeur	someone who secretly watches others
voyeurism	secretly watching others for pleasure
voyeuristic	relating to secretly watching others
vroom	revving engine sound
vulcanized	hardened by heat treatment
vulgar	crude and rude
vulgarity	crude, rude behavior
vulnerability	being easily harmed
vulnerable	easily hurt or harmed
vulture	dead-animal-eating bird
vulva	the outer female genitals
wacko	a crazy person
wacky	funny and odd
wad	a compact bundle
wadding	soft stuffing material
waddle	a clumsy swaying walk
wade	to walk through water
waders	tall waterproof boots
wadi	a dry desert stream bed
wading	walking through water
wads	compact bundles
wafer	a thin crisp biscuit
waffle	a grid-patterned breakfast cake
waft	a gentle drifting smell
wag	a joking, witty person
wager	a bet
wages	money paid for work
waggle	a wobbly shaking movement
waggon	a wheeled cart
waggoner	a cart driver
wagon	a four-wheeled cart
wagoner	a cart driver
wagtail	a small long-tailed bird
wahoo	a large fast ocean fish
wai	a Thai greeting gesture
waif	a thin, homeless person
waifu	a beloved fictional female character
wail	a long sorrowful cry
wailing	crying out in sorrow
wain	a farm wagon
wainscoting	wood paneling on a wall
wainwright	a wagon maker
waist	body's middle part
waistband	the band around the waist
waistcoat	a sleeveless buttoned vest
waistline	the measure around the waist
waiter	a man who serves food
waitress	a woman who serves food
waive	give up a right
waiver	a right-giving-up document
wakefulness	the state of being awake
waken	to wake up
waker	one who wakes others
waking	being awake
wale	a ridge in fabric
walkabout	a long informal wandering trip
walkout	a sudden protest departure
walkover	an easy effortless win
walkway	a path for walking
wallaby	a small kangaroo-like animal
wallah	one doing a specific job
wallet	a small case for money
walleye	a freshwater fish
wallflower	a shy party person
wallop	a hard hit
wallow	to roll around in mud
wallpaper	decorative paper for walls
wally	a foolish person
walnut	a wrinkled edible nut
walrus	a large tusked sea mammal
waltz	a graceful ballroom dance
wampum	shell beads used as currency
wan	pale and tired-looking
wand	a thin magic stick
wander	walk without a goal
wanderer	a person who roams around
wandering	moving without a fixed direction
wanderlust	a strong desire to travel
wane	a gradual decline
waning	gradually decreasing
wank	slang for masturbation
wanker	insulting term for fool
wannabe	a person imitating someone successful
wanton	reckless and unrestrained
wantonly	in a reckless unrestrained way
waratah	an Australian flowering shrub
warble	a trilling birdsong
warbler	a small singing bird
warden	a guarding official
warder	a prison guard
wardrobe	a cabinet for clothes
ware	goods for sale
warehouse	a large storage building
warehousing	storing goods in bulk
warfare	organized fighting between groups
warfarin	a blood-thinning medicine
warhead	missile's explosive tip
warhorse	an experienced battle horse
warily	with cautious watchfulness
wariness	cautious watchfulness
warlike	eager for war
warlock	a male sorcerer
warlord	a region's military ruler
warmed	made a bit hot
warmer	something that heats up
warming	getting hotter
warmly	in a friendly way
warmonger	someone who wants war
warmongering	pushing for war
warmth	gentle heat
warn	to tell of danger
warner	one who warns
warp	a twist or bend
warpath	on the way to fight
warped	bent out of shape
warping	bending out of shape
warplane	a fighting aircraft
warrant	an official permission paper
warranty	a fix-or-replace promise
warren	a maze of rabbit burrows
warring	fighting each other
warrior	a brave fighter
warship	a military boat
wart	a small hard skin bump
warthog	a wild African pig
wartime	the period of a war
warty	covered in small bumps
wary	careful and watchful
wasabi	a spicy green paste
washable	able to be washed
washboard	a ridged clothes-scrubbing board
washcloth	a small cloth for washing
washed	cleaned with water
washer	a machine that cleans clothes
washing	clothes being cleaned
washout	a failed event
washroom	a bathroom
washy	weak and watered down
wasp	a stinging flying insect
wastage	loss through waste
wastebasket	a small trash bin
wasted	used up for nothing
wasteful	using too much carelessly
wasteland	empty, ruined land
waster	someone who wastes things
wastewater	dirty used water
wasting	using up carelessly
watchdog	a guard dog or overseer
watcher	someone who watches
watchful	paying close attention
watchmaker	someone who builds clocks
watchman	a guard who keeps watch
watchtower	a tall guard post
watchword	a guiding motto
waterboarding	a harsh interrogation method
waterborne	carried by water
watercolor	paint mixed with water
watercolour	paint mixed with water
watercourse	a stream's path
watercraft	a boat or small ship
watercress	a peppery water plant
watered	mixed with water
waterfall	water falling from a height
waterfowl	birds that live near water
waterfront	land next to water
watering	giving water to
waterless	without water
waterline	the level water reaches
waterlogged	soaked through with water
waterloo	a final crushing defeat
waterman	someone who works on water
watermark	a faint background mark
watermelon	a large sweet juicy fruit
waterproof	keeping water out
waterproofing	making something keep water out
watershed	a turning point
waterside	the area next to water
waterskiing	skiing pulled behind a boat
watertight	sealed against water
waterway	a route for boats
waterworks	a water supply system
watery	full of water
watt	a unit of power
wattage	the amount of electrical power
wattle	woven sticks and branches
waveform	the shape of a wave
wavefront	the leading edge of a wave
waveguide	a channel that directs waves
wavelength	the distance between wave peaks
wavelet	a small wave
waver	someone who wavers
wavering	unsteady and uncertain
waving	moving back and forth
wavy	having curves or bends
waw	a Hebrew letter
wax	a soft substance for polishing
waxed	coated with a shiny layer
waxing	growing larger
waxy	like soft shiny wax
wayfarer	a traveler on foot
wayside	the edge of a road
wayward	stubborn and hard to control
weaken	to make less strong
weakened	made less strong
weakening	becoming less strong
weakling	a physically weak person
weakly	lacking strength
weakness	a lack of strength
weal	a red mark on skin
weald	a wooded countryside area
wealthy	having a lot of money
wean	to stop breastfeeding a baby
weaned	stopped from nursing
weaning	stopping breastfeeding
weaponize	to turn into a weapon
weaponry	weapons as a group
wearable	able to be worn
wearer	a person wearing something
wearied	made tired
wearily	in a tired way
weariness	a feeling of tiredness
weary	very tired
weasel	a small sneaky mammal
weathered	worn by exposure to weather
weatherly	sailing well against wind
weatherman	a person who forecasts weather
weatherproof	able to withstand weather
weave	a woven pattern
weaver	someone who weaves cloth
weaving	making cloth by weaving
webbed	joined by skin
webbing	strong flat woven strap
webby	full of webs
webcam	a small internet video camera
weber	a unit of magnetic flux
webmaster	someone who runs a website
webpage	a single internet document
wed	married
wedded	joined in marriage
wedge	a splitting or propping triangle
wedged	tightly stuck in place
wedgie	underwear pulled up uncomfortably
wedlock	the state of marriage
wee	very small
weeb	a person obsessed with anime
weed	an unwanted wild plant
weeds	unwanted wild plants
weedy	full of weeds
weekday	a non-weekend day
weekender	a short weekend trip
weeklong	lasting a week
weeknight	a work-week night
weenie	a small hotdog
weeny	very tiny
weep	to cry tears
weeping	crying tears
weepy	tending to cry easily
weevil	a small crop-damaging beetle
weft	the crosswise threads in weaving
weigh	to measure the heaviness of
weighing	measuring the heaviness of
weighted	given extra importance
weighting	giving extra importance
weightless	having no felt weight
weightlessness	feeling no weight
weightlifter	someone who lifts heavy weights
weightlifting	the sport of lifting weights
weighty	heavy or serious
weir	a small river dam
weirdly	in a strange way
weirdness	the quality of being strange
weirdo	a strange person
welch	to skip a debt
welcoming	friendly and inviting
weld	a heat-joined metal seam
welder	someone who joins metal with heat
welding	joining metal by heating it
wellbeing	health and happiness
wellhead	the top of a well
wellness	the state of being healthy
wellspring	a constant source
welsh	to skip a debt
welt	a raised mark on skin
welter	a confused jumble
welterweight	a boxing weight class
wen	a harmless skin lump
wench	an old word for a young woman
wend	to travel slowly
werewolf	a mythical wolf-man
westbound	traveling toward the west
wester	a wind from the west
westerly	coming from the west
westerner	a person from the west
westernmost	farthest to the west
westside	relating to the west side
westward	moving toward the west
westwards	toward the west
wether	a castrated male sheep
wetland	a marshy area of land
wetness	the state of being wet
wetter	something that makes things wet
wetting	making something wet
whack	a hard hit
whacked	hit hard
whacking	very large
whacky	odd and silly
whale	a huge sea mammal
whaler	a ship that hunts whales
wham	to hit with force
whammy	a sudden bad effect
wharf	a dock for loading ships
whatnot	miscellaneous things
whatsoever	at all
wheal	a raised mark on skin
wheat	a grain used for flour
wheatgrass	young wheat eaten as food
wheelbarrow	a one-wheeled cart
wheelbase	distance between vehicle axles
wheelchair	a wheeled chair for the disabled
wheeled	fitted with wheels
wheeler	a vehicle with wheels
wheelhouse	a person's area of expertise
wheeling	moving on wheels
wheelwright	someone who builds wheels
wheeze	a whistling breathing sound
wheezing	breathing with a whistling sound
wheezy	breathing with a whistle
whelp	a young dog or wolf
whence	from where
whereabouts	the location of someone
wherefore	the reason why
wherever	in any place
wherewithal	the means to do something
whet	to sharpen or stir up
whetstone	a stone for sharpening blades
whey	the watery part of milk
whiff	a faint smell
whim	a sudden urge
whimper	a soft crying sound
whimsical	playfully odd
whimsically	in a playfully odd way
whimsy	playful oddness
whine	a high complaining sound
whiner	someone who complains a lot
whiney	inclined to complain
whiny	inclined to complain
whip	a cord for striking
whiplash	a sudden neck injury
whipper	someone who whips
whippet	a small fast dog breed
whipping	a beating with a whip
whir	a low buzzing sound
whirl	a fast spinning motion
whirling	spinning quickly
whirlpool	a spinning current of water
whirlwind	a fast air column
whirr	a low buzzing sound
whirring	making a low buzzing sound
whish	to move with a soft rush
whisk	a tool for beating eggs
whisker	a stiff facial hair
whiskers	stiff facial hairs
whiskey	a strong alcoholic drink
whisky	a strong alcoholic drink
whisper	a very quiet voice
whispered	said very quietly
whisperer	someone who speaks very quietly
whispering	speaking very quietly
whist	a card game
whistle	a shrill-sound device
whistleblower	someone who exposes wrongdoing
whistler	someone who whistles
whistling	making a shrill musical sound
whit	a tiny amount
whitefish	a pale freshwater fish
whitehead	a small white skin pimple
whiten	to make white
whitened	made white
whiteness	the quality of being white
whitening	making something white
whiteout	snow-caused blindness
whitetail	a common deer species
whitewash	a cover-up of faults
whitewashed	covered up or painted white
whitewater	fast, foamy river rapids
whitey	a white person, often derogatory
whiting	a small white sea fish
whitish	somewhat white
whittle	to carve wood
whiz	an expert
whizz	an expert
whodunit	a mystery story
wholehearted	fully sincere and committed
wholeheartedly	with total sincerity
wholemeal	made from whole grain
wholeness	the state of being complete
wholesale	selling goods in bulk
wholesaler	a bulk goods seller
wholesome	good for health and morals
wholesomeness	being good and healthy
wholly	completely
whoop	a loud joyful shout
whoopee	an exclamation of joy
whoosh	a rushing sound
whopper	something very large
whopping	very large
whore	a prostitute
whorehouse	a brothel
whorl	a spiral shape
wick	the string in a candle
wicked	very bad or evil
wickedly	in an evil way
wickedness	evil behavior
wicker	woven twigs used for baskets
wicket	a small gate or target
wideband	spanning wide frequencies
widen	to make broader
widening	making broader
widespread	found in many places
widget	a small device or tool
widow	a woman whose husband died
widowed	having lost a spouse
widower	a man whose wife died
widowhood	being a widow
width	how wide something is
wield	to hold and use skillfully
wiener	a hotdog sausage
wig	a covering of fake hair
wiggle	a small side-to-side movement
wiggly	moving with small twists
wight	a living being
wigwam	a domed Native American tent
wildcat	risky and unauthorized
wildebeest	a large African antelope
wilderness	wild, uninhabited land
wildfire	a fast-spreading forest fire
wildflower	a flower growing wild
wildfowl	wild birds hunted for game
wilding	acting wild in a group
wildly	in an uncontrolled way
wildness	the quality of being wild
wile	a clever trick
wilful	stubbornly determined
wilfully	deliberately and stubbornly
willet	a large shorebird
willful	stubbornly determined
willfully	deliberately and stubbornly
willies	a feeling of nervous fear
willingly	without being forced
willingness	readiness to do something
willow	a tree with drooping branches
willpower	strength of self-control
wilt	to droop from thirst
wilted	drooped from lack of water
wilting	drooping from lack of water
wily	cleverly deceptive
wimp	a weak, timid person
wimpy	weak and timid
wince	a sudden flinch of pain
winch	a cable-pulling machine
windage	wind's effect on motion
windbreaker	a wind-blocking jacket
winded	out of breath
winder	a device for winding something
windfall	an unexpected gain
winding	twisting and turning
windlass	a load-hoisting machine
windmill	a machine turned by wind
windowpane	a window glass sheet
windowsill	the ledge under a window
windpipe	the tube for breathing air
windscreen	a car's front window
windshield	a car's front window
windstorm	a storm with strong winds
windswept	blown about by strong wind
windup	leading up to a finish
windward	facing the wind
windy	having strong wind
winemaker	someone who makes wine
winemaking	the process of making wine
winery	a wine-making place
wingback	a defensive sports position
winged	having wings
winger	a side-field player
wingless	without wings
wingman	a supportive companion
wingspan	the distance between wingtips
wink	a quick eye closing
winking	closing one eye quickly
winkle	a small edible sea snail
winless	without any wins
winnings	money won in a game
winnowing	separating grain from chaff
wino	a person addicted to alcohol
winsome	charming and appealing
wintergreen	a minty-smelling plant
wintertime	the winter season
wintery	cold like winter
wintry	cold like winter
wipe	a quick cleaning motion
wipeout	a bad fall or crash
wiper	a windshield-clearing blade
wired	tense with nervous energy
wireless	without connecting wires
wiretap	a hidden phone listening device
wiring	a system of electrical wires
wiry	thin but strong and tough
wisely	in a smart, sensible way
wishbone	a v-shaped bird bone
wishful	hoping for something unlikely
wishing	hoping for something
wisp	a thin strand
wispy	thin and light like smoke
wisteria	a climbing flowering vine
wistful	sadly longing for something
wistfully	in a sadly longing way
wit	quick, clever humor
witch	a woman with magic powers
witchcraft	the use of magic spells
witchery	magical or bewitching power
witching	magical or bewitching
withal	in addition to that
withdraw	to pull back or leave
withdrawal	the act of pulling back
withdrawn	quiet and unsociable
withe	a tying twig
wither	to shrivel and dry up
withered	shriveled and dried up
withering	harshly scornful
withers	a horse's shoulder ridge
withhold	to hold back
withholding	holding something back
withstand	to resist unharmed
witless	foolish and lacking sense
wits	one's ability to think clearly
wittily	in a cleverly funny way
witty	cleverly funny
wiz	an expert at something
wizard	skillfully magical
wizardry	great skill or magic
wizened	shriveled with age
wobble	an unsteady shaking movement
wobbling	shaking unsteadily
wobbly	shaky and unsteady
woe	great sorrow or trouble
woeful	very sad or pitiful
woefully	in a very sad way
wog	a slur for a foreigner
wok	a round frying pan
wold	open rolling hills
wolfman	a wolf-turning man
wolfram	a metal also called tungsten
wolverine	a fierce, weasel-like animal
womanhood	being a woman
womanizer	a woman-chasing man
womankind	women as a group
womanly	having qualities typical of women
womb	the organ where babies grow
wombat	a stocky burrowing Australian animal
wonderfully	in an excellent, delightful way
wonderland	a magical, amazing place
wonderment	a feeling of awe
wondrous	inspiring wonder and awe
wonk	a detail-obsessed person
wonky	shaky, crooked, or unreliable
wont	a usual habit or custom
wonton	a small filled dumpling
woo	to pursue someone's love
woodbine	a climbing honeysuckle plant
woodchuck	a small burrowing rodent
woodcock	a long-billed woodland bird
woodcraft	skill in forest survival
woodcut	a carved-wood print
woodcutter	a person who chops wood
wooded	covered with trees
woodland	an area covered with trees
woodman	a forest worker
woodpecker	a tree-pecking bird
woodruff	a small fragrant woodland herb
woodshed	a shed for storing firewood
woodsman	a forest-skilled person
woodsy	having a forest-like feel
woodwind	a blown musical instrument
woodwork	things made of wood
woodworker	a wood-crafting person
woodworking	the craft of wood-crafting
woody	made of or resembling wood
woof	a dog's barking sound
woofer	a loudspeaker for low sounds
wooing	the act of courting someone
wool	soft hair from sheep
woolen	made from sheep's wool
woollen	made from sheep's wool
woolly	covered in thick soft hair
wooly	covered in thick soft hair
woozy	dizzy and unsteady
wop	a slur for an italian
wording	the specific words used
wordless	said without using words
wordlessly	without speaking any words
wordplay	clever, humorous use of words
wordsmith	a skilled user of words
wordy	using too many words
workable	able to be done successfully
workaday	ordinary and everyday
workaholic	someone who works excessively
workbench	a sturdy table for working
workbook	a book with practice exercises
workday	a normal day of work
workflow	steps in a work process
workforce	all workers at a place
workhorse	a reliable hard worker
workhouse	a former poorhouse
workings	inner processes of something
workload	amount of work to do
workman	a manual laborer
workmanlike	competent and skillfully done
workmanship	skill in making something
workout	a session of physical exercise
workpiece	an object being worked on
workplace	a place where people work
workroom	a room used for work
worksheet	a page of practice exercises
workshop	a making or repair place
workspace	a working area
workstation	a work computer setup
workwear	clothing worn for manual work
workweek	days worked weekly
worldliness	experience and sophistication about life
worldly	experienced and sophisticated
worm	a small legless crawling creature
wormhole	a space-time shortcut
wormwood	a bitter herb plant
wormy	infested with worms
worn	damaged from long use
worrier	a person who worries often
worrisome	causing worry or concern
worrying	causing anxiety or concern
worryingly	in a concerning way
worsen	to become worse
worsened	made worse
worsening	becoming worse
worship	deep respect and adoration
worshiper	a person who worships
worshipful	showing deep respect or adoration
worshipped	deeply respected and adored
worshipper	a person who worships
worsted	a smooth wool fabric
wort	a plant or unfermented beer
worthiness	the quality of deserving respect
worthless	having no value
worthlessness	having no value
worthwhile	worth the effort
worthy	deserving respect or attention
wound	injured or hurt
wounding	causing physical or emotional hurt
woven	made by weaving threads together
wpm	words typed per minute
wrack	seaweed washed onto shore
wraith	a pale ghostly figure
wrangle	a long, complicated argument
wrangler	a person who herds livestock
wrangling	arguing over something at length
wrap	a covering garment
wraparound	something enclosing all around
wrapped	covered or enclosed in something
wrapper	a covering for a product
wrapping	material used to cover something
wrasse	a colorful tropical fish
wrath	intense anger
wrathful	full of intense anger
wreak	to cause damage or harm
wreath	a circular flower ring
wreck	a badly damaged vehicle
wreckage	the remains of something destroyed
wrecked	badly damaged or ruined
wrecker	a car-towing vehicle
wrecking	destroying or demolishing something
wren	a small brown songbird
wrench	a tool for turning bolts
wrenching	causing severe emotional pain
wrest	to forcefully take away
wrestle	a struggle to overpower someone
wrestler	a wrestling competitor
wrestling	a sport of grappling opponents
wretch	a very unfortunate, pitiful person
wretched	very unhappy or miserable
wretchedness	a state of misery
wriggle	a quick twisting, squirming movement
wriggling	twisting and squirming
wright	a skilled maker or builder
wring	to twist out liquid
wringer	a liquid-squeezing device
wrinkle	a small crease or fold
wrinkled	covered in small creases
wrinkly	full of small creases
wrist	the hand-arm joint
wristband	a wrist-worn band
wristwatch	a wrist-worn watch
writ	a formal legal document
writhe	to twist in pain
writhed	twisted the body in pain
writhing	twisting the body in pain
wrongdoing	illegal or immoral behavior
wrongful	unjust or illegal
wrongfully	unjustly or illegally
wrongly	incorrectly or unfairly
wrongness	the quality of being incorrect
wroth	deeply angry
wrought	shaped or made carefully
wry	dryly mocking or ironic
wryly	in a dryly mocking way
wuss	a weak or timid person
wye	a y-shaped junction or fitting
wyvern	a mythical two-legged dragon
xenon	a rare colorless gas
xenophobia	fear or hatred of foreigners
xenophobic	fearful or hateful of foreigners
xerox	a photocopy of a document
xii	the number twelve
xiii	the number thirteen
xiv	the number fourteen
xix	the number nineteen
xli	the number forty-one
xlii	the number forty-two
xliii	the number forty-three
xlv	the number forty-five
xlvi	the number forty-six
xlvii	the number forty-seven
xlviii	the number forty-eight
xvi	the number sixteen
xvii	the number seventeen
xviii	the number eighteen
xxi	the number twenty-one
xxii	the number twenty-two
xxiii	the number twenty-three
xxiv	the number twenty-four
xxix	the number twenty-nine
xxv	the number twenty-five
xxvi	the number twenty-six
xxvii	the number twenty-seven
xxviii	the number twenty-eight
xxx	the number thirty
xxxi	the number thirty-one
xxxii	the number thirty-two
xxxiii	the number thirty-three
xxxiv	the number thirty-four
xxxv	the number thirty-five
xxxvi	the number thirty-six
xxxvii	the number thirty-seven
xxxviii	the number thirty-eight
xylem	plant tissue carrying water upward
xylene	a clear industrial solvent liquid
xylophone	a wooden-bar instrument
xylose	a wood sugar
yacht	a large private sailing boat
yachting	the sport of sailing yachts
yachtsman	a person who sails yachts
yagi	a directional radio antenna
yahoo	a rude, uncultured person
yak	a large shaggy mountain ox
yakuza	a Japanese organized crime group
yam	a starchy root vegetable
yammer	to complain or chatter loudly
yang	the active balancing force
yank	to pull suddenly and hard
yap	a sharp, high-pitched bark
yardage	a length measured in yards
yarder	a machine for hauling logs
yardstick	a measuring standard
yarn	spun thread for knitting
yarrow	a white-flowered wild herb
yaw	a side-to-side turning motion
yawl	a small sailing boat
yawn	an open-mouthed sleepy breath
yawning	widely opening the mouth
yea	a vote of agreement
yearbook	a school-year record book
yearling	a one-year-old animal
yearlong	lasting an entire year
yearly	happening once every year
yearn	to long for something deeply
yearning	a deep longing for something
yeast	a bread-rising fungus
yell	a loud shout
yelled	shouted loudly
yeller	a person who shouts loudly
yelling	shouting loudly
yellowed	turned yellow with age
yellowfin	a type of tuna fish
yellowish	somewhat yellow in color
yellowtail	a type of yellowish fish
yelp	a short sharp cry
yelping	making short sharp cries
yen	the currency of Japan
yeoman	a loyal, hardworking assistant
yeomanry	a group of loyal helpers
yer	a dialect form of your
yeshiva	a Jewish religious school
yesteryear	the recent past
yeti	a legendary ape-like snow creature
yew	a red-berried evergreen tree
yid	a slur for a jewish person
yield	the amount produced or grown
yielding	giving way easily
yin	the passive balancing force
yip	a short sharp bark
yips	sudden sports motor-control loss
yodel	rapid pitch-shifting singing
yodeling	singing with rapid pitch changes
yoga	stretching and breathing practice
yoghurt	a thick fermented milk food
yogi	a person who practices yoga
yogic	relating to yoga
yogurt	a thick fermented milk food
yokai	a Japanese supernatural creature
yoke	a bar joining animals
yolk	an egg's yellow center
yon	over there in the distance
yonder	over there in the distance
yore	the distant past
youngish	somewhat young
youngster	a young person or child
youthful	looking or feeling young
youthfulness	the quality of being young
yttrium	a silvery metallic element
yuan	the currency of China
yucca	a spiky desert plant
yucky	unpleasant or disgusting
yuga	a hindu cosmic age
yummy	very tasty
yuppie	a young ambitious professional
yurt	a round portable tent dwelling
zag	a zigzag's sharp turn
zaire	the former currency of Congo
zakat	an Islamic charitable donation
zaman	an era of time
zany	amusingly odd and unconventional
zap	a sudden burst of energy
zapper	a pest-eliminating device
zeal	great energy and enthusiasm
zealot	a person with fanatical devotion
zealous	full of eager enthusiasm
zealously	with eager enthusiasm
zebra	a striped African wild horse
zed	the letter z
zee	the letter z
zenith	the highest point reached
zeolite	a porous filtering mineral
zep	a large stuffed sandwich
zephyr	a gentle soft breeze
zeppelin	a large cigar-shaped airship
zest	enthusiastic energy and enjoyment
zesty	full of lively flavor
zeta	a greek letter
zig	a sharp direction turn
ziggurat	an ancient stepped pyramid temple
zigzag	turning sharply side to side
zilch	nothing at all
zillion	an extremely large number
zinc	a bluish-white metal element
zinfandel	a type of red wine
zing	lively energy or excitement
zinger	a sharp, witty remark
zinnia	a colorful garden flower
zip	fast speed or energy
zipper	a sliding fastener for clothing
zippo	a refillable pocket lighter
zippy	fast and full of energy
zircon	a hard gemstone mineral
zirconia	a hard synthetic crystal material
zirconium	a strong metallic element
zit	a small skin pimple
zither	a stringed instrument played flat
zloty	the currency of Poland
zodiac	twelve star signs circle
zodiacal	relating to the zodiac
zombie	a reanimated, mindless corpse
zona	a biological zone or layer
zonal	relating to a specific zone
zoning	land-use division rules
zoo	a park housing wild animals
zoological	relating to animal study
zoologist	a scientist who studies animals
zoology	the scientific study of animals
zoom	a rapid movement or increase
zoonotic	passable from animals to humans
zooplankton	tiny drifting animals in water
zoster	a painful viral rash, shingles
zucchini	a green summer squash
zygomatic	relating to the cheekbone
zygote	a fertilized egg cell
